Category,Experiment,Model,Model_Status,Feature_Count,Threshold,Evaluation_Protocol,Dataset_Split,Metric,Value,Unit,Notes
1. BASELINE MODEL,Frozen 17-Feature Baseline,RandomForestClassifier,Historical Baseline,17,0.5,Edge-Holdout (Strict Zero-Leakage),Held-Out Test Set,Accuracy,0.622,ratio,Test accuracy on 590 unseen held-out samples
1. BASELINE MODEL,Frozen 17-Feature Baseline,RandomForestClassifier,Historical Baseline,17,0.5,Edge-Holdout (Strict Zero-Leakage),Held-Out Test Set,Precision,0.7571,ratio,Test precision at default threshold tau=0.50
1. BASELINE MODEL,Frozen 17-Feature Baseline,RandomForestClassifier,Historical Baseline,17,0.5,Edge-Holdout (Strict Zero-Leakage),Held-Out Test Set,Recall,0.3593,ratio,Test recall (sensitivity) at default threshold tau=0.50
1. BASELINE MODEL,Frozen 17-Feature Baseline,RandomForestClassifier,Historical Baseline,17,0.5,Edge-Holdout (Strict Zero-Leakage),Held-Out Test Set,F1_Score,0.4874,score,Harmonic mean of precision and recall on test set
1. BASELINE MODEL,Frozen 17-Feature Baseline,RandomForestClassifier,Historical Baseline,17,0.5,Edge-Holdout (Strict Zero-Leakage),Held-Out Test Set,Specificity,0.8847,ratio,True negative rate on test set at tau=0.50
1. BASELINE MODEL,Frozen 17-Feature Baseline,RandomForestClassifier,Historical Baseline,17,0.5,Edge-Holdout (Strict Zero-Leakage),Held-Out Test Set,MCC,0.2869,coefficient,Matthews Correlation Coefficient on test set
1. BASELINE MODEL,Frozen 17-Feature Baseline,RandomForestClassifier,Historical Baseline,17,N/A,Edge-Holdout (Strict Zero-Leakage),Held-Out Test Set,ROC_AUC,0.6394,score,Area Under the Receiver Operating Characteristic Curve (threshold-independent)
1. BASELINE MODEL,Frozen 17-Feature Baseline,RandomForestClassifier,Historical Baseline,17,N/A,Edge-Holdout (Strict Zero-Leakage),Held-Out Test Set,PR_AUC,0.6719,score,Area Under the Precision-Recall Curve / Average Precision (threshold-independent)
1. BASELINE MODEL,Frozen 17-Feature Baseline,RandomForestClassifier,Historical Baseline,17,N/A,Edge-Holdout (Strict Zero-Leakage),Held-Out Test Set,Log_Loss,0.7248,loss,Binary cross-entropy loss on test set probabilities
1. BASELINE MODEL,Frozen 17-Feature Baseline,RandomForestClassifier,Historical Baseline,17,0.5,Edge-Holdout (Strict Zero-Leakage),Held-Out Test Set,True_Positives,106,count,Genuine positive relationships correctly identified
1. BASELINE MODEL,Frozen 17-Feature Baseline,RandomForestClassifier,Historical Baseline,17,0.5,Edge-Holdout (Strict Zero-Leakage),Held-Out Test Set,True_Negatives,261,count,Non-relationships correctly identified as negative
1. BASELINE MODEL,Frozen 17-Feature Baseline,RandomForestClassifier,Historical Baseline,17,0.5,Edge-Holdout (Strict Zero-Leakage),Held-Out Test Set,False_Positives,34,count,Negative pairs incorrectly predicted as positive
1. BASELINE MODEL,Frozen 17-Feature Baseline,RandomForestClassifier,Historical Baseline,17,0.5,Edge-Holdout (Strict Zero-Leakage),Held-Out Test Set,False_Negatives,189,count,Ground-truth positive links missed by the model
1. BASELINE MODEL,Frozen 17-Feature Baseline,RandomForestClassifier,Historical Baseline,17,N/A,Edge-Holdout (Strict Zero-Leakage),5-Fold Cross-Validation (Training Split),CV_ROC_AUC_Mean,0.6571,score,5-fold edge-level cross-validation ROC-AUC mean
1. BASELINE MODEL,Frozen 17-Feature Baseline,RandomForestClassifier,Historical Baseline,17,N/A,Edge-Holdout (Strict Zero-Leakage),5-Fold Cross-Validation (Training Split),CV_ROC_AUC_Std,0.0173,score,Standard deviation of 5-fold CV ROC-AUC
1. BASELINE MODEL,Frozen 17-Feature Baseline,RandomForestClassifier,Historical Baseline,17,N/A,Edge-Holdout (Strict Zero-Leakage),5-Fold Cross-Validation (Training Split),CV_PR_AUC_Mean,0.6619,score,5-fold edge-level CV PR-AUC mean
1. BASELINE MODEL,Frozen 17-Feature Baseline,RandomForestClassifier,Historical Baseline,17,N/A,Edge-Holdout (Strict Zero-Leakage),5-Fold Cross-Validation (Training Split),CV_PR_AUC_Std,0.0216,score,Standard deviation of 5-fold CV PR-AUC
1. BASELINE MODEL,Frozen 17-Feature Baseline,RandomForestClassifier,Historical Baseline,17,N/A,Edge-Holdout (Strict Zero-Leakage),5-Fold Cross-Validation (Training Split),CV_F1_Mean,0.4761,score,5-fold edge-level CV F1 score mean
1. BASELINE MODEL,Frozen 17-Feature Baseline,RandomForestClassifier,Historical Baseline,17,N/A,Edge-Holdout (Strict Zero-Leakage),5-Fold Cross-Validation (Training Split),CV_F1_Std,0.0352,score,Standard deviation of 5-fold CV F1 score
1. BASELINE MODEL,Frozen 17-Feature Baseline,RandomForestClassifier,Historical Baseline,17,N/A,Edge-Holdout (Strict Zero-Leakage),5-Fold Cross-Validation (Training Split),CV_Precision_Mean,0.7368,ratio,5-fold edge-level CV precision mean
1. BASELINE MODEL,Frozen 17-Feature Baseline,RandomForestClassifier,Historical Baseline,17,N/A,Edge-Holdout (Strict Zero-Leakage),5-Fold Cross-Validation (Training Split),CV_Recall_Mean,0.3525,ratio,5-fold edge-level CV recall mean
1. BASELINE MODEL,Frozen 17-Feature Baseline,RandomForestClassifier,Historical Baseline,17,N/A,Edge-Holdout (Strict Zero-Leakage),5-Fold Cross-Validation (Training Split),CV_Accuracy_Mean,0.6136,ratio,5-fold edge-level CV accuracy mean
2. CHAMPION MODEL,Production 14-Feature Champion,RandomForestClassifier,Production Champion,14,0.5,Edge-Holdout (Strict Zero-Leakage),Held-Out Test Set,Accuracy,0.6203,ratio,Test accuracy on 590 unseen held-out samples
2. CHAMPION MODEL,Production 14-Feature Champion,RandomForestClassifier,Production Champion,14,0.5,Edge-Holdout (Strict Zero-Leakage),Held-Out Test Set,Precision,0.6766,ratio,Test precision at default threshold tau=0.50
2. CHAMPION MODEL,Production 14-Feature Champion,RandomForestClassifier,Production Champion,14,0.5,Edge-Holdout (Strict Zero-Leakage),Held-Out Test Set,Recall,0.461,ratio,Test recall (sensitivity) at default threshold tau=0.50
2. CHAMPION MODEL,Production 14-Feature Champion,RandomForestClassifier,Production Champion,14,0.5,Edge-Holdout (Strict Zero-Leakage),Held-Out Test Set,F1_Score,0.5484,score,Harmonic mean of precision and recall on test set
2. CHAMPION MODEL,Production 14-Feature Champion,RandomForestClassifier,Production Champion,14,0.5,Edge-Holdout (Strict Zero-Leakage),Held-Out Test Set,Specificity,0.7797,ratio,True negative rate on test set at tau=0.50
2. CHAMPION MODEL,Production 14-Feature Champion,RandomForestClassifier,Production Champion,14,0.5,Edge-Holdout (Strict Zero-Leakage),Held-Out Test Set,MCC,0.2539,coefficient,Matthews Correlation Coefficient on test set
2. CHAMPION MODEL,Production 14-Feature Champion,RandomForestClassifier,Production Champion,14,N/A,Edge-Holdout (Strict Zero-Leakage),Held-Out Test Set,ROC_AUC,0.651,score,Area Under the Receiver Operating Characteristic Curve
2. CHAMPION MODEL,Production 14-Feature Champion,RandomForestClassifier,Production Champion,14,N/A,Edge-Holdout (Strict Zero-Leakage),Held-Out Test Set,PR_AUC,0.6871,score,Area Under the Precision-Recall Curve / Average Precision
2. CHAMPION MODEL,Production 14-Feature Champion,RandomForestClassifier,Production Champion,14,N/A,Edge-Holdout (Strict Zero-Leakage),Held-Out Test Set,Log_Loss,0.657,loss,Binary cross-entropy loss on test set probabilities
2. CHAMPION MODEL,Production 14-Feature Champion,RandomForestClassifier,Production Champion,14,0.5,Edge-Holdout (Strict Zero-Leakage),Held-Out Test Set,True_Positives,136,count,Genuine positive relationships correctly identified
2. CHAMPION MODEL,Production 14-Feature Champion,RandomForestClassifier,Production Champion,14,0.5,Edge-Holdout (Strict Zero-Leakage),Held-Out Test Set,True_Negatives,230,count,Non-relationships correctly identified as negative
2. CHAMPION MODEL,Production 14-Feature Champion,RandomForestClassifier,Production Champion,14,0.5,Edge-Holdout (Strict Zero-Leakage),Held-Out Test Set,False_Positives,65,count,Negative pairs incorrectly predicted as positive
2. CHAMPION MODEL,Production 14-Feature Champion,RandomForestClassifier,Production Champion,14,0.5,Edge-Holdout (Strict Zero-Leakage),Held-Out Test Set,False_Negatives,159,count,Ground-truth positive links missed by the model
2. CHAMPION MODEL,Production 14-Feature Champion,RandomForestClassifier,Production Champion,14,N/A,Edge-Holdout (Strict Zero-Leakage),5-Fold Cross-Validation (Training Split),CV_ROC_AUC_Mean,0.6612,score,5-fold edge-level cross-validation ROC-AUC mean
2. CHAMPION MODEL,Production 14-Feature Champion,RandomForestClassifier,Production Champion,14,N/A,Edge-Holdout (Strict Zero-Leakage),5-Fold Cross-Validation (Training Split),CV_ROC_AUC_Std,0.0134,score,Standard deviation of 5-fold CV ROC-AUC
2. CHAMPION MODEL,Production 14-Feature Champion,RandomForestClassifier,Production Champion,14,N/A,Edge-Holdout (Strict Zero-Leakage),5-Fold Cross-Validation (Training Split),CV_PR_AUC_Mean,0.6997,score,5-fold edge-level CV PR-AUC mean
2. CHAMPION MODEL,Production 14-Feature Champion,RandomForestClassifier,Production Champion,14,N/A,Edge-Holdout (Strict Zero-Leakage),5-Fold Cross-Validation (Training Split),CV_PR_AUC_Std,0.0196,score,Standard deviation of 5-fold CV PR-AUC
2. CHAMPION MODEL,Production 14-Feature Champion,RandomForestClassifier,Production Champion,14,N/A,Edge-Holdout (Strict Zero-Leakage),5-Fold Cross-Validation (Training Split),CV_F1_Mean,0.5569,score,5-fold edge-level CV F1 score mean
2. CHAMPION MODEL,Production 14-Feature Champion,RandomForestClassifier,Production Champion,14,N/A,Edge-Holdout (Strict Zero-Leakage),5-Fold Cross-Validation (Training Split),CV_F1_Std,0.0208,score,Standard deviation of 5-fold CV F1 score
2. CHAMPION MODEL,Production 14-Feature Champion,RandomForestClassifier,Production Champion,14,N/A,Edge-Holdout (Strict Zero-Leakage),5-Fold Cross-Validation (Training Split),CV_Precision_Mean,0.7013,ratio,5-fold edge-level CV precision mean
2. CHAMPION MODEL,Production 14-Feature Champion,RandomForestClassifier,Production Champion,14,N/A,Edge-Holdout (Strict Zero-Leakage),5-Fold Cross-Validation (Training Split),CV_Recall_Mean,0.4627,ratio,5-fold edge-level CV recall mean
2. CHAMPION MODEL,Production 14-Feature Champion,RandomForestClassifier,Production Champion,14,N/A,Edge-Holdout (Strict Zero-Leakage),5-Fold Cross-Validation (Training Split),CV_Accuracy_Mean,0.6322,ratio,5-fold edge-level CV accuracy mean
2. CHAMPION MODEL,Production 14-Feature Champion,RandomForestClassifier,Production Champion,14,N/A,Edge-Holdout (Strict Zero-Leakage),5-Fold Cross-Validation (Training Split),CV_MCC_Mean,0.2816,coefficient,5-fold edge-level CV MCC mean
3. BASELINE VS CHAMPION,Baseline vs Champion Delta,RandomForestClassifier,Comparison,17 vs 14,N/A,Edge-Holdout (Strict Zero-Leakage),Held-Out Test Set & CV,Delta_Test_ROC_AUC,0.0116,delta_score,Absolute increase in test ROC-AUC (0.6394 -> 0.6510)
3. BASELINE VS CHAMPION,Baseline vs Champion Delta,RandomForestClassifier,Comparison,17 vs 14,N/A,Edge-Holdout (Strict Zero-Leakage),Held-Out Test Set & CV,Delta_Test_PR_AUC,0.0152,delta_score,Absolute increase in test PR-AUC (0.6719 -> 0.6871)
3. BASELINE VS CHAMPION,Baseline vs Champion Delta,RandomForestClassifier,Comparison,17 vs 14,N/A,Edge-Holdout (Strict Zero-Leakage),Held-Out Test Set & CV,Delta_Test_Recall_at_0_50,0.1017,delta_ratio,"Absolute increase in test recall at tau=0.50 (35.93% -> 46.10%, +30 links found)"
3. BASELINE VS CHAMPION,Baseline vs Champion Delta,RandomForestClassifier,Comparison,17 vs 14,N/A,Edge-Holdout (Strict Zero-Leakage),Held-Out Test Set & CV,Delta_Test_Precision_at_0_50,-0.0805,delta_ratio,Change in test precision at tau=0.50 (75.71% -> 67.66%)
3. BASELINE VS CHAMPION,Baseline vs Champion Delta,RandomForestClassifier,Comparison,17 vs 14,N/A,Edge-Holdout (Strict Zero-Leakage),Held-Out Test Set & CV,Delta_Test_F1_at_0_50,0.061,delta_score,"Absolute increase in test F1 score at tau=0.50 (0.4874 -> 0.5484, +12.5% relative)"
3. BASELINE VS CHAMPION,Baseline vs Champion Delta,RandomForestClassifier,Comparison,17 vs 14,N/A,Edge-Holdout (Strict Zero-Leakage),Held-Out Test Set & CV,Delta_Test_Log_Loss,-0.0678,delta_loss,Improvement in probability calibration (0.7248 -> 0.6570)
3. BASELINE VS CHAMPION,Baseline vs Champion Delta,RandomForestClassifier,Comparison,17 vs 14,N/A,Edge-Holdout (Strict Zero-Leakage),Held-Out Test Set & CV,Delta_CV_ROC_AUC,0.0041,delta_score,CV ROC-AUC change across 5 folds (0.6571 -> 0.6612)
3. BASELINE VS CHAMPION,Baseline vs Champion Delta,RandomForestClassifier,Comparison,17 vs 14,N/A,Edge-Holdout (Strict Zero-Leakage),Held-Out Test Set & CV,Delta_CV_PR_AUC,0.0378,delta_score,"CV PR-AUC change across 5 folds (0.6619 -> 0.6997, +5.7% relative)"
4. THRESHOLD ANALYSIS,OOF Sensitivity @ tau=0.20,RandomForestClassifier,Production Champion,14,0.2,Graph-Aware 5-Fold OOF,Out-Of-Fold Validation (Training Split),OOF_Precision,0.5032,ratio,Out-of-fold validation metric evaluated at threshold 0.20
4. THRESHOLD ANALYSIS,OOF Sensitivity @ tau=0.20,RandomForestClassifier,Production Champion,14,0.2,Graph-Aware 5-Fold OOF,Out-Of-Fold Validation (Training Split),OOF_Recall,0.9856,ratio,Out-of-fold validation metric evaluated at threshold 0.20
4. THRESHOLD ANALYSIS,OOF Sensitivity @ tau=0.20,RandomForestClassifier,Production Champion,14,0.2,Graph-Aware 5-Fold OOF,Out-Of-Fold Validation (Training Split),OOF_F1_Score,0.6663,score,Out-of-fold validation metric evaluated at threshold 0.20
4. THRESHOLD ANALYSIS,OOF Sensitivity @ tau=0.20,RandomForestClassifier,Production Champion,14,0.2,Graph-Aware 5-Fold OOF,Out-Of-Fold Validation (Training Split),OOF_Specificity,0.0271,ratio,Out-of-fold validation metric evaluated at threshold 0.20
4. THRESHOLD ANALYSIS,OOF Sensitivity @ tau=0.20,RandomForestClassifier,Production Champion,14,0.2,Graph-Aware 5-Fold OOF,Out-Of-Fold Validation (Training Split),OOF_MCC,0.0446,coefficient,Out-of-fold validation metric evaluated at threshold 0.20
4. THRESHOLD ANALYSIS,OOF Sensitivity @ tau=0.20,RandomForestClassifier,Production Champion,14,0.2,Graph-Aware 5-Fold OOF,Out-Of-Fold Validation (Training Split),OOF_TP,1163,count,Out-of-fold validation metric evaluated at threshold 0.20
4. THRESHOLD ANALYSIS,OOF Sensitivity @ tau=0.20,RandomForestClassifier,Production Champion,14,0.2,Graph-Aware 5-Fold OOF,Out-Of-Fold Validation (Training Split),OOF_TN,32,count,Out-of-fold validation metric evaluated at threshold 0.20
4. THRESHOLD ANALYSIS,OOF Sensitivity @ tau=0.20,RandomForestClassifier,Production Champion,14,0.2,Graph-Aware 5-Fold OOF,Out-Of-Fold Validation (Training Split),OOF_FP,1148,count,Out-of-fold validation metric evaluated at threshold 0.20
4. THRESHOLD ANALYSIS,OOF Sensitivity @ tau=0.20,RandomForestClassifier,Production Champion,14,0.2,Graph-Aware 5-Fold OOF,Out-Of-Fold Validation (Training Split),OOF_FN,17,count,Out-of-fold validation metric evaluated at threshold 0.20
4. THRESHOLD ANALYSIS,OOF Sensitivity @ tau=0.25,RandomForestClassifier,Production Champion,14,0.25,Graph-Aware 5-Fold OOF,Out-Of-Fold Validation (Training Split),OOF_Precision,0.507,ratio,Out-of-fold validation metric evaluated at threshold 0.25
4. THRESHOLD ANALYSIS,OOF Sensitivity @ tau=0.25,RandomForestClassifier,Production Champion,14,0.25,Graph-Aware 5-Fold OOF,Out-Of-Fold Validation (Training Split),OOF_Recall,0.9458,ratio,Out-of-fold validation metric evaluated at threshold 0.25
4. THRESHOLD ANALYSIS,OOF Sensitivity @ tau=0.25,RandomForestClassifier,Production Champion,14,0.25,Graph-Aware 5-Fold OOF,Out-Of-Fold Validation (Training Split),OOF_F1_Score,0.6602,score,Out-of-fold validation metric evaluated at threshold 0.25
4. THRESHOLD ANALYSIS,OOF Sensitivity @ tau=0.25,RandomForestClassifier,Production Champion,14,0.25,Graph-Aware 5-Fold OOF,Out-Of-Fold Validation (Training Split),OOF_Specificity,0.0805,ratio,Out-of-fold validation metric evaluated at threshold 0.25
4. THRESHOLD ANALYSIS,OOF Sensitivity @ tau=0.25,RandomForestClassifier,Production Champion,14,0.25,Graph-Aware 5-Fold OOF,Out-Of-Fold Validation (Training Split),OOF_MCC,0.0524,coefficient,Out-of-fold validation metric evaluated at threshold 0.25
4. THRESHOLD ANALYSIS,OOF Sensitivity @ tau=0.25,RandomForestClassifier,Production Champion,14,0.25,Graph-Aware 5-Fold OOF,Out-Of-Fold Validation (Training Split),OOF_TP,1116,count,Out-of-fold validation metric evaluated at threshold 0.25
4. THRESHOLD ANALYSIS,OOF Sensitivity @ tau=0.25,RandomForestClassifier,Production Champion,14,0.25,Graph-Aware 5-Fold OOF,Out-Of-Fold Validation (Training Split),OOF_TN,95,count,Out-of-fold validation metric evaluated at threshold 0.25
4. THRESHOLD ANALYSIS,OOF Sensitivity @ tau=0.25,RandomForestClassifier,Production Champion,14,0.25,Graph-Aware 5-Fold OOF,Out-Of-Fold Validation (Training Split),OOF_FP,1085,count,Out-of-fold validation metric evaluated at threshold 0.25
4. THRESHOLD ANALYSIS,OOF Sensitivity @ tau=0.25,RandomForestClassifier,Production Champion,14,0.25,Graph-Aware 5-Fold OOF,Out-Of-Fold Validation (Training Split),OOF_FN,64,count,Out-of-fold validation metric evaluated at threshold 0.25
4. THRESHOLD ANALYSIS,OOF Sensitivity @ tau=0.30,RandomForestClassifier,Production Champion,14,0.3,Graph-Aware 5-Fold OOF,Out-Of-Fold Validation (Training Split),OOF_Precision,0.5181,ratio,Out-of-fold validation metric evaluated at threshold 0.30
4. THRESHOLD ANALYSIS,OOF Sensitivity @ tau=0.30,RandomForestClassifier,Production Champion,14,0.3,Graph-Aware 5-Fold OOF,Out-Of-Fold Validation (Training Split),OOF_Recall,0.8983,ratio,Out-of-fold validation metric evaluated at threshold 0.30
4. THRESHOLD ANALYSIS,OOF Sensitivity @ tau=0.30,RandomForestClassifier,Production Champion,14,0.3,Graph-Aware 5-Fold OOF,Out-Of-Fold Validation (Training Split),OOF_F1_Score,0.6572,score,Out-of-fold validation metric evaluated at threshold 0.30
4. THRESHOLD ANALYSIS,OOF Sensitivity @ tau=0.30,RandomForestClassifier,Production Champion,14,0.3,Graph-Aware 5-Fold OOF,Out-Of-Fold Validation (Training Split),OOF_Specificity,0.1644,ratio,Out-of-fold validation metric evaluated at threshold 0.30
4. THRESHOLD ANALYSIS,OOF Sensitivity @ tau=0.30,RandomForestClassifier,Production Champion,14,0.3,Graph-Aware 5-Fold OOF,Out-Of-Fold Validation (Training Split),OOF_MCC,0.0923,coefficient,Out-of-fold validation metric evaluated at threshold 0.30
4. THRESHOLD ANALYSIS,OOF Sensitivity @ tau=0.30,RandomForestClassifier,Production Champion,14,0.3,Graph-Aware 5-Fold OOF,Out-Of-Fold Validation (Training Split),OOF_TP,1060,count,Out-of-fold validation metric evaluated at threshold 0.30
4. THRESHOLD ANALYSIS,OOF Sensitivity @ tau=0.30,RandomForestClassifier,Production Champion,14,0.3,Graph-Aware 5-Fold OOF,Out-Of-Fold Validation (Training Split),OOF_TN,194,count,Out-of-fold validation metric evaluated at threshold 0.30
4. THRESHOLD ANALYSIS,OOF Sensitivity @ tau=0.30,RandomForestClassifier,Production Champion,14,0.3,Graph-Aware 5-Fold OOF,Out-Of-Fold Validation (Training Split),OOF_FP,986,count,Out-of-fold validation metric evaluated at threshold 0.30
4. THRESHOLD ANALYSIS,OOF Sensitivity @ tau=0.30,RandomForestClassifier,Production Champion,14,0.3,Graph-Aware 5-Fold OOF,Out-Of-Fold Validation (Training Split),OOF_FN,120,count,Out-of-fold validation metric evaluated at threshold 0.30
4. THRESHOLD ANALYSIS,OOF Sensitivity @ tau=0.35,RandomForestClassifier,Production Champion,14,0.35,Graph-Aware 5-Fold OOF,Out-Of-Fold Validation (Training Split),OOF_Precision,0.5362,ratio,Out-of-fold validation metric evaluated at threshold 0.35
4. THRESHOLD ANALYSIS,OOF Sensitivity @ tau=0.35,RandomForestClassifier,Production Champion,14,0.35,Graph-Aware 5-Fold OOF,Out-Of-Fold Validation (Training Split),OOF_Recall,0.8042,ratio,Out-of-fold validation metric evaluated at threshold 0.35
4. THRESHOLD ANALYSIS,OOF Sensitivity @ tau=0.35,RandomForestClassifier,Production Champion,14,0.35,Graph-Aware 5-Fold OOF,Out-Of-Fold Validation (Training Split),OOF_F1_Score,0.6434,score,Out-of-fold validation metric evaluated at threshold 0.35
4. THRESHOLD ANALYSIS,OOF Sensitivity @ tau=0.35,RandomForestClassifier,Production Champion,14,0.35,Graph-Aware 5-Fold OOF,Out-Of-Fold Validation (Training Split),OOF_Specificity,0.3042,ratio,Out-of-fold validation metric evaluated at threshold 0.35
4. THRESHOLD ANALYSIS,OOF Sensitivity @ tau=0.35,RandomForestClassifier,Production Champion,14,0.35,Graph-Aware 5-Fold OOF,Out-Of-Fold Validation (Training Split),OOF_MCC,0.1253,coefficient,Out-of-fold validation metric evaluated at threshold 0.35
4. THRESHOLD ANALYSIS,OOF Sensitivity @ tau=0.35,RandomForestClassifier,Production Champion,14,0.35,Graph-Aware 5-Fold OOF,Out-Of-Fold Validation (Training Split),OOF_TP,949,count,Out-of-fold validation metric evaluated at threshold 0.35
4. THRESHOLD ANALYSIS,OOF Sensitivity @ tau=0.35,RandomForestClassifier,Production Champion,14,0.35,Graph-Aware 5-Fold OOF,Out-Of-Fold Validation (Training Split),OOF_TN,359,count,Out-of-fold validation metric evaluated at threshold 0.35
4. THRESHOLD ANALYSIS,OOF Sensitivity @ tau=0.35,RandomForestClassifier,Production Champion,14,0.35,Graph-Aware 5-Fold OOF,Out-Of-Fold Validation (Training Split),OOF_FP,821,count,Out-of-fold validation metric evaluated at threshold 0.35
4. THRESHOLD ANALYSIS,OOF Sensitivity @ tau=0.35,RandomForestClassifier,Production Champion,14,0.35,Graph-Aware 5-Fold OOF,Out-Of-Fold Validation (Training Split),OOF_FN,231,count,Out-of-fold validation metric evaluated at threshold 0.35
4. THRESHOLD ANALYSIS,OOF Sensitivity @ tau=0.40,RandomForestClassifier,Production Champion,14,0.4,Graph-Aware 5-Fold OOF,Out-Of-Fold Validation (Training Split),OOF_Precision,0.5797,ratio,Out-of-fold validation metric evaluated at threshold 0.40
4. THRESHOLD ANALYSIS,OOF Sensitivity @ tau=0.40,RandomForestClassifier,Production Champion,14,0.4,Graph-Aware 5-Fold OOF,Out-Of-Fold Validation (Training Split),OOF_Recall,0.6907,ratio,Out-of-fold validation metric evaluated at threshold 0.40
4. THRESHOLD ANALYSIS,OOF Sensitivity @ tau=0.40,RandomForestClassifier,Production Champion,14,0.4,Graph-Aware 5-Fold OOF,Out-Of-Fold Validation (Training Split),OOF_F1_Score,0.6303,score,Out-of-fold validation metric evaluated at threshold 0.40
4. THRESHOLD ANALYSIS,OOF Sensitivity @ tau=0.40,RandomForestClassifier,Production Champion,14,0.4,Graph-Aware 5-Fold OOF,Out-Of-Fold Validation (Training Split),OOF_Specificity,0.4992,ratio,Out-of-fold validation metric evaluated at threshold 0.40
4. THRESHOLD ANALYSIS,OOF Sensitivity @ tau=0.40,RandomForestClassifier,Production Champion,14,0.4,Graph-Aware 5-Fold OOF,Out-Of-Fold Validation (Training Split),OOF_MCC,0.1934,coefficient,Out-of-fold validation metric evaluated at threshold 0.40
4. THRESHOLD ANALYSIS,OOF Sensitivity @ tau=0.40,RandomForestClassifier,Production Champion,14,0.4,Graph-Aware 5-Fold OOF,Out-Of-Fold Validation (Training Split),OOF_TP,815,count,Out-of-fold validation metric evaluated at threshold 0.40
4. THRESHOLD ANALYSIS,OOF Sensitivity @ tau=0.40,RandomForestClassifier,Production Champion,14,0.4,Graph-Aware 5-Fold OOF,Out-Of-Fold Validation (Training Split),OOF_TN,589,count,Out-of-fold validation metric evaluated at threshold 0.40
4. THRESHOLD ANALYSIS,OOF Sensitivity @ tau=0.40,RandomForestClassifier,Production Champion,14,0.4,Graph-Aware 5-Fold OOF,Out-Of-Fold Validation (Training Split),OOF_FP,591,count,Out-of-fold validation metric evaluated at threshold 0.40
4. THRESHOLD ANALYSIS,OOF Sensitivity @ tau=0.40,RandomForestClassifier,Production Champion,14,0.4,Graph-Aware 5-Fold OOF,Out-Of-Fold Validation (Training Split),OOF_FN,365,count,Out-of-fold validation metric evaluated at threshold 0.40
4. THRESHOLD ANALYSIS,OOF Sensitivity @ tau=0.45,RandomForestClassifier,Production Champion,14,0.45,Graph-Aware 5-Fold OOF,Out-Of-Fold Validation (Training Split),OOF_Precision,0.6374,ratio,Out-of-fold validation metric evaluated at threshold 0.45
4. THRESHOLD ANALYSIS,OOF Sensitivity @ tau=0.45,RandomForestClassifier,Production Champion,14,0.45,Graph-Aware 5-Fold OOF,Out-Of-Fold Validation (Training Split),OOF_Recall,0.5661,ratio,Out-of-fold validation metric evaluated at threshold 0.45
4. THRESHOLD ANALYSIS,OOF Sensitivity @ tau=0.45,RandomForestClassifier,Production Champion,14,0.45,Graph-Aware 5-Fold OOF,Out-Of-Fold Validation (Training Split),OOF_F1_Score,0.5996,score,Out-of-fold validation metric evaluated at threshold 0.45
4. THRESHOLD ANALYSIS,OOF Sensitivity @ tau=0.45,RandomForestClassifier,Production Champion,14,0.45,Graph-Aware 5-Fold OOF,Out-Of-Fold Validation (Training Split),OOF_Specificity,0.678,ratio,Out-of-fold validation metric evaluated at threshold 0.45
4. THRESHOLD ANALYSIS,OOF Sensitivity @ tau=0.45,RandomForestClassifier,Production Champion,14,0.45,Graph-Aware 5-Fold OOF,Out-Of-Fold Validation (Training Split),OOF_MCC,0.2456,coefficient,Out-of-fold validation metric evaluated at threshold 0.45
4. THRESHOLD ANALYSIS,OOF Sensitivity @ tau=0.45,RandomForestClassifier,Production Champion,14,0.45,Graph-Aware 5-Fold OOF,Out-Of-Fold Validation (Training Split),OOF_TP,668,count,Out-of-fold validation metric evaluated at threshold 0.45
4. THRESHOLD ANALYSIS,OOF Sensitivity @ tau=0.45,RandomForestClassifier,Production Champion,14,0.45,Graph-Aware 5-Fold OOF,Out-Of-Fold Validation (Training Split),OOF_TN,800,count,Out-of-fold validation metric evaluated at threshold 0.45
4. THRESHOLD ANALYSIS,OOF Sensitivity @ tau=0.45,RandomForestClassifier,Production Champion,14,0.45,Graph-Aware 5-Fold OOF,Out-Of-Fold Validation (Training Split),OOF_FP,380,count,Out-of-fold validation metric evaluated at threshold 0.45
4. THRESHOLD ANALYSIS,OOF Sensitivity @ tau=0.45,RandomForestClassifier,Production Champion,14,0.45,Graph-Aware 5-Fold OOF,Out-Of-Fold Validation (Training Split),OOF_FN,512,count,Out-of-fold validation metric evaluated at threshold 0.45
4. THRESHOLD ANALYSIS,OOF Sensitivity @ tau=0.50,RandomForestClassifier,Production Champion,14,0.5,Graph-Aware 5-Fold OOF,Out-Of-Fold Validation (Training Split),OOF_Precision,0.7,ratio,Out-of-fold validation metric evaluated at threshold 0.50
4. THRESHOLD ANALYSIS,OOF Sensitivity @ tau=0.50,RandomForestClassifier,Production Champion,14,0.5,Graph-Aware 5-Fold OOF,Out-Of-Fold Validation (Training Split),OOF_Recall,0.4627,ratio,Out-of-fold validation metric evaluated at threshold 0.50
4. THRESHOLD ANALYSIS,OOF Sensitivity @ tau=0.50,RandomForestClassifier,Production Champion,14,0.5,Graph-Aware 5-Fold OOF,Out-Of-Fold Validation (Training Split),OOF_F1_Score,0.5571,score,Out-of-fold validation metric evaluated at threshold 0.50
4. THRESHOLD ANALYSIS,OOF Sensitivity @ tau=0.50,RandomForestClassifier,Production Champion,14,0.5,Graph-Aware 5-Fold OOF,Out-Of-Fold Validation (Training Split),OOF_Specificity,0.8017,ratio,Out-of-fold validation metric evaluated at threshold 0.50
4. THRESHOLD ANALYSIS,OOF Sensitivity @ tau=0.50,RandomForestClassifier,Production Champion,14,0.5,Graph-Aware 5-Fold OOF,Out-Of-Fold Validation (Training Split),OOF_MCC,0.281,coefficient,Out-of-fold validation metric evaluated at threshold 0.50
4. THRESHOLD ANALYSIS,OOF Sensitivity @ tau=0.50,RandomForestClassifier,Production Champion,14,0.5,Graph-Aware 5-Fold OOF,Out-Of-Fold Validation (Training Split),OOF_TP,546,count,Out-of-fold validation metric evaluated at threshold 0.50
4. THRESHOLD ANALYSIS,OOF Sensitivity @ tau=0.50,RandomForestClassifier,Production Champion,14,0.5,Graph-Aware 5-Fold OOF,Out-Of-Fold Validation (Training Split),OOF_TN,946,count,Out-of-fold validation metric evaluated at threshold 0.50
4. THRESHOLD ANALYSIS,OOF Sensitivity @ tau=0.50,RandomForestClassifier,Production Champion,14,0.5,Graph-Aware 5-Fold OOF,Out-Of-Fold Validation (Training Split),OOF_FP,234,count,Out-of-fold validation metric evaluated at threshold 0.50
4. THRESHOLD ANALYSIS,OOF Sensitivity @ tau=0.50,RandomForestClassifier,Production Champion,14,0.5,Graph-Aware 5-Fold OOF,Out-Of-Fold Validation (Training Split),OOF_FN,634,count,Out-of-fold validation metric evaluated at threshold 0.50
4. THRESHOLD ANALYSIS,OOF Sensitivity @ tau=0.55,RandomForestClassifier,Production Champion,14,0.55,Graph-Aware 5-Fold OOF,Out-Of-Fold Validation (Training Split),OOF_Precision,0.7401,ratio,Out-of-fold validation metric evaluated at threshold 0.55
4. THRESHOLD ANALYSIS,OOF Sensitivity @ tau=0.55,RandomForestClassifier,Production Champion,14,0.55,Graph-Aware 5-Fold OOF,Out-Of-Fold Validation (Training Split),OOF_Recall,0.3788,ratio,Out-of-fold validation metric evaluated at threshold 0.55
4. THRESHOLD ANALYSIS,OOF Sensitivity @ tau=0.55,RandomForestClassifier,Production Champion,14,0.55,Graph-Aware 5-Fold OOF,Out-Of-Fold Validation (Training Split),OOF_F1_Score,0.5011,score,Out-of-fold validation metric evaluated at threshold 0.55
4. THRESHOLD ANALYSIS,OOF Sensitivity @ tau=0.55,RandomForestClassifier,Production Champion,14,0.55,Graph-Aware 5-Fold OOF,Out-Of-Fold Validation (Training Split),OOF_Specificity,0.8669,ratio,Out-of-fold validation metric evaluated at threshold 0.55
4. THRESHOLD ANALYSIS,OOF Sensitivity @ tau=0.55,RandomForestClassifier,Production Champion,14,0.55,Graph-Aware 5-Fold OOF,Out-Of-Fold Validation (Training Split),OOF_MCC,0.2816,coefficient,Out-of-fold validation metric evaluated at threshold 0.55
4. THRESHOLD ANALYSIS,OOF Sensitivity @ tau=0.55,RandomForestClassifier,Production Champion,14,0.55,Graph-Aware 5-Fold OOF,Out-Of-Fold Validation (Training Split),OOF_TP,447,count,Out-of-fold validation metric evaluated at threshold 0.55
4. THRESHOLD ANALYSIS,OOF Sensitivity @ tau=0.55,RandomForestClassifier,Production Champion,14,0.55,Graph-Aware 5-Fold OOF,Out-Of-Fold Validation (Training Split),OOF_TN,1023,count,Out-of-fold validation metric evaluated at threshold 0.55
4. THRESHOLD ANALYSIS,OOF Sensitivity @ tau=0.55,RandomForestClassifier,Production Champion,14,0.55,Graph-Aware 5-Fold OOF,Out-Of-Fold Validation (Training Split),OOF_FP,157,count,Out-of-fold validation metric evaluated at threshold 0.55
4. THRESHOLD ANALYSIS,OOF Sensitivity @ tau=0.55,RandomForestClassifier,Production Champion,14,0.55,Graph-Aware 5-Fold OOF,Out-Of-Fold Validation (Training Split),OOF_FN,733,count,Out-of-fold validation metric evaluated at threshold 0.55
4. THRESHOLD ANALYSIS,OOF Sensitivity @ tau=0.60,RandomForestClassifier,Production Champion,14,0.6,Graph-Aware 5-Fold OOF,Out-Of-Fold Validation (Training Split),OOF_Precision,0.787,ratio,Out-of-fold validation metric evaluated at threshold 0.60
4. THRESHOLD ANALYSIS,OOF Sensitivity @ tau=0.60,RandomForestClassifier,Production Champion,14,0.6,Graph-Aware 5-Fold OOF,Out-Of-Fold Validation (Training Split),OOF_Recall,0.3068,ratio,Out-of-fold validation metric evaluated at threshold 0.60
4. THRESHOLD ANALYSIS,OOF Sensitivity @ tau=0.60,RandomForestClassifier,Production Champion,14,0.6,Graph-Aware 5-Fold OOF,Out-Of-Fold Validation (Training Split),OOF_F1_Score,0.4415,score,Out-of-fold validation metric evaluated at threshold 0.60
4. THRESHOLD ANALYSIS,OOF Sensitivity @ tau=0.60,RandomForestClassifier,Production Champion,14,0.6,Graph-Aware 5-Fold OOF,Out-Of-Fold Validation (Training Split),OOF_Specificity,0.9169,ratio,Out-of-fold validation metric evaluated at threshold 0.60
4. THRESHOLD ANALYSIS,OOF Sensitivity @ tau=0.60,RandomForestClassifier,Production Champion,14,0.6,Graph-Aware 5-Fold OOF,Out-Of-Fold Validation (Training Split),OOF_MCC,0.2824,coefficient,Out-of-fold validation metric evaluated at threshold 0.60
4. THRESHOLD ANALYSIS,OOF Sensitivity @ tau=0.60,RandomForestClassifier,Production Champion,14,0.6,Graph-Aware 5-Fold OOF,Out-Of-Fold Validation (Training Split),OOF_TP,362,count,Out-of-fold validation metric evaluated at threshold 0.60
4. THRESHOLD ANALYSIS,OOF Sensitivity @ tau=0.60,RandomForestClassifier,Production Champion,14,0.6,Graph-Aware 5-Fold OOF,Out-Of-Fold Validation (Training Split),OOF_TN,1082,count,Out-of-fold validation metric evaluated at threshold 0.60
4. THRESHOLD ANALYSIS,OOF Sensitivity @ tau=0.60,RandomForestClassifier,Production Champion,14,0.6,Graph-Aware 5-Fold OOF,Out-Of-Fold Validation (Training Split),OOF_FP,98,count,Out-of-fold validation metric evaluated at threshold 0.60
4. THRESHOLD ANALYSIS,OOF Sensitivity @ tau=0.60,RandomForestClassifier,Production Champion,14,0.6,Graph-Aware 5-Fold OOF,Out-Of-Fold Validation (Training Split),OOF_FN,818,count,Out-of-fold validation metric evaluated at threshold 0.60
4. THRESHOLD ANALYSIS,OOF Sensitivity @ tau=0.65,RandomForestClassifier,Production Champion,14,0.65,Graph-Aware 5-Fold OOF,Out-Of-Fold Validation (Training Split),OOF_Precision,0.8388,ratio,Out-of-fold validation metric evaluated at threshold 0.65
4. THRESHOLD ANALYSIS,OOF Sensitivity @ tau=0.65,RandomForestClassifier,Production Champion,14,0.65,Graph-Aware 5-Fold OOF,Out-Of-Fold Validation (Training Split),OOF_Recall,0.2602,ratio,Out-of-fold validation metric evaluated at threshold 0.65
4. THRESHOLD ANALYSIS,OOF Sensitivity @ tau=0.65,RandomForestClassifier,Production Champion,14,0.65,Graph-Aware 5-Fold OOF,Out-Of-Fold Validation (Training Split),OOF_F1_Score,0.3972,score,Out-of-fold validation metric evaluated at threshold 0.65
4. THRESHOLD ANALYSIS,OOF Sensitivity @ tau=0.65,RandomForestClassifier,Production Champion,14,0.65,Graph-Aware 5-Fold OOF,Out-Of-Fold Validation (Training Split),OOF_Specificity,0.95,ratio,Out-of-fold validation metric evaluated at threshold 0.65
4. THRESHOLD ANALYSIS,OOF Sensitivity @ tau=0.65,RandomForestClassifier,Production Champion,14,0.65,Graph-Aware 5-Fold OOF,Out-Of-Fold Validation (Training Split),OOF_MCC,0.2903,coefficient,Out-of-fold validation metric evaluated at threshold 0.65
4. THRESHOLD ANALYSIS,OOF Sensitivity @ tau=0.65,RandomForestClassifier,Production Champion,14,0.65,Graph-Aware 5-Fold OOF,Out-Of-Fold Validation (Training Split),OOF_TP,307,count,Out-of-fold validation metric evaluated at threshold 0.65
4. THRESHOLD ANALYSIS,OOF Sensitivity @ tau=0.65,RandomForestClassifier,Production Champion,14,0.65,Graph-Aware 5-Fold OOF,Out-Of-Fold Validation (Training Split),OOF_TN,1121,count,Out-of-fold validation metric evaluated at threshold 0.65
4. THRESHOLD ANALYSIS,OOF Sensitivity @ tau=0.65,RandomForestClassifier,Production Champion,14,0.65,Graph-Aware 5-Fold OOF,Out-Of-Fold Validation (Training Split),OOF_FP,59,count,Out-of-fold validation metric evaluated at threshold 0.65
4. THRESHOLD ANALYSIS,OOF Sensitivity @ tau=0.65,RandomForestClassifier,Production Champion,14,0.65,Graph-Aware 5-Fold OOF,Out-Of-Fold Validation (Training Split),OOF_FN,873,count,Out-of-fold validation metric evaluated at threshold 0.65
4. THRESHOLD ANALYSIS,OOF Sensitivity @ tau=0.70,RandomForestClassifier,Production Champion,14,0.7,Graph-Aware 5-Fold OOF,Out-Of-Fold Validation (Training Split),OOF_Precision,0.8717,ratio,Out-of-fold validation metric evaluated at threshold 0.70
4. THRESHOLD ANALYSIS,OOF Sensitivity @ tau=0.70,RandomForestClassifier,Production Champion,14,0.7,Graph-Aware 5-Fold OOF,Out-Of-Fold Validation (Training Split),OOF_Recall,0.2246,ratio,Out-of-fold validation metric evaluated at threshold 0.70
4. THRESHOLD ANALYSIS,OOF Sensitivity @ tau=0.70,RandomForestClassifier,Production Champion,14,0.7,Graph-Aware 5-Fold OOF,Out-Of-Fold Validation (Training Split),OOF_F1_Score,0.3571,score,Out-of-fold validation metric evaluated at threshold 0.70
4. THRESHOLD ANALYSIS,OOF Sensitivity @ tau=0.70,RandomForestClassifier,Production Champion,14,0.7,Graph-Aware 5-Fold OOF,Out-Of-Fold Validation (Training Split),OOF_Specificity,0.9669,ratio,Out-of-fold validation metric evaluated at threshold 0.70
4. THRESHOLD ANALYSIS,OOF Sensitivity @ tau=0.70,RandomForestClassifier,Production Champion,14,0.7,Graph-Aware 5-Fold OOF,Out-Of-Fold Validation (Training Split),OOF_MCC,0.2859,coefficient,Out-of-fold validation metric evaluated at threshold 0.70
4. THRESHOLD ANALYSIS,OOF Sensitivity @ tau=0.70,RandomForestClassifier,Production Champion,14,0.7,Graph-Aware 5-Fold OOF,Out-Of-Fold Validation (Training Split),OOF_TP,265,count,Out-of-fold validation metric evaluated at threshold 0.70
4. THRESHOLD ANALYSIS,OOF Sensitivity @ tau=0.70,RandomForestClassifier,Production Champion,14,0.7,Graph-Aware 5-Fold OOF,Out-Of-Fold Validation (Training Split),OOF_TN,1141,count,Out-of-fold validation metric evaluated at threshold 0.70
4. THRESHOLD ANALYSIS,OOF Sensitivity @ tau=0.70,RandomForestClassifier,Production Champion,14,0.7,Graph-Aware 5-Fold OOF,Out-Of-Fold Validation (Training Split),OOF_FP,39,count,Out-of-fold validation metric evaluated at threshold 0.70
4. THRESHOLD ANALYSIS,OOF Sensitivity @ tau=0.70,RandomForestClassifier,Production Champion,14,0.7,Graph-Aware 5-Fold OOF,Out-Of-Fold Validation (Training Split),OOF_FN,915,count,Out-of-fold validation metric evaluated at threshold 0.70
4. THRESHOLD ANALYSIS,Test Evaluation @ tau=0.50,RandomForestClassifier,Production Champion,14,0.5,Edge-Holdout (Zero-Leakage),Held-Out Test Set,Test_Precision,0.6766,ratio,Final held-out test evaluation metric at decision threshold 0.50
4. THRESHOLD ANALYSIS,Test Evaluation @ tau=0.50,RandomForestClassifier,Production Champion,14,0.5,Edge-Holdout (Zero-Leakage),Held-Out Test Set,Test_Recall,0.461,ratio,Final held-out test evaluation metric at decision threshold 0.50
4. THRESHOLD ANALYSIS,Test Evaluation @ tau=0.50,RandomForestClassifier,Production Champion,14,0.5,Edge-Holdout (Zero-Leakage),Held-Out Test Set,Test_F1_Score,0.5484,score,Final held-out test evaluation metric at decision threshold 0.50
4. THRESHOLD ANALYSIS,Test Evaluation @ tau=0.50,RandomForestClassifier,Production Champion,14,0.5,Edge-Holdout (Zero-Leakage),Held-Out Test Set,Test_Specificity,0.7797,ratio,Final held-out test evaluation metric at decision threshold 0.50
4. THRESHOLD ANALYSIS,Test Evaluation @ tau=0.50,RandomForestClassifier,Production Champion,14,0.5,Edge-Holdout (Zero-Leakage),Held-Out Test Set,Test_MCC,0.2539,coefficient,Final held-out test evaluation metric at decision threshold 0.50
4. THRESHOLD ANALYSIS,Test Evaluation @ tau=0.50,RandomForestClassifier,Production Champion,14,0.5,Edge-Holdout (Zero-Leakage),Held-Out Test Set,Test_TP,136,count,Final held-out test evaluation metric at decision threshold 0.50
4. THRESHOLD ANALYSIS,Test Evaluation @ tau=0.50,RandomForestClassifier,Production Champion,14,0.5,Edge-Holdout (Zero-Leakage),Held-Out Test Set,Test_TN,230,count,Final held-out test evaluation metric at decision threshold 0.50
4. THRESHOLD ANALYSIS,Test Evaluation @ tau=0.50,RandomForestClassifier,Production Champion,14,0.5,Edge-Holdout (Zero-Leakage),Held-Out Test Set,Test_FP,65,count,Final held-out test evaluation metric at decision threshold 0.50
4. THRESHOLD ANALYSIS,Test Evaluation @ tau=0.50,RandomForestClassifier,Production Champion,14,0.5,Edge-Holdout (Zero-Leakage),Held-Out Test Set,Test_FN,159,count,Final held-out test evaluation metric at decision threshold 0.50
4. THRESHOLD ANALYSIS,Test Evaluation @ tau=0.40,RandomForestClassifier,Production Champion,14,0.4,Edge-Holdout (Zero-Leakage),Held-Out Test Set,Test_Precision,0.5714,ratio,Final held-out test evaluation metric at decision threshold 0.40
4. THRESHOLD ANALYSIS,Test Evaluation @ tau=0.40,RandomForestClassifier,Production Champion,14,0.4,Edge-Holdout (Zero-Leakage),Held-Out Test Set,Test_Recall,0.6644,ratio,Final held-out test evaluation metric at decision threshold 0.40
4. THRESHOLD ANALYSIS,Test Evaluation @ tau=0.40,RandomForestClassifier,Production Champion,14,0.4,Edge-Holdout (Zero-Leakage),Held-Out Test Set,Test_F1_Score,0.6144,score,Final held-out test evaluation metric at decision threshold 0.40
4. THRESHOLD ANALYSIS,Test Evaluation @ tau=0.40,RandomForestClassifier,Production Champion,14,0.4,Edge-Holdout (Zero-Leakage),Held-Out Test Set,Test_Specificity,0.5017,ratio,Final held-out test evaluation metric at decision threshold 0.40
4. THRESHOLD ANALYSIS,Test Evaluation @ tau=0.40,RandomForestClassifier,Production Champion,14,0.4,Edge-Holdout (Zero-Leakage),Held-Out Test Set,Test_MCC,0.1691,coefficient,Final held-out test evaluation metric at decision threshold 0.40
4. THRESHOLD ANALYSIS,Test Evaluation @ tau=0.40,RandomForestClassifier,Production Champion,14,0.4,Edge-Holdout (Zero-Leakage),Held-Out Test Set,Test_TP,196,count,Final held-out test evaluation metric at decision threshold 0.40
4. THRESHOLD ANALYSIS,Test Evaluation @ tau=0.40,RandomForestClassifier,Production Champion,14,0.4,Edge-Holdout (Zero-Leakage),Held-Out Test Set,Test_TN,148,count,Final held-out test evaluation metric at decision threshold 0.40
4. THRESHOLD ANALYSIS,Test Evaluation @ tau=0.40,RandomForestClassifier,Production Champion,14,0.4,Edge-Holdout (Zero-Leakage),Held-Out Test Set,Test_FP,147,count,Final held-out test evaluation metric at decision threshold 0.40
4. THRESHOLD ANALYSIS,Test Evaluation @ tau=0.40,RandomForestClassifier,Production Champion,14,0.4,Edge-Holdout (Zero-Leakage),Held-Out Test Set,Test_FN,99,count,Final held-out test evaluation metric at decision threshold 0.40
4. THRESHOLD ANALYSIS,Test Evaluation @ tau=0.30,RandomForestClassifier,Production Champion,14,0.3,Edge-Holdout (Zero-Leakage),Held-Out Test Set,Test_Precision,0.589,ratio,Final held-out test evaluation metric at decision threshold 0.30
4. THRESHOLD ANALYSIS,Test Evaluation @ tau=0.30,RandomForestClassifier,Production Champion,14,0.3,Edge-Holdout (Zero-Leakage),Held-Out Test Set,Test_Recall,0.6169,ratio,Final held-out test evaluation metric at decision threshold 0.30
4. THRESHOLD ANALYSIS,Test Evaluation @ tau=0.30,RandomForestClassifier,Production Champion,14,0.3,Edge-Holdout (Zero-Leakage),Held-Out Test Set,Test_F1_Score,0.6026,score,Final held-out test evaluation metric at decision threshold 0.30
4. THRESHOLD ANALYSIS,Test Evaluation @ tau=0.30,RandomForestClassifier,Production Champion,14,0.3,Edge-Holdout (Zero-Leakage),Held-Out Test Set,Test_Specificity,0.5695,ratio,Final held-out test evaluation metric at decision threshold 0.30
4. THRESHOLD ANALYSIS,Test Evaluation @ tau=0.30,RandomForestClassifier,Production Champion,14,0.3,Edge-Holdout (Zero-Leakage),Held-Out Test Set,Test_MCC,0.1867,coefficient,Final held-out test evaluation metric at decision threshold 0.30
4. THRESHOLD ANALYSIS,Test Evaluation @ tau=0.30,RandomForestClassifier,Production Champion,14,0.3,Edge-Holdout (Zero-Leakage),Held-Out Test Set,Test_TP,182,count,Final held-out test evaluation metric at decision threshold 0.30
4. THRESHOLD ANALYSIS,Test Evaluation @ tau=0.30,RandomForestClassifier,Production Champion,14,0.3,Edge-Holdout (Zero-Leakage),Held-Out Test Set,Test_TN,168,count,Final held-out test evaluation metric at decision threshold 0.30
4. THRESHOLD ANALYSIS,Test Evaluation @ tau=0.30,RandomForestClassifier,Production Champion,14,0.3,Edge-Holdout (Zero-Leakage),Held-Out Test Set,Test_FP,127,count,Final held-out test evaluation metric at decision threshold 0.30
4. THRESHOLD ANALYSIS,Test Evaluation @ tau=0.30,RandomForestClassifier,Production Champion,14,0.3,Edge-Holdout (Zero-Leakage),Held-Out Test Set,Test_FN,113,count,Final held-out test evaluation metric at decision threshold 0.30
4. THRESHOLD ANALYSIS,Test Evaluation @ tau=0.20,RandomForestClassifier,Production Champion,14,0.2,Edge-Holdout (Zero-Leakage),Held-Out Test Set,Test_Precision,0.5009,ratio,Final held-out test evaluation metric at decision threshold 0.20
4. THRESHOLD ANALYSIS,Test Evaluation @ tau=0.20,RandomForestClassifier,Production Champion,14,0.2,Edge-Holdout (Zero-Leakage),Held-Out Test Set,Test_Recall,0.9864,ratio,Final held-out test evaluation metric at decision threshold 0.20
4. THRESHOLD ANALYSIS,Test Evaluation @ tau=0.20,RandomForestClassifier,Production Champion,14,0.2,Edge-Holdout (Zero-Leakage),Held-Out Test Set,Test_F1_Score,0.6644,score,Final held-out test evaluation metric at decision threshold 0.20
4. THRESHOLD ANALYSIS,Test Evaluation @ tau=0.20,RandomForestClassifier,Production Champion,14,0.2,Edge-Holdout (Zero-Leakage),Held-Out Test Set,Test_Specificity,0.0169,ratio,Final held-out test evaluation metric at decision threshold 0.20
4. THRESHOLD ANALYSIS,Test Evaluation @ tau=0.20,RandomForestClassifier,Production Champion,14,0.2,Edge-Holdout (Zero-Leakage),Held-Out Test Set,Test_MCC,0.0138,coefficient,Final held-out test evaluation metric at decision threshold 0.20
4. THRESHOLD ANALYSIS,Test Evaluation @ tau=0.20,RandomForestClassifier,Production Champion,14,0.2,Edge-Holdout (Zero-Leakage),Held-Out Test Set,Test_TP,291,count,Final held-out test evaluation metric at decision threshold 0.20
4. THRESHOLD ANALYSIS,Test Evaluation @ tau=0.20,RandomForestClassifier,Production Champion,14,0.2,Edge-Holdout (Zero-Leakage),Held-Out Test Set,Test_TN,5,count,Final held-out test evaluation metric at decision threshold 0.20
4. THRESHOLD ANALYSIS,Test Evaluation @ tau=0.20,RandomForestClassifier,Production Champion,14,0.2,Edge-Holdout (Zero-Leakage),Held-Out Test Set,Test_FP,290,count,Final held-out test evaluation metric at decision threshold 0.20
4. THRESHOLD ANALYSIS,Test Evaluation @ tau=0.20,RandomForestClassifier,Production Champion,14,0.2,Edge-Holdout (Zero-Leakage),Held-Out Test Set,Test_FN,4,count,Final held-out test evaluation metric at decision threshold 0.20
5. FINAL OPERATIONAL THRESHOLD,Operational Threshold Setting,RandomForestClassifier,Production Champion,14,0.4,Edge-Holdout (Strict Zero-Leakage),OOF & Held-Out Test,Selected_Operational_Threshold,0.4,threshold,Balanced operational point selected for threat discovery
5. FINAL OPERATIONAL THRESHOLD,Operational Threshold Setting,RandomForestClassifier,Production Champion,14,0.4,Edge-Holdout (Strict Zero-Leakage),OOF & Held-Out Test,OOF_Precision_at_0_40,0.5797,ratio,Out-of-fold cross-validation precision at tau=0.40 (57.97%)
5. FINAL OPERATIONAL THRESHOLD,Operational Threshold Setting,RandomForestClassifier,Production Champion,14,0.4,Edge-Holdout (Strict Zero-Leakage),OOF & Held-Out Test,OOF_Recall_at_0_40,0.6907,ratio,Out-of-fold cross-validation recall at tau=0.40 (69.07%)
5. FINAL OPERATIONAL THRESHOLD,Operational Threshold Setting,RandomForestClassifier,Production Champion,14,0.4,Edge-Holdout (Strict Zero-Leakage),OOF & Held-Out Test,OOF_F1_at_0_40,0.6303,score,Out-of-fold cross-validation F1 at tau=0.40 (0.6303)
5. FINAL OPERATIONAL THRESHOLD,Operational Threshold Setting,RandomForestClassifier,Production Champion,14,0.4,Edge-Holdout (Strict Zero-Leakage),OOF & Held-Out Test,Final_Test_Precision_at_0_40,0.5714,ratio,Final held-out test set precision at tau=0.40 (57.14%)
5. FINAL OPERATIONAL THRESHOLD,Operational Threshold Setting,RandomForestClassifier,Production Champion,14,0.4,Edge-Holdout (Strict Zero-Leakage),OOF & Held-Out Test,Final_Test_Recall_at_0_40,0.6644,ratio,"Final held-out test set recall at tau=0.40 (66.44%, 196/295 TP)"
5. FINAL OPERATIONAL THRESHOLD,Operational Threshold Setting,RandomForestClassifier,Production Champion,14,0.4,Edge-Holdout (Strict Zero-Leakage),OOF & Held-Out Test,Final_Test_F1_at_0_40,0.6144,score,Final held-out test set F1 score at tau=0.40 (0.6144)
6. FEATURE IMPORTANCE,Feature Rank #01,RandomForestClassifier,Production Champion,14,N/A,MDI (Gini Importance),Training Split (G_train),Importance_shortest_path_length,0.1822,ratio,Relative Gini importance of feature 'shortest_path_length' (Rank 1)
6. FEATURE IMPORTANCE,Feature Rank #02,RandomForestClassifier,Production Champion,14,N/A,MDI (Gini Importance),Training Split (G_train),Importance_adamic_adar_index,0.1001,ratio,Relative Gini importance of feature 'adamic_adar_index' (Rank 2)
6. FEATURE IMPORTANCE,Feature Rank #03,RandomForestClassifier,Production Champion,14,N/A,MDI (Gini Importance),Training Split (G_train),Importance_preferential_attachment,0.0962,ratio,Relative Gini importance of feature 'preferential_attachment' (Rank 3)
6. FEATURE IMPORTANCE,Feature Rank #04,RandomForestClassifier,Production Champion,14,N/A,MDI (Gini Importance),Training Split (G_train),Importance_degree_v,0.0915,ratio,Relative Gini importance of feature 'degree_v' (Rank 4)
6. FEATURE IMPORTANCE,Feature Rank #05,RandomForestClassifier,Production Champion,14,N/A,MDI (Gini Importance),Training Split (G_train),Importance_market_overlap_count,0.0897,ratio,Relative Gini importance of feature 'market_overlap_count' (Rank 5)
6. FEATURE IMPORTANCE,Feature Rank #06,RandomForestClassifier,Production Champion,14,N/A,MDI (Gini Importance),Training Split (G_train),Importance_resource_allocation_index,0.075,ratio,Relative Gini importance of feature 'resource_allocation_index' (Rank 6)
6. FEATURE IMPORTANCE,Feature Rank #07,RandomForestClassifier,Production Champion,14,N/A,MDI (Gini Importance),Training Split (G_train),Importance_market_jaccard,0.0719,ratio,Relative Gini importance of feature 'market_jaccard' (Rank 7)
6. FEATURE IMPORTANCE,Feature Rank #08,RandomForestClassifier,Production Champion,14,N/A,MDI (Gini Importance),Training Split (G_train),Importance_jaccard_coefficient,0.066,ratio,Relative Gini importance of feature 'jaccard_coefficient' (Rank 8)
6. FEATURE IMPORTANCE,Feature Rank #09,RandomForestClassifier,Production Champion,14,N/A,MDI (Gini Importance),Training Split (G_train),Importance_degree_u,0.0631,ratio,Relative Gini importance of feature 'degree_u' (Rank 9)
6. FEATURE IMPORTANCE,Feature Rank #10,RandomForestClassifier,Production Champion,14,N/A,MDI (Gini Importance),Training Split (G_train),Importance_degree_diff,0.0628,ratio,Relative Gini importance of feature 'degree_diff' (Rank 10)
6. FEATURE IMPORTANCE,Feature Rank #11,RandomForestClassifier,Production Champion,14,N/A,MDI (Gini Importance),Training Split (G_train),Importance_degree_ratio,0.0518,ratio,Relative Gini importance of feature 'degree_ratio' (Rank 11)
6. FEATURE IMPORTANCE,Feature Rank #12,RandomForestClassifier,Production Champion,14,N/A,MDI (Gini Importance),Training Split (G_train),Importance_common_neighbors_count,0.0499,ratio,Relative Gini importance of feature 'common_neighbors_count' (Rank 12)
6. FEATURE IMPORTANCE,Feature Rank #13,RandomForestClassifier,Production Champion,14,N/A,MDI (Gini Importance),Training Split (G_train),Importance_same_pgp_key,0.0,ratio,Relative Gini importance of feature 'same_pgp_key' (Rank 13)
6. FEATURE IMPORTANCE,Feature Rank #14,RandomForestClassifier,Production Champion,14,N/A,MDI (Gini Importance),Training Split (G_train),Importance_same_wallet,0.0,ratio,Relative Gini importance of feature 'same_wallet' (Rank 14)
7. MODEL / TRAINING INFORMATION,Model Metadata & Hyperparameters,RandomForestClassifier,Production Champion,14,N/A,Edge-Holdout Protocol,System Metadata,Model_Architecture,RandomForestClassifier,string,Classifier family
7. MODEL / TRAINING INFORMATION,Model Metadata & Hyperparameters,RandomForestClassifier,Production Champion,14,N/A,Edge-Holdout Protocol,System Metadata,Model_Status,"Production Champion (14 Features, Regularized Depth=6)",string,Lifecycle status
7. MODEL / TRAINING INFORMATION,Model Metadata & Hyperparameters,RandomForestClassifier,Production Champion,14,N/A,Edge-Holdout Protocol,System Metadata,Number_of_Estimators,100,count,Number of decision trees in forest ensemble
7. MODEL / TRAINING INFORMATION,Model Metadata & Hyperparameters,RandomForestClassifier,Production Champion,14,N/A,Edge-Holdout Protocol,System Metadata,Max_Depth,6,count,Maximum depth of each decision tree (regularized to 6)
7. MODEL / TRAINING INFORMATION,Model Metadata & Hyperparameters,RandomForestClassifier,Production Champion,14,N/A,Edge-Holdout Protocol,System Metadata,Min_Samples_Split,4,count,Minimum samples required to split an internal node
7. MODEL / TRAINING INFORMATION,Model Metadata & Hyperparameters,RandomForestClassifier,Production Champion,14,N/A,Edge-Holdout Protocol,System Metadata,Min_Samples_Leaf,2,count,Minimum samples required to be at a leaf node (regularized to 2)
7. MODEL / TRAINING INFORMATION,Model Metadata & Hyperparameters,RandomForestClassifier,Production Champion,14,N/A,Edge-Holdout Protocol,System Metadata,Max_Features,sqrt,string,Number of features to consider when looking for best split ('sqrt')
7. MODEL / TRAINING INFORMATION,Model Metadata & Hyperparameters,RandomForestClassifier,Production Champion,14,N/A,Edge-Holdout Protocol,System Metadata,Random_State,42,seed,Random seed for reproducible training
7. MODEL / TRAINING INFORMATION,Model Metadata & Hyperparameters,RandomForestClassifier,Production Champion,14,N/A,Edge-Holdout Protocol,System Metadata,Train_Samples_Count,2360,count,Total samples in training feature matrix (2360)
7. MODEL / TRAINING INFORMATION,Model Metadata & Hyperparameters,RandomForestClassifier,Production Champion,14,N/A,Edge-Holdout Protocol,System Metadata,Test_Samples_Count,590,count,Total samples in held-out test feature matrix (590)
7. MODEL / TRAINING INFORMATION,Model Metadata & Hyperparameters,RandomForestClassifier,Production Champion,14,N/A,Edge-Holdout Protocol,System Metadata,Train_Positives_Count,1180,count,Ground-truth positive entity relationship pairs in training split
7. MODEL / TRAINING INFORMATION,Model Metadata & Hyperparameters,RandomForestClassifier,Production Champion,14,N/A,Edge-Holdout Protocol,System Metadata,Train_Negatives_Count,1180,count,Sampled negative non-relationship entity pairs in training split
7. MODEL / TRAINING INFORMATION,Model Metadata & Hyperparameters,RandomForestClassifier,Production Champion,14,N/A,Edge-Holdout Protocol,System Metadata,Test_Positives_Count,295,count,Ground-truth positive entity relationship pairs in held-out test split
7. MODEL / TRAINING INFORMATION,Model Metadata & Hyperparameters,RandomForestClassifier,Production Champion,14,N/A,Edge-Holdout Protocol,System Metadata,Test_Negatives_Count,295,count,Sampled negative non-relationship entity pairs in held-out test split
7. MODEL / TRAINING INFORMATION,Model Metadata & Hyperparameters,RandomForestClassifier,Production Champion,14,N/A,Edge-Holdout Protocol,System Metadata,Features_Count,14,count,Number of topological and behavioral features (14)
8. LEAKAGE / VALIDATION AUDIT,Zero-Leakage Compliance Audit,RandomForestClassifier,Production Champion,14,N/A,Rigorous Leakage Audit,Training & Test Splits,Edge_Holdout_Enforced,True,boolean,Ground truth positive edges split into 80% train / 20% test before feature generation
8. LEAKAGE / VALIDATION AUDIT,Zero-Leakage Compliance Audit,RandomForestClassifier,Production Champion,14,N/A,Rigorous Leakage Audit,Training & Test Splits,Held_Out_Edges_in_G_Train,0,count,Number of held-out test edges present in training graph (verified exact 0)
8. LEAKAGE / VALIDATION AUDIT,Zero-Leakage Compliance Audit,RandomForestClassifier,Production Champion,14,N/A,Rigorous Leakage Audit,Training & Test Splits,Candidate_Edge_Masking,True,boolean,Dynamic candidate edge masking applied during positive train feature extraction
8. LEAKAGE / VALIDATION AUDIT,Zero-Leakage Compliance Audit,RandomForestClassifier,Production Champion,14,N/A,Rigorous Leakage Audit,Training & Test Splits,Negative_Sampling_Integrity,PASS (0 Overlap),status,Negative non-link samples verified zero overlap with positive train and test edges
8. LEAKAGE / VALIDATION AUDIT,Zero-Leakage Compliance Audit,RandomForestClassifier,Production Champion,14,N/A,Rigorous Leakage Audit,Training & Test Splits,Label_Exclusion,PASS (Excluded),status,Target relationship labels strictly excluded from feature space
8. LEAKAGE / VALIDATION AUDIT,Zero-Leakage Compliance Audit,RandomForestClassifier,Production Champion,14,N/A,Rigorous Leakage Audit,Training & Test Splits,Fold_Specific_Graph_Construction,PASS (Isolated),status,Every CV fold rebuilds its isolated subgraph G_fold with 0 validation edges
8. LEAKAGE / VALIDATION AUDIT,Zero-Leakage Compliance Audit,RandomForestClassifier,Production Champion,14,N/A,Rigorous Leakage Audit,Training & Test Splits,Final_Test_Untouched_During_Tuning,PASS (Untouched),status,"Zero final test data used for feature selection, model selection, or tuning"
8. LEAKAGE / VALIDATION AUDIT,Zero-Leakage Compliance Audit,RandomForestClassifier,Production Champion,14,N/A,Rigorous Leakage Audit,Training & Test Splits,Graph_Validation_Result,PASS (5/5 checks),status,Full structural collapse and traversal sanity check passed
9. GRAPH VALIDATION,Graph Engine Validation Suite,GraphEngine,Production,N/A,N/A,Deterministic Verification,Full Canonical Graph,SHARED_PGP_AND_WALLET_Collapse,PASS (0 Violations),status,All 2656 shared PGP/wallet edges correctly map to identical canonical entities
9. GRAPH VALIDATION,Graph Engine Validation Suite,GraphEngine,Production,N/A,N/A,Deterministic Verification,Full Canonical Graph,Known_Connection_Spot_Check,PASS (10/10 Found),status,10/10 verified ground truth cross-entity connections discovered via graph engine traversal
9. GRAPH VALIDATION,Graph Engine Validation Suite,GraphEngine,Production,N/A,N/A,Deterministic Verification,Full Canonical Graph,Multi_Hop_Confidence_Decay,PASS (Decays Correctly),status,Multi-hop traversal path confidence decays monotonically across increasing hops
9. GRAPH VALIDATION,Graph Engine Validation Suite,GraphEngine,Production,N/A,N/A,Deterministic Verification,Full Canonical Graph,Isolated_Entity_Test,PASS (connected=false),status,Isolated entity E-AshenSerpent63 correctly returns connected=false
9. GRAPH VALIDATION,Graph Engine Validation Suite,GraphEngine,Production,N/A,N/A,Deterministic Verification,Full Canonical Graph,Aka_Persona_IDs_Completeness,PASS (1833/1833 Complete),status,All 1833 dark web persona records completely mapped to canonical entity handles
10. INFERENCE SANITY CHECK,Inference Pair: E-AshenArc682 <-> E-IronCrypt324,RandomForestClassifier,Production Champion,14,N/A,predict_link_probability(),Live Graph Inference,Link_Probability,0.5655,probability,High-confidence positive link probability (Ground-truth collaboration)
10. INFERENCE SANITY CHECK,Inference Pair: E-AshenArc682 <-> E-AzureHawk831,RandomForestClassifier,Production Champion,14,N/A,predict_link_probability(),Live Graph Inference,Link_Probability,0.4954,probability,Moderate indirect link probability (Indirect multi-hop connection)
10. INFERENCE SANITY CHECK,Inference Pair: E-AshenSerpent63 <-> E-AzureHawk831,RandomForestClassifier,Production Champion,14,N/A,predict_link_probability(),Live Graph Inference,Link_Probability,0.3265,probability,Low probability link (Isolated component / verified non-edge)
11. PERFORMANCE / TIMING,Pipeline Execution Benchmarks,RandomForestClassifier,Production Champion,14,N/A,Benchmarked Runtime,Execution Timing,Train_Feature_Generation_Time,0.234,seconds,Wall-clock time to generate 2360 training feature rows with dynamic masking
11. PERFORMANCE / TIMING,Pipeline Execution Benchmarks,RandomForestClassifier,Production Champion,14,N/A,Benchmarked Runtime,Execution Timing,Test_Feature_Generation_Time,0.064,seconds,Wall-clock time to generate 590 held-out test feature rows from G_train
11. PERFORMANCE / TIMING,Pipeline Execution Benchmarks,RandomForestClassifier,Production Champion,14,N/A,Benchmarked Runtime,Execution Timing,Model_Training_Time,2.1,seconds,Wall-clock time to train the 100-tree Random Forest classifier on G_train
11. PERFORMANCE / TIMING,Pipeline Execution Benchmarks,RandomForestClassifier,Production Champion,14,N/A,Benchmarked Runtime,Execution Timing,Evaluation_Time,0.936,seconds,Wall-clock time to compute predictions and all metrics on unseen test set
11. PERFORMANCE / TIMING,Pipeline Execution Benchmarks,RandomForestClassifier,Production Champion,14,N/A,Benchmarked Runtime,Execution Timing,Total_Pipeline_Execution_Time,3.334,seconds,"Total end-to-end execution time of feature generation, training, and evaluation"
12. EXPERIMENT / ABLATION RESULTS,A. Baseline (All 17 Features),RandomForestClassifier,Research Candidate,17,N/A,5-Fold Graph-Aware Edge CV,Training Split (G_train),CV_PR_AUC_Mean,0.6619,score,5-fold cross validation result for feature experiment 'A. Baseline (All 17 Features)'
12. EXPERIMENT / ABLATION RESULTS,A. Baseline (All 17 Features),RandomForestClassifier,Research Candidate,17,N/A,5-Fold Graph-Aware Edge CV,Training Split (G_train),CV_PR_AUC_Std,0.0216,score,5-fold cross validation result for feature experiment 'A. Baseline (All 17 Features)'
12. EXPERIMENT / ABLATION RESULTS,A. Baseline (All 17 Features),RandomForestClassifier,Research Candidate,17,N/A,5-Fold Graph-Aware Edge CV,Training Split (G_train),CV_ROC_AUC_Mean,0.6571,score,5-fold cross validation result for feature experiment 'A. Baseline (All 17 Features)'
12. EXPERIMENT / ABLATION RESULTS,A. Baseline (All 17 Features),RandomForestClassifier,Research Candidate,17,N/A,5-Fold Graph-Aware Edge CV,Training Split (G_train),CV_ROC_AUC_Std,0.0173,score,5-fold cross validation result for feature experiment 'A. Baseline (All 17 Features)'
12. EXPERIMENT / ABLATION RESULTS,A. Baseline (All 17 Features),RandomForestClassifier,Research Candidate,17,N/A,5-Fold Graph-Aware Edge CV,Training Split (G_train),CV_F1_Mean,0.4761,score,5-fold cross validation result for feature experiment 'A. Baseline (All 17 Features)'
12. EXPERIMENT / ABLATION RESULTS,A. Baseline (All 17 Features),RandomForestClassifier,Research Candidate,17,N/A,5-Fold Graph-Aware Edge CV,Training Split (G_train),CV_Precision_Mean,0.7368,ratio,5-fold cross validation result for feature experiment 'A. Baseline (All 17 Features)'
12. EXPERIMENT / ABLATION RESULTS,A. Baseline (All 17 Features),RandomForestClassifier,Research Candidate,17,N/A,5-Fold Graph-Aware Edge CV,Training Split (G_train),CV_Recall_Mean,0.3525,ratio,5-fold cross validation result for feature experiment 'A. Baseline (All 17 Features)'
12. EXPERIMENT / ABLATION RESULTS,A. Baseline (All 17 Features),RandomForestClassifier,Research Candidate,17,N/A,5-Fold Graph-Aware Edge CV,Training Split (G_train),CV_MCC_Mean,0.266,coefficient,5-fold cross validation result for feature experiment 'A. Baseline (All 17 Features)'
12. EXPERIMENT / ABLATION RESULTS,B. Ablation: Remove same_community,RandomForestClassifier,Research Candidate,16,N/A,5-Fold Graph-Aware Edge CV,Training Split (G_train),CV_PR_AUC_Mean,0.6863,score,5-fold cross validation result for feature experiment 'B. Ablation: Remove same_community'
12. EXPERIMENT / ABLATION RESULTS,B. Ablation: Remove same_community,RandomForestClassifier,Research Candidate,16,N/A,5-Fold Graph-Aware Edge CV,Training Split (G_train),CV_PR_AUC_Std,0.0169,score,5-fold cross validation result for feature experiment 'B. Ablation: Remove same_community'
12. EXPERIMENT / ABLATION RESULTS,B. Ablation: Remove same_community,RandomForestClassifier,Research Candidate,16,N/A,5-Fold Graph-Aware Edge CV,Training Split (G_train),CV_ROC_AUC_Mean,0.6523,score,5-fold cross validation result for feature experiment 'B. Ablation: Remove same_community'
12. EXPERIMENT / ABLATION RESULTS,B. Ablation: Remove same_community,RandomForestClassifier,Research Candidate,16,N/A,5-Fold Graph-Aware Edge CV,Training Split (G_train),CV_ROC_AUC_Std,0.0106,score,5-fold cross validation result for feature experiment 'B. Ablation: Remove same_community'
12. EXPERIMENT / ABLATION RESULTS,B. Ablation: Remove same_community,RandomForestClassifier,Research Candidate,16,N/A,5-Fold Graph-Aware Edge CV,Training Split (G_train),CV_F1_Mean,0.5589,score,5-fold cross validation result for feature experiment 'B. Ablation: Remove same_community'
12. EXPERIMENT / ABLATION RESULTS,B. Ablation: Remove same_community,RandomForestClassifier,Research Candidate,16,N/A,5-Fold Graph-Aware Edge CV,Training Split (G_train),CV_Precision_Mean,0.6688,ratio,5-fold cross validation result for feature experiment 'B. Ablation: Remove same_community'
12. EXPERIMENT / ABLATION RESULTS,B. Ablation: Remove same_community,RandomForestClassifier,Research Candidate,16,N/A,5-Fold Graph-Aware Edge CV,Training Split (G_train),CV_Recall_Mean,0.4805,ratio,5-fold cross validation result for feature experiment 'B. Ablation: Remove same_community'
12. EXPERIMENT / ABLATION RESULTS,B. Ablation: Remove same_community,RandomForestClassifier,Research Candidate,16,N/A,5-Fold Graph-Aware Edge CV,Training Split (G_train),CV_MCC_Mean,0.2527,coefficient,5-fold cross validation result for feature experiment 'B. Ablation: Remove same_community'
12. EXPERIMENT / ABLATION RESULTS,C. Ablation: Remove graph_link_strength,RandomForestClassifier,Research Candidate,16,N/A,5-Fold Graph-Aware Edge CV,Training Split (G_train),CV_PR_AUC_Mean,0.6614,score,5-fold cross validation result for feature experiment 'C. Ablation: Remove graph_link_strength'
12. EXPERIMENT / ABLATION RESULTS,C. Ablation: Remove graph_link_strength,RandomForestClassifier,Research Candidate,16,N/A,5-Fold Graph-Aware Edge CV,Training Split (G_train),CV_PR_AUC_Std,0.0219,score,5-fold cross validation result for feature experiment 'C. Ablation: Remove graph_link_strength'
12. EXPERIMENT / ABLATION RESULTS,C. Ablation: Remove graph_link_strength,RandomForestClassifier,Research Candidate,16,N/A,5-Fold Graph-Aware Edge CV,Training Split (G_train),CV_ROC_AUC_Mean,0.6558,score,5-fold cross validation result for feature experiment 'C. Ablation: Remove graph_link_strength'
12. EXPERIMENT / ABLATION RESULTS,C. Ablation: Remove graph_link_strength,RandomForestClassifier,Research Candidate,16,N/A,5-Fold Graph-Aware Edge CV,Training Split (G_train),CV_ROC_AUC_Std,0.0174,score,5-fold cross validation result for feature experiment 'C. Ablation: Remove graph_link_strength'
12. EXPERIMENT / ABLATION RESULTS,C. Ablation: Remove graph_link_strength,RandomForestClassifier,Research Candidate,16,N/A,5-Fold Graph-Aware Edge CV,Training Split (G_train),CV_F1_Mean,0.4752,score,5-fold cross validation result for feature experiment 'C. Ablation: Remove graph_link_strength'
12. EXPERIMENT / ABLATION RESULTS,C. Ablation: Remove graph_link_strength,RandomForestClassifier,Research Candidate,16,N/A,5-Fold Graph-Aware Edge CV,Training Split (G_train),CV_Precision_Mean,0.7431,ratio,5-fold cross validation result for feature experiment 'C. Ablation: Remove graph_link_strength'
12. EXPERIMENT / ABLATION RESULTS,C. Ablation: Remove graph_link_strength,RandomForestClassifier,Research Candidate,16,N/A,5-Fold Graph-Aware Edge CV,Training Split (G_train),CV_Recall_Mean,0.35,ratio,5-fold cross validation result for feature experiment 'C. Ablation: Remove graph_link_strength'
12. EXPERIMENT / ABLATION RESULTS,C. Ablation: Remove graph_link_strength,RandomForestClassifier,Research Candidate,16,N/A,5-Fold Graph-Aware Edge CV,Training Split (G_train),CV_MCC_Mean,0.2703,coefficient,5-fold cross validation result for feature experiment 'C. Ablation: Remove graph_link_strength'
12. EXPERIMENT / ABLATION RESULTS,D. Ablation: Remove path_confidence,RandomForestClassifier,Research Candidate,16,N/A,5-Fold Graph-Aware Edge CV,Training Split (G_train),CV_PR_AUC_Mean,0.6628,score,5-fold cross validation result for feature experiment 'D. Ablation: Remove path_confidence'
12. EXPERIMENT / ABLATION RESULTS,D. Ablation: Remove path_confidence,RandomForestClassifier,Research Candidate,16,N/A,5-Fold Graph-Aware Edge CV,Training Split (G_train),CV_PR_AUC_Std,0.0227,score,5-fold cross validation result for feature experiment 'D. Ablation: Remove path_confidence'
12. EXPERIMENT / ABLATION RESULTS,D. Ablation: Remove path_confidence,RandomForestClassifier,Research Candidate,16,N/A,5-Fold Graph-Aware Edge CV,Training Split (G_train),CV_ROC_AUC_Mean,0.655,score,5-fold cross validation result for feature experiment 'D. Ablation: Remove path_confidence'
12. EXPERIMENT / ABLATION RESULTS,D. Ablation: Remove path_confidence,RandomForestClassifier,Research Candidate,16,N/A,5-Fold Graph-Aware Edge CV,Training Split (G_train),CV_ROC_AUC_Std,0.0197,score,5-fold cross validation result for feature experiment 'D. Ablation: Remove path_confidence'
12. EXPERIMENT / ABLATION RESULTS,D. Ablation: Remove path_confidence,RandomForestClassifier,Research Candidate,16,N/A,5-Fold Graph-Aware Edge CV,Training Split (G_train),CV_F1_Mean,0.4678,score,5-fold cross validation result for feature experiment 'D. Ablation: Remove path_confidence'
12. EXPERIMENT / ABLATION RESULTS,D. Ablation: Remove path_confidence,RandomForestClassifier,Research Candidate,16,N/A,5-Fold Graph-Aware Edge CV,Training Split (G_train),CV_Precision_Mean,0.7408,ratio,5-fold cross validation result for feature experiment 'D. Ablation: Remove path_confidence'
12. EXPERIMENT / ABLATION RESULTS,D. Ablation: Remove path_confidence,RandomForestClassifier,Research Candidate,16,N/A,5-Fold Graph-Aware Edge CV,Training Split (G_train),CV_Recall_Mean,0.3424,ratio,5-fold cross validation result for feature experiment 'D. Ablation: Remove path_confidence'
12. EXPERIMENT / ABLATION RESULTS,D. Ablation: Remove path_confidence,RandomForestClassifier,Research Candidate,16,N/A,5-Fold Graph-Aware Edge CV,Training Split (G_train),CV_MCC_Mean,0.2642,coefficient,5-fold cross validation result for feature experiment 'D. Ablation: Remove path_confidence'
12. EXPERIMENT / ABLATION RESULTS,E. Ablation: Remove community + path + link_strength,RandomForestClassifier,Research Candidate,14,N/A,5-Fold Graph-Aware Edge CV,Training Split (G_train),CV_PR_AUC_Mean,0.6889,score,5-fold cross validation result for feature experiment 'E. Ablation: Remove community + path + link_strength'
12. EXPERIMENT / ABLATION RESULTS,E. Ablation: Remove community + path + link_strength,RandomForestClassifier,Research Candidate,14,N/A,5-Fold Graph-Aware Edge CV,Training Split (G_train),CV_PR_AUC_Std,0.0219,score,5-fold cross validation result for feature experiment 'E. Ablation: Remove community + path + link_strength'
12. EXPERIMENT / ABLATION RESULTS,E. Ablation: Remove community + path + link_strength,RandomForestClassifier,Research Candidate,14,N/A,5-Fold Graph-Aware Edge CV,Training Split (G_train),CV_ROC_AUC_Mean,0.6531,score,5-fold cross validation result for feature experiment 'E. Ablation: Remove community + path + link_strength'
12. EXPERIMENT / ABLATION RESULTS,E. Ablation: Remove community + path + link_strength,RandomForestClassifier,Research Candidate,14,N/A,5-Fold Graph-Aware Edge CV,Training Split (G_train),CV_ROC_AUC_Std,0.0109,score,5-fold cross validation result for feature experiment 'E. Ablation: Remove community + path + link_strength'
12. EXPERIMENT / ABLATION RESULTS,E. Ablation: Remove community + path + link_strength,RandomForestClassifier,Research Candidate,14,N/A,5-Fold Graph-Aware Edge CV,Training Split (G_train),CV_F1_Mean,0.552,score,5-fold cross validation result for feature experiment 'E. Ablation: Remove community + path + link_strength'
12. EXPERIMENT / ABLATION RESULTS,E. Ablation: Remove community + path + link_strength,RandomForestClassifier,Research Candidate,14,N/A,5-Fold Graph-Aware Edge CV,Training Split (G_train),CV_Precision_Mean,0.6828,ratio,5-fold cross validation result for feature experiment 'E. Ablation: Remove community + path + link_strength'
12. EXPERIMENT / ABLATION RESULTS,E. Ablation: Remove community + path + link_strength,RandomForestClassifier,Research Candidate,14,N/A,5-Fold Graph-Aware Edge CV,Training Split (G_train),CV_Recall_Mean,0.4644,ratio,5-fold cross validation result for feature experiment 'E. Ablation: Remove community + path + link_strength'
12. EXPERIMENT / ABLATION RESULTS,E. Ablation: Remove community + path + link_strength,RandomForestClassifier,Research Candidate,14,N/A,5-Fold Graph-Aware Edge CV,Training Split (G_train),CV_MCC_Mean,0.261,coefficient,5-fold cross validation result for feature experiment 'E. Ablation: Remove community + path + link_strength'
12. EXPERIMENT / ABLATION RESULTS,F1. Baseline + Normalized Topo Similarities,RandomForestClassifier,Research Candidate,22,N/A,5-Fold Graph-Aware Edge CV,Training Split (G_train),CV_PR_AUC_Mean,0.6692,score,5-fold cross validation result for feature experiment 'F1. Baseline + Normalized Topo Similarities'
12. EXPERIMENT / ABLATION RESULTS,F1. Baseline + Normalized Topo Similarities,RandomForestClassifier,Research Candidate,22,N/A,5-Fold Graph-Aware Edge CV,Training Split (G_train),CV_PR_AUC_Std,0.0211,score,5-fold cross validation result for feature experiment 'F1. Baseline + Normalized Topo Similarities'
12. EXPERIMENT / ABLATION RESULTS,F1. Baseline + Normalized Topo Similarities,RandomForestClassifier,Research Candidate,22,N/A,5-Fold Graph-Aware Edge CV,Training Split (G_train),CV_ROC_AUC_Mean,0.6574,score,5-fold cross validation result for feature experiment 'F1. Baseline + Normalized Topo Similarities'
12. EXPERIMENT / ABLATION RESULTS,F1. Baseline + Normalized Topo Similarities,RandomForestClassifier,Research Candidate,22,N/A,5-Fold Graph-Aware Edge CV,Training Split (G_train),CV_ROC_AUC_Std,0.0234,score,5-fold cross validation result for feature experiment 'F1. Baseline + Normalized Topo Similarities'
12. EXPERIMENT / ABLATION RESULTS,F1. Baseline + Normalized Topo Similarities,RandomForestClassifier,Research Candidate,22,N/A,5-Fold Graph-Aware Edge CV,Training Split (G_train),CV_F1_Mean,0.4858,score,5-fold cross validation result for feature experiment 'F1. Baseline + Normalized Topo Similarities'
12. EXPERIMENT / ABLATION RESULTS,F1. Baseline + Normalized Topo Similarities,RandomForestClassifier,Research Candidate,22,N/A,5-Fold Graph-Aware Edge CV,Training Split (G_train),CV_Precision_Mean,0.7413,ratio,5-fold cross validation result for feature experiment 'F1. Baseline + Normalized Topo Similarities'
12. EXPERIMENT / ABLATION RESULTS,F1. Baseline + Normalized Topo Similarities,RandomForestClassifier,Research Candidate,22,N/A,5-Fold Graph-Aware Edge CV,Training Split (G_train),CV_Recall_Mean,0.3627,ratio,5-fold cross validation result for feature experiment 'F1. Baseline + Normalized Topo Similarities'
12. EXPERIMENT / ABLATION RESULTS,F1. Baseline + Normalized Topo Similarities,RandomForestClassifier,Research Candidate,22,N/A,5-Fold Graph-Aware Edge CV,Training Split (G_train),CV_MCC_Mean,0.2749,coefficient,5-fold cross validation result for feature experiment 'F1. Baseline + Normalized Topo Similarities'
12. EXPERIMENT / ABLATION RESULTS,F2. Baseline + Relational Triadic Features,RandomForestClassifier,Research Candidate,20,N/A,5-Fold Graph-Aware Edge CV,Training Split (G_train),CV_PR_AUC_Mean,0.67,score,5-fold cross validation result for feature experiment 'F2. Baseline + Relational Triadic Features'
12. EXPERIMENT / ABLATION RESULTS,F2. Baseline + Relational Triadic Features,RandomForestClassifier,Research Candidate,20,N/A,5-Fold Graph-Aware Edge CV,Training Split (G_train),CV_PR_AUC_Std,0.019,score,5-fold cross validation result for feature experiment 'F2. Baseline + Relational Triadic Features'
12. EXPERIMENT / ABLATION RESULTS,F2. Baseline + Relational Triadic Features,RandomForestClassifier,Research Candidate,20,N/A,5-Fold Graph-Aware Edge CV,Training Split (G_train),CV_ROC_AUC_Mean,0.6566,score,5-fold cross validation result for feature experiment 'F2. Baseline + Relational Triadic Features'
12. EXPERIMENT / ABLATION RESULTS,F2. Baseline + Relational Triadic Features,RandomForestClassifier,Research Candidate,20,N/A,5-Fold Graph-Aware Edge CV,Training Split (G_train),CV_ROC_AUC_Std,0.019,score,5-fold cross validation result for feature experiment 'F2. Baseline + Relational Triadic Features'
12. EXPERIMENT / ABLATION RESULTS,F2. Baseline + Relational Triadic Features,RandomForestClassifier,Research Candidate,20,N/A,5-Fold Graph-Aware Edge CV,Training Split (G_train),CV_F1_Mean,0.4878,score,5-fold cross validation result for feature experiment 'F2. Baseline + Relational Triadic Features'
12. EXPERIMENT / ABLATION RESULTS,F2. Baseline + Relational Triadic Features,RandomForestClassifier,Research Candidate,20,N/A,5-Fold Graph-Aware Edge CV,Training Split (G_train),CV_Precision_Mean,0.7328,ratio,5-fold cross validation result for feature experiment 'F2. Baseline + Relational Triadic Features'
12. EXPERIMENT / ABLATION RESULTS,F2. Baseline + Relational Triadic Features,RandomForestClassifier,Research Candidate,20,N/A,5-Fold Graph-Aware Edge CV,Training Split (G_train),CV_Recall_Mean,0.3661,ratio,5-fold cross validation result for feature experiment 'F2. Baseline + Relational Triadic Features'
12. EXPERIMENT / ABLATION RESULTS,F2. Baseline + Relational Triadic Features,RandomForestClassifier,Research Candidate,20,N/A,5-Fold Graph-Aware Edge CV,Training Split (G_train),CV_MCC_Mean,0.269,coefficient,5-fold cross validation result for feature experiment 'F2. Baseline + Relational Triadic Features'
12. EXPERIMENT / ABLATION RESULTS,F3. Baseline + Market Ratio,RandomForestClassifier,Research Candidate,18,N/A,5-Fold Graph-Aware Edge CV,Training Split (G_train),CV_PR_AUC_Mean,0.6644,score,5-fold cross validation result for feature experiment 'F3. Baseline + Market Ratio'
12. EXPERIMENT / ABLATION RESULTS,F3. Baseline + Market Ratio,RandomForestClassifier,Research Candidate,18,N/A,5-Fold Graph-Aware Edge CV,Training Split (G_train),CV_PR_AUC_Std,0.0224,score,5-fold cross validation result for feature experiment 'F3. Baseline + Market Ratio'
12. EXPERIMENT / ABLATION RESULTS,F3. Baseline + Market Ratio,RandomForestClassifier,Research Candidate,18,N/A,5-Fold Graph-Aware Edge CV,Training Split (G_train),CV_ROC_AUC_Mean,0.6577,score,5-fold cross validation result for feature experiment 'F3. Baseline + Market Ratio'
12. EXPERIMENT / ABLATION RESULTS,F3. Baseline + Market Ratio,RandomForestClassifier,Research Candidate,18,N/A,5-Fold Graph-Aware Edge CV,Training Split (G_train),CV_ROC_AUC_Std,0.0205,score,5-fold cross validation result for feature experiment 'F3. Baseline + Market Ratio'
12. EXPERIMENT / ABLATION RESULTS,F3. Baseline + Market Ratio,RandomForestClassifier,Research Candidate,18,N/A,5-Fold Graph-Aware Edge CV,Training Split (G_train),CV_F1_Mean,0.4773,score,5-fold cross validation result for feature experiment 'F3. Baseline + Market Ratio'
12. EXPERIMENT / ABLATION RESULTS,F3. Baseline + Market Ratio,RandomForestClassifier,Research Candidate,18,N/A,5-Fold Graph-Aware Edge CV,Training Split (G_train),CV_Precision_Mean,0.7357,ratio,5-fold cross validation result for feature experiment 'F3. Baseline + Market Ratio'
12. EXPERIMENT / ABLATION RESULTS,F3. Baseline + Market Ratio,RandomForestClassifier,Research Candidate,18,N/A,5-Fold Graph-Aware Edge CV,Training Split (G_train),CV_Recall_Mean,0.3542,ratio,5-fold cross validation result for feature experiment 'F3. Baseline + Market Ratio'
12. EXPERIMENT / ABLATION RESULTS,F3. Baseline + Market Ratio,RandomForestClassifier,Research Candidate,18,N/A,5-Fold Graph-Aware Edge CV,Training Split (G_train),CV_MCC_Mean,0.2655,coefficient,5-fold cross validation result for feature experiment 'F3. Baseline + Market Ratio'
12. EXPERIMENT / ABLATION RESULTS,F4. Full Extended Candidate Set (26 Features),RandomForestClassifier,Research Candidate,26,N/A,5-Fold Graph-Aware Edge CV,Training Split (G_train),CV_PR_AUC_Mean,0.6646,score,5-fold cross validation result for feature experiment 'F4. Full Extended Candidate Set (26 Features)'
12. EXPERIMENT / ABLATION RESULTS,F4. Full Extended Candidate Set (26 Features),RandomForestClassifier,Research Candidate,26,N/A,5-Fold Graph-Aware Edge CV,Training Split (G_train),CV_PR_AUC_Std,0.0205,score,5-fold cross validation result for feature experiment 'F4. Full Extended Candidate Set (26 Features)'
12. EXPERIMENT / ABLATION RESULTS,F4. Full Extended Candidate Set (26 Features),RandomForestClassifier,Research Candidate,26,N/A,5-Fold Graph-Aware Edge CV,Training Split (G_train),CV_ROC_AUC_Mean,0.657,score,5-fold cross validation result for feature experiment 'F4. Full Extended Candidate Set (26 Features)'
12. EXPERIMENT / ABLATION RESULTS,F4. Full Extended Candidate Set (26 Features),RandomForestClassifier,Research Candidate,26,N/A,5-Fold Graph-Aware Edge CV,Training Split (G_train),CV_ROC_AUC_Std,0.0187,score,5-fold cross validation result for feature experiment 'F4. Full Extended Candidate Set (26 Features)'
12. EXPERIMENT / ABLATION RESULTS,F4. Full Extended Candidate Set (26 Features),RandomForestClassifier,Research Candidate,26,N/A,5-Fold Graph-Aware Edge CV,Training Split (G_train),CV_F1_Mean,0.4846,score,5-fold cross validation result for feature experiment 'F4. Full Extended Candidate Set (26 Features)'
12. EXPERIMENT / ABLATION RESULTS,F4. Full Extended Candidate Set (26 Features),RandomForestClassifier,Research Candidate,26,N/A,5-Fold Graph-Aware Edge CV,Training Split (G_train),CV_Precision_Mean,0.7465,ratio,5-fold cross validation result for feature experiment 'F4. Full Extended Candidate Set (26 Features)'
12. EXPERIMENT / ABLATION RESULTS,F4. Full Extended Candidate Set (26 Features),RandomForestClassifier,Research Candidate,26,N/A,5-Fold Graph-Aware Edge CV,Training Split (G_train),CV_Recall_Mean,0.3593,ratio,5-fold cross validation result for feature experiment 'F4. Full Extended Candidate Set (26 Features)'
12. EXPERIMENT / ABLATION RESULTS,F4. Full Extended Candidate Set (26 Features),RandomForestClassifier,Research Candidate,26,N/A,5-Fold Graph-Aware Edge CV,Training Split (G_train),CV_MCC_Mean,0.2775,coefficient,5-fold cross validation result for feature experiment 'F4. Full Extended Candidate Set (26 Features)'
12. EXPERIMENT / ABLATION RESULTS,+ Single: cosine_similarity,RandomForestClassifier,Research Candidate,18,N/A,5-Fold Graph-Aware Edge CV,Training Split (G_train),CV_PR_AUC_Mean,0.6667,score,5-fold cross validation result for feature experiment '+ Single: cosine_similarity'
12. EXPERIMENT / ABLATION RESULTS,+ Single: cosine_similarity,RandomForestClassifier,Research Candidate,18,N/A,5-Fold Graph-Aware Edge CV,Training Split (G_train),CV_PR_AUC_Std,0.0235,score,5-fold cross validation result for feature experiment '+ Single: cosine_similarity'
12. EXPERIMENT / ABLATION RESULTS,+ Single: cosine_similarity,RandomForestClassifier,Research Candidate,18,N/A,5-Fold Graph-Aware Edge CV,Training Split (G_train),CV_ROC_AUC_Mean,0.6568,score,5-fold cross validation result for feature experiment '+ Single: cosine_similarity'
12. EXPERIMENT / ABLATION RESULTS,+ Single: cosine_similarity,RandomForestClassifier,Research Candidate,18,N/A,5-Fold Graph-Aware Edge CV,Training Split (G_train),CV_ROC_AUC_Std,0.0208,score,5-fold cross validation result for feature experiment '+ Single: cosine_similarity'
12. EXPERIMENT / ABLATION RESULTS,+ Single: cosine_similarity,RandomForestClassifier,Research Candidate,18,N/A,5-Fold Graph-Aware Edge CV,Training Split (G_train),CV_F1_Mean,0.4814,score,5-fold cross validation result for feature experiment '+ Single: cosine_similarity'
12. EXPERIMENT / ABLATION RESULTS,+ Single: cosine_similarity,RandomForestClassifier,Research Candidate,18,N/A,5-Fold Graph-Aware Edge CV,Training Split (G_train),CV_Precision_Mean,0.7392,ratio,5-fold cross validation result for feature experiment '+ Single: cosine_similarity'
12. EXPERIMENT / ABLATION RESULTS,+ Single: cosine_similarity,RandomForestClassifier,Research Candidate,18,N/A,5-Fold Graph-Aware Edge CV,Training Split (G_train),CV_Recall_Mean,0.3576,ratio,5-fold cross validation result for feature experiment '+ Single: cosine_similarity'
12. EXPERIMENT / ABLATION RESULTS,+ Single: cosine_similarity,RandomForestClassifier,Research Candidate,18,N/A,5-Fold Graph-Aware Edge CV,Training Split (G_train),CV_MCC_Mean,0.2701,coefficient,5-fold cross validation result for feature experiment '+ Single: cosine_similarity'
12. EXPERIMENT / ABLATION RESULTS,+ Single: sorensen_similarity,RandomForestClassifier,Research Candidate,18,N/A,5-Fold Graph-Aware Edge CV,Training Split (G_train),CV_PR_AUC_Mean,0.6668,score,5-fold cross validation result for feature experiment '+ Single: sorensen_similarity'
12. EXPERIMENT / ABLATION RESULTS,+ Single: sorensen_similarity,RandomForestClassifier,Research Candidate,18,N/A,5-Fold Graph-Aware Edge CV,Training Split (G_train),CV_PR_AUC_Std,0.0203,score,5-fold cross validation result for feature experiment '+ Single: sorensen_similarity'
12. EXPERIMENT / ABLATION RESULTS,+ Single: sorensen_similarity,RandomForestClassifier,Research Candidate,18,N/A,5-Fold Graph-Aware Edge CV,Training Split (G_train),CV_ROC_AUC_Mean,0.6566,score,5-fold cross validation result for feature experiment '+ Single: sorensen_similarity'
12. EXPERIMENT / ABLATION RESULTS,+ Single: sorensen_similarity,RandomForestClassifier,Research Candidate,18,N/A,5-Fold Graph-Aware Edge CV,Training Split (G_train),CV_ROC_AUC_Std,0.021,score,5-fold cross validation result for feature experiment '+ Single: sorensen_similarity'
12. EXPERIMENT / ABLATION RESULTS,+ Single: sorensen_similarity,RandomForestClassifier,Research Candidate,18,N/A,5-Fold Graph-Aware Edge CV,Training Split (G_train),CV_F1_Mean,0.482,score,5-fold cross validation result for feature experiment '+ Single: sorensen_similarity'
12. EXPERIMENT / ABLATION RESULTS,+ Single: sorensen_similarity,RandomForestClassifier,Research Candidate,18,N/A,5-Fold Graph-Aware Edge CV,Training Split (G_train),CV_Precision_Mean,0.7389,ratio,5-fold cross validation result for feature experiment '+ Single: sorensen_similarity'
12. EXPERIMENT / ABLATION RESULTS,+ Single: sorensen_similarity,RandomForestClassifier,Research Candidate,18,N/A,5-Fold Graph-Aware Edge CV,Training Split (G_train),CV_Recall_Mean,0.3585,ratio,5-fold cross validation result for feature experiment '+ Single: sorensen_similarity'
12. EXPERIMENT / ABLATION RESULTS,+ Single: sorensen_similarity,RandomForestClassifier,Research Candidate,18,N/A,5-Fold Graph-Aware Edge CV,Training Split (G_train),CV_MCC_Mean,0.2707,coefficient,5-fold cross validation result for feature experiment '+ Single: sorensen_similarity'
12. EXPERIMENT / ABLATION RESULTS,+ Single: hub_promoted_index,RandomForestClassifier,Research Candidate,18,N/A,5-Fold Graph-Aware Edge CV,Training Split (G_train),CV_PR_AUC_Mean,0.6635,score,5-fold cross validation result for feature experiment '+ Single: hub_promoted_index'
12. EXPERIMENT / ABLATION RESULTS,+ Single: hub_promoted_index,RandomForestClassifier,Research Candidate,18,N/A,5-Fold Graph-Aware Edge CV,Training Split (G_train),CV_PR_AUC_Std,0.0216,score,5-fold cross validation result for feature experiment '+ Single: hub_promoted_index'
12. EXPERIMENT / ABLATION RESULTS,+ Single: hub_promoted_index,RandomForestClassifier,Research Candidate,18,N/A,5-Fold Graph-Aware Edge CV,Training Split (G_train),CV_ROC_AUC_Mean,0.6555,score,5-fold cross validation result for feature experiment '+ Single: hub_promoted_index'
12. EXPERIMENT / ABLATION RESULTS,+ Single: hub_promoted_index,RandomForestClassifier,Research Candidate,18,N/A,5-Fold Graph-Aware Edge CV,Training Split (G_train),CV_ROC_AUC_Std,0.0206,score,5-fold cross validation result for feature experiment '+ Single: hub_promoted_index'
12. EXPERIMENT / ABLATION RESULTS,+ Single: hub_promoted_index,RandomForestClassifier,Research Candidate,18,N/A,5-Fold Graph-Aware Edge CV,Training Split (G_train),CV_F1_Mean,0.4798,score,5-fold cross validation result for feature experiment '+ Single: hub_promoted_index'
12. EXPERIMENT / ABLATION RESULTS,+ Single: hub_promoted_index,RandomForestClassifier,Research Candidate,18,N/A,5-Fold Graph-Aware Edge CV,Training Split (G_train),CV_Precision_Mean,0.7333,ratio,5-fold cross validation result for feature experiment '+ Single: hub_promoted_index'
12. EXPERIMENT / ABLATION RESULTS,+ Single: hub_promoted_index,RandomForestClassifier,Research Candidate,18,N/A,5-Fold Graph-Aware Edge CV,Training Split (G_train),CV_Recall_Mean,0.3576,ratio,5-fold cross validation result for feature experiment '+ Single: hub_promoted_index'
12. EXPERIMENT / ABLATION RESULTS,+ Single: hub_promoted_index,RandomForestClassifier,Research Candidate,18,N/A,5-Fold Graph-Aware Edge CV,Training Split (G_train),CV_MCC_Mean,0.2653,coefficient,5-fold cross validation result for feature experiment '+ Single: hub_promoted_index'
12. EXPERIMENT / ABLATION RESULTS,+ Single: hub_depressed_index,RandomForestClassifier,Research Candidate,18,N/A,5-Fold Graph-Aware Edge CV,Training Split (G_train),CV_PR_AUC_Mean,0.6664,score,5-fold cross validation result for feature experiment '+ Single: hub_depressed_index'
12. EXPERIMENT / ABLATION RESULTS,+ Single: hub_depressed_index,RandomForestClassifier,Research Candidate,18,N/A,5-Fold Graph-Aware Edge CV,Training Split (G_train),CV_PR_AUC_Std,0.0226,score,5-fold cross validation result for feature experiment '+ Single: hub_depressed_index'
12. EXPERIMENT / ABLATION RESULTS,+ Single: hub_depressed_index,RandomForestClassifier,Research Candidate,18,N/A,5-Fold Graph-Aware Edge CV,Training Split (G_train),CV_ROC_AUC_Mean,0.6563,score,5-fold cross validation result for feature experiment '+ Single: hub_depressed_index'
12. EXPERIMENT / ABLATION RESULTS,+ Single: hub_depressed_index,RandomForestClassifier,Research Candidate,18,N/A,5-Fold Graph-Aware Edge CV,Training Split (G_train),CV_ROC_AUC_Std,0.0215,score,5-fold cross validation result for feature experiment '+ Single: hub_depressed_index'
12. EXPERIMENT / ABLATION RESULTS,+ Single: hub_depressed_index,RandomForestClassifier,Research Candidate,18,N/A,5-Fold Graph-Aware Edge CV,Training Split (G_train),CV_F1_Mean,0.476,score,5-fold cross validation result for feature experiment '+ Single: hub_depressed_index'
12. EXPERIMENT / ABLATION RESULTS,+ Single: hub_depressed_index,RandomForestClassifier,Research Candidate,18,N/A,5-Fold Graph-Aware Edge CV,Training Split (G_train),CV_Precision_Mean,0.7407,ratio,5-fold cross validation result for feature experiment '+ Single: hub_depressed_index'
12. EXPERIMENT / ABLATION RESULTS,+ Single: hub_depressed_index,RandomForestClassifier,Research Candidate,18,N/A,5-Fold Graph-Aware Edge CV,Training Split (G_train),CV_Recall_Mean,0.3517,ratio,5-fold cross validation result for feature experiment '+ Single: hub_depressed_index'
12. EXPERIMENT / ABLATION RESULTS,+ Single: hub_depressed_index,RandomForestClassifier,Research Candidate,18,N/A,5-Fold Graph-Aware Edge CV,Training Split (G_train),CV_MCC_Mean,0.2687,coefficient,5-fold cross validation result for feature experiment '+ Single: hub_depressed_index'
12. EXPERIMENT / ABLATION RESULTS,+ Single: degree_diff_norm,RandomForestClassifier,Research Candidate,18,N/A,5-Fold Graph-Aware Edge CV,Training Split (G_train),CV_PR_AUC_Mean,0.6641,score,5-fold cross validation result for feature experiment '+ Single: degree_diff_norm'
12. EXPERIMENT / ABLATION RESULTS,+ Single: degree_diff_norm,RandomForestClassifier,Research Candidate,18,N/A,5-Fold Graph-Aware Edge CV,Training Split (G_train),CV_PR_AUC_Std,0.0229,score,5-fold cross validation result for feature experiment '+ Single: degree_diff_norm'
12. EXPERIMENT / ABLATION RESULTS,+ Single: degree_diff_norm,RandomForestClassifier,Research Candidate,18,N/A,5-Fold Graph-Aware Edge CV,Training Split (G_train),CV_ROC_AUC_Mean,0.6525,score,5-fold cross validation result for feature experiment '+ Single: degree_diff_norm'
12. EXPERIMENT / ABLATION RESULTS,+ Single: degree_diff_norm,RandomForestClassifier,Research Candidate,18,N/A,5-Fold Graph-Aware Edge CV,Training Split (G_train),CV_ROC_AUC_Std,0.0204,score,5-fold cross validation result for feature experiment '+ Single: degree_diff_norm'
12. EXPERIMENT / ABLATION RESULTS,+ Single: degree_diff_norm,RandomForestClassifier,Research Candidate,18,N/A,5-Fold Graph-Aware Edge CV,Training Split (G_train),CV_F1_Mean,0.4862,score,5-fold cross validation result for feature experiment '+ Single: degree_diff_norm'
12. EXPERIMENT / ABLATION RESULTS,+ Single: degree_diff_norm,RandomForestClassifier,Research Candidate,18,N/A,5-Fold Graph-Aware Edge CV,Training Split (G_train),CV_Precision_Mean,0.7409,ratio,5-fold cross validation result for feature experiment '+ Single: degree_diff_norm'
12. EXPERIMENT / ABLATION RESULTS,+ Single: degree_diff_norm,RandomForestClassifier,Research Candidate,18,N/A,5-Fold Graph-Aware Edge CV,Training Split (G_train),CV_Recall_Mean,0.3627,ratio,5-fold cross validation result for feature experiment '+ Single: degree_diff_norm'
12. EXPERIMENT / ABLATION RESULTS,+ Single: degree_diff_norm,RandomForestClassifier,Research Candidate,18,N/A,5-Fold Graph-Aware Edge CV,Training Split (G_train),CV_MCC_Mean,0.2747,coefficient,5-fold cross validation result for feature experiment '+ Single: degree_diff_norm'
12. EXPERIMENT / ABLATION RESULTS,+ Single: vouched_common_count,RandomForestClassifier,Research Candidate,18,N/A,5-Fold Graph-Aware Edge CV,Training Split (G_train),CV_PR_AUC_Mean,0.6656,score,5-fold cross validation result for feature experiment '+ Single: vouched_common_count'
12. EXPERIMENT / ABLATION RESULTS,+ Single: vouched_common_count,RandomForestClassifier,Research Candidate,18,N/A,5-Fold Graph-Aware Edge CV,Training Split (G_train),CV_PR_AUC_Std,0.0209,score,5-fold cross validation result for feature experiment '+ Single: vouched_common_count'
12. EXPERIMENT / ABLATION RESULTS,+ Single: vouched_common_count,RandomForestClassifier,Research Candidate,18,N/A,5-Fold Graph-Aware Edge CV,Training Split (G_train),CV_ROC_AUC_Mean,0.6555,score,5-fold cross validation result for feature experiment '+ Single: vouched_common_count'
12. EXPERIMENT / ABLATION RESULTS,+ Single: vouched_common_count,RandomForestClassifier,Research Candidate,18,N/A,5-Fold Graph-Aware Edge CV,Training Split (G_train),CV_ROC_AUC_Std,0.0192,score,5-fold cross validation result for feature experiment '+ Single: vouched_common_count'
12. EXPERIMENT / ABLATION RESULTS,+ Single: vouched_common_count,RandomForestClassifier,Research Candidate,18,N/A,5-Fold Graph-Aware Edge CV,Training Split (G_train),CV_F1_Mean,0.4825,score,5-fold cross validation result for feature experiment '+ Single: vouched_common_count'
12. EXPERIMENT / ABLATION RESULTS,+ Single: vouched_common_count,RandomForestClassifier,Research Candidate,18,N/A,5-Fold Graph-Aware Edge CV,Training Split (G_train),CV_Precision_Mean,0.7421,ratio,5-fold cross validation result for feature experiment '+ Single: vouched_common_count'
12. EXPERIMENT / ABLATION RESULTS,+ Single: vouched_common_count,RandomForestClassifier,Research Candidate,18,N/A,5-Fold Graph-Aware Edge CV,Training Split (G_train),CV_Recall_Mean,0.3585,ratio,5-fold cross validation result for feature experiment '+ Single: vouched_common_count'
12. EXPERIMENT / ABLATION RESULTS,+ Single: vouched_common_count,RandomForestClassifier,Research Candidate,18,N/A,5-Fold Graph-Aware Edge CV,Training Split (G_train),CV_MCC_Mean,0.2732,coefficient,5-fold cross validation result for feature experiment '+ Single: vouched_common_count'
12. EXPERIMENT / ABLATION RESULTS,+ Single: transacted_common_count,RandomForestClassifier,Research Candidate,18,N/A,5-Fold Graph-Aware Edge CV,Training Split (G_train),CV_PR_AUC_Mean,0.6657,score,5-fold cross validation result for feature experiment '+ Single: transacted_common_count'
12. EXPERIMENT / ABLATION RESULTS,+ Single: transacted_common_count,RandomForestClassifier,Research Candidate,18,N/A,5-Fold Graph-Aware Edge CV,Training Split (G_train),CV_PR_AUC_Std,0.0186,score,5-fold cross validation result for feature experiment '+ Single: transacted_common_count'
12. EXPERIMENT / ABLATION RESULTS,+ Single: transacted_common_count,RandomForestClassifier,Research Candidate,18,N/A,5-Fold Graph-Aware Edge CV,Training Split (G_train),CV_ROC_AUC_Mean,0.6543,score,5-fold cross validation result for feature experiment '+ Single: transacted_common_count'
12. EXPERIMENT / ABLATION RESULTS,+ Single: transacted_common_count,RandomForestClassifier,Research Candidate,18,N/A,5-Fold Graph-Aware Edge CV,Training Split (G_train),CV_ROC_AUC_Std,0.017,score,5-fold cross validation result for feature experiment '+ Single: transacted_common_count'
12. EXPERIMENT / ABLATION RESULTS,+ Single: transacted_common_count,RandomForestClassifier,Research Candidate,18,N/A,5-Fold Graph-Aware Edge CV,Training Split (G_train),CV_F1_Mean,0.4776,score,5-fold cross validation result for feature experiment '+ Single: transacted_common_count'
12. EXPERIMENT / ABLATION RESULTS,+ Single: transacted_common_count,RandomForestClassifier,Research Candidate,18,N/A,5-Fold Graph-Aware Edge CV,Training Split (G_train),CV_Precision_Mean,0.7327,ratio,5-fold cross validation result for feature experiment '+ Single: transacted_common_count'
12. EXPERIMENT / ABLATION RESULTS,+ Single: transacted_common_count,RandomForestClassifier,Research Candidate,18,N/A,5-Fold Graph-Aware Edge CV,Training Split (G_train),CV_Recall_Mean,0.3551,ratio,5-fold cross validation result for feature experiment '+ Single: transacted_common_count'
12. EXPERIMENT / ABLATION RESULTS,+ Single: transacted_common_count,RandomForestClassifier,Research Candidate,18,N/A,5-Fold Graph-Aware Edge CV,Training Split (G_train),CV_MCC_Mean,0.2631,coefficient,5-fold cross validation result for feature experiment '+ Single: transacted_common_count'
12. EXPERIMENT / ABLATION RESULTS,+ Single: cooccurred_common_count,RandomForestClassifier,Research Candidate,18,N/A,5-Fold Graph-Aware Edge CV,Training Split (G_train),CV_PR_AUC_Mean,0.6656,score,5-fold cross validation result for feature experiment '+ Single: cooccurred_common_count'
12. EXPERIMENT / ABLATION RESULTS,+ Single: cooccurred_common_count,RandomForestClassifier,Research Candidate,18,N/A,5-Fold Graph-Aware Edge CV,Training Split (G_train),CV_PR_AUC_Std,0.0195,score,5-fold cross validation result for feature experiment '+ Single: cooccurred_common_count'
12. EXPERIMENT / ABLATION RESULTS,+ Single: cooccurred_common_count,RandomForestClassifier,Research Candidate,18,N/A,5-Fold Graph-Aware Edge CV,Training Split (G_train),CV_ROC_AUC_Mean,0.6545,score,5-fold cross validation result for feature experiment '+ Single: cooccurred_common_count'
12. EXPERIMENT / ABLATION RESULTS,+ Single: cooccurred_common_count,RandomForestClassifier,Research Candidate,18,N/A,5-Fold Graph-Aware Edge CV,Training Split (G_train),CV_ROC_AUC_Std,0.0201,score,5-fold cross validation result for feature experiment '+ Single: cooccurred_common_count'
12. EXPERIMENT / ABLATION RESULTS,+ Single: cooccurred_common_count,RandomForestClassifier,Research Candidate,18,N/A,5-Fold Graph-Aware Edge CV,Training Split (G_train),CV_F1_Mean,0.4829,score,5-fold cross validation result for feature experiment '+ Single: cooccurred_common_count'
12. EXPERIMENT / ABLATION RESULTS,+ Single: cooccurred_common_count,RandomForestClassifier,Research Candidate,18,N/A,5-Fold Graph-Aware Edge CV,Training Split (G_train),CV_Precision_Mean,0.7377,ratio,5-fold cross validation result for feature experiment '+ Single: cooccurred_common_count'
12. EXPERIMENT / ABLATION RESULTS,+ Single: cooccurred_common_count,RandomForestClassifier,Research Candidate,18,N/A,5-Fold Graph-Aware Edge CV,Training Split (G_train),CV_Recall_Mean,0.3602,ratio,5-fold cross validation result for feature experiment '+ Single: cooccurred_common_count'
12. EXPERIMENT / ABLATION RESULTS,+ Single: cooccurred_common_count,RandomForestClassifier,Research Candidate,18,N/A,5-Fold Graph-Aware Edge CV,Training Split (G_train),CV_MCC_Mean,0.2702,coefficient,5-fold cross validation result for feature experiment '+ Single: cooccurred_common_count'
12. EXPERIMENT / ABLATION RESULTS,+ Single: market_overlap_ratio,RandomForestClassifier,Research Candidate,18,N/A,5-Fold Graph-Aware Edge CV,Training Split (G_train),CV_PR_AUC_Mean,0.6644,score,5-fold cross validation result for feature experiment '+ Single: market_overlap_ratio'
12. EXPERIMENT / ABLATION RESULTS,+ Single: market_overlap_ratio,RandomForestClassifier,Research Candidate,18,N/A,5-Fold Graph-Aware Edge CV,Training Split (G_train),CV_PR_AUC_Std,0.0224,score,5-fold cross validation result for feature experiment '+ Single: market_overlap_ratio'
12. EXPERIMENT / ABLATION RESULTS,+ Single: market_overlap_ratio,RandomForestClassifier,Research Candidate,18,N/A,5-Fold Graph-Aware Edge CV,Training Split (G_train),CV_ROC_AUC_Mean,0.6577,score,5-fold cross validation result for feature experiment '+ Single: market_overlap_ratio'
12. EXPERIMENT / ABLATION RESULTS,+ Single: market_overlap_ratio,RandomForestClassifier,Research Candidate,18,N/A,5-Fold Graph-Aware Edge CV,Training Split (G_train),CV_ROC_AUC_Std,0.0205,score,5-fold cross validation result for feature experiment '+ Single: market_overlap_ratio'
12. EXPERIMENT / ABLATION RESULTS,+ Single: market_overlap_ratio,RandomForestClassifier,Research Candidate,18,N/A,5-Fold Graph-Aware Edge CV,Training Split (G_train),CV_F1_Mean,0.4773,score,5-fold cross validation result for feature experiment '+ Single: market_overlap_ratio'
12. EXPERIMENT / ABLATION RESULTS,+ Single: market_overlap_ratio,RandomForestClassifier,Research Candidate,18,N/A,5-Fold Graph-Aware Edge CV,Training Split (G_train),CV_Precision_Mean,0.7357,ratio,5-fold cross validation result for feature experiment '+ Single: market_overlap_ratio'
12. EXPERIMENT / ABLATION RESULTS,+ Single: market_overlap_ratio,RandomForestClassifier,Research Candidate,18,N/A,5-Fold Graph-Aware Edge CV,Training Split (G_train),CV_Recall_Mean,0.3542,ratio,5-fold cross validation result for feature experiment '+ Single: market_overlap_ratio'
12. EXPERIMENT / ABLATION RESULTS,+ Single: market_overlap_ratio,RandomForestClassifier,Research Candidate,18,N/A,5-Fold Graph-Aware Edge CV,Training Split (G_train),CV_MCC_Mean,0.2655,coefficient,5-fold cross validation result for feature experiment '+ Single: market_overlap_ratio'
12. EXPERIMENT / ABLATION RESULTS,"RF Tuning #01: n_est=80, depth=6, split=4, leaf=2, feat=sqrt, wt=None",RandomForestClassifier,Tuning Candidate,14,0.5,5-Fold Graph-Aware Edge CV,Training Split (G_train),CV_PR_AUC_Mean,0.6993,score,Hyperparameter search candidate for Random Forest on 14 features
12. EXPERIMENT / ABLATION RESULTS,"RF Tuning #01: n_est=80, depth=6, split=4, leaf=2, feat=sqrt, wt=None",RandomForestClassifier,Tuning Candidate,14,0.5,5-Fold Graph-Aware Edge CV,Training Split (G_train),CV_ROC_AUC_Mean,0.6605,score,Hyperparameter search candidate for Random Forest on 14 features
12. EXPERIMENT / ABLATION RESULTS,"RF Tuning #01: n_est=80, depth=6, split=4, leaf=2, feat=sqrt, wt=None",RandomForestClassifier,Tuning Candidate,14,0.5,5-Fold Graph-Aware Edge CV,Training Split (G_train),CV_F1_Mean,0.5587,score,Hyperparameter search candidate for Random Forest on 14 features
12. EXPERIMENT / ABLATION RESULTS,"RF Tuning #01: n_est=80, depth=6, split=4, leaf=2, feat=sqrt, wt=None",RandomForestClassifier,Tuning Candidate,14,0.5,5-Fold Graph-Aware Edge CV,Training Split (G_train),CV_MCC_Mean,0.2865,coefficient,Hyperparameter search candidate for Random Forest on 14 features
12. EXPERIMENT / ABLATION RESULTS,"RF Tuning #02: n_est=100, depth=6, split=4, leaf=2, feat=sqrt, wt=None",RandomForestClassifier,Tuning Candidate,14,0.5,5-Fold Graph-Aware Edge CV,Training Split (G_train),CV_PR_AUC_Mean,0.6997,score,Hyperparameter search candidate for Random Forest on 14 features
12. EXPERIMENT / ABLATION RESULTS,"RF Tuning #02: n_est=100, depth=6, split=4, leaf=2, feat=sqrt, wt=None",RandomForestClassifier,Tuning Candidate,14,0.5,5-Fold Graph-Aware Edge CV,Training Split (G_train),CV_ROC_AUC_Mean,0.6612,score,Hyperparameter search candidate for Random Forest on 14 features
12. EXPERIMENT / ABLATION RESULTS,"RF Tuning #02: n_est=100, depth=6, split=4, leaf=2, feat=sqrt, wt=None",RandomForestClassifier,Tuning Candidate,14,0.5,5-Fold Graph-Aware Edge CV,Training Split (G_train),CV_F1_Mean,0.5569,score,Hyperparameter search candidate for Random Forest on 14 features
12. EXPERIMENT / ABLATION RESULTS,"RF Tuning #02: n_est=100, depth=6, split=4, leaf=2, feat=sqrt, wt=None",RandomForestClassifier,Tuning Candidate,14,0.5,5-Fold Graph-Aware Edge CV,Training Split (G_train),CV_MCC_Mean,0.2816,coefficient,Hyperparameter search candidate for Random Forest on 14 features
12. EXPERIMENT / ABLATION RESULTS,"RF Tuning #03: n_est=100, depth=8, split=4, leaf=1, feat=sqrt, wt=None",RandomForestClassifier,Tuning Candidate,14,0.5,5-Fold Graph-Aware Edge CV,Training Split (G_train),CV_PR_AUC_Mean,0.6898,score,Hyperparameter search candidate for Random Forest on 14 features
12. EXPERIMENT / ABLATION RESULTS,"RF Tuning #03: n_est=100, depth=8, split=4, leaf=1, feat=sqrt, wt=None",RandomForestClassifier,Tuning Candidate,14,0.5,5-Fold Graph-Aware Edge CV,Training Split (G_train),CV_ROC_AUC_Mean,0.6539,score,Hyperparameter search candidate for Random Forest on 14 features
12. EXPERIMENT / ABLATION RESULTS,"RF Tuning #03: n_est=100, depth=8, split=4, leaf=1, feat=sqrt, wt=None",RandomForestClassifier,Tuning Candidate,14,0.5,5-Fold Graph-Aware Edge CV,Training Split (G_train),CV_F1_Mean,0.5552,score,Hyperparameter search candidate for Random Forest on 14 features
12. EXPERIMENT / ABLATION RESULTS,"RF Tuning #03: n_est=100, depth=8, split=4, leaf=1, feat=sqrt, wt=None",RandomForestClassifier,Tuning Candidate,14,0.5,5-Fold Graph-Aware Edge CV,Training Split (G_train),CV_MCC_Mean,0.266,coefficient,Hyperparameter search candidate for Random Forest on 14 features
12. EXPERIMENT / ABLATION RESULTS,"RF Tuning #04: n_est=150, depth=8, split=4, leaf=2, feat=sqrt, wt=None",RandomForestClassifier,Tuning Candidate,14,0.5,5-Fold Graph-Aware Edge CV,Training Split (G_train),CV_PR_AUC_Mean,0.6885,score,Hyperparameter search candidate for Random Forest on 14 features
12. EXPERIMENT / ABLATION RESULTS,"RF Tuning #04: n_est=150, depth=8, split=4, leaf=2, feat=sqrt, wt=None",RandomForestClassifier,Tuning Candidate,14,0.5,5-Fold Graph-Aware Edge CV,Training Split (G_train),CV_ROC_AUC_Mean,0.6529,score,Hyperparameter search candidate for Random Forest on 14 features
12. EXPERIMENT / ABLATION RESULTS,"RF Tuning #04: n_est=150, depth=8, split=4, leaf=2, feat=sqrt, wt=None",RandomForestClassifier,Tuning Candidate,14,0.5,5-Fold Graph-Aware Edge CV,Training Split (G_train),CV_F1_Mean,0.5643,score,Hyperparameter search candidate for Random Forest on 14 features
12. EXPERIMENT / ABLATION RESULTS,"RF Tuning #04: n_est=150, depth=8, split=4, leaf=2, feat=sqrt, wt=None",RandomForestClassifier,Tuning Candidate,14,0.5,5-Fold Graph-Aware Edge CV,Training Split (G_train),CV_MCC_Mean,0.2786,coefficient,Hyperparameter search candidate for Random Forest on 14 features
12. EXPERIMENT / ABLATION RESULTS,"RF Tuning #05: n_est=200, depth=8, split=6, leaf=2, feat=sqrt, wt=None",RandomForestClassifier,Tuning Candidate,14,0.5,5-Fold Graph-Aware Edge CV,Training Split (G_train),CV_PR_AUC_Mean,0.6904,score,Hyperparameter search candidate for Random Forest on 14 features
12. EXPERIMENT / ABLATION RESULTS,"RF Tuning #05: n_est=200, depth=8, split=6, leaf=2, feat=sqrt, wt=None",RandomForestClassifier,Tuning Candidate,14,0.5,5-Fold Graph-Aware Edge CV,Training Split (G_train),CV_ROC_AUC_Mean,0.6549,score,Hyperparameter search candidate for Random Forest on 14 features
12. EXPERIMENT / ABLATION RESULTS,"RF Tuning #05: n_est=200, depth=8, split=6, leaf=2, feat=sqrt, wt=None",RandomForestClassifier,Tuning Candidate,14,0.5,5-Fold Graph-Aware Edge CV,Training Split (G_train),CV_F1_Mean,0.5587,score,Hyperparameter search candidate for Random Forest on 14 features
12. EXPERIMENT / ABLATION RESULTS,"RF Tuning #05: n_est=200, depth=8, split=6, leaf=2, feat=sqrt, wt=None",RandomForestClassifier,Tuning Candidate,14,0.5,5-Fold Graph-Aware Edge CV,Training Split (G_train),CV_MCC_Mean,0.2731,coefficient,Hyperparameter search candidate for Random Forest on 14 features
12. EXPERIMENT / ABLATION RESULTS,"RF Tuning #06: n_est=150, depth=10, split=4, leaf=2, feat=sqrt, wt=None",RandomForestClassifier,Tuning Candidate,14,0.5,5-Fold Graph-Aware Edge CV,Training Split (G_train),CV_PR_AUC_Mean,0.6836,score,Hyperparameter search candidate for Random Forest on 14 features
12. EXPERIMENT / ABLATION RESULTS,"RF Tuning #06: n_est=150, depth=10, split=4, leaf=2, feat=sqrt, wt=None",RandomForestClassifier,Tuning Candidate,14,0.5,5-Fold Graph-Aware Edge CV,Training Split (G_train),CV_ROC_AUC_Mean,0.6519,score,Hyperparameter search candidate for Random Forest on 14 features
12. EXPERIMENT / ABLATION RESULTS,"RF Tuning #06: n_est=150, depth=10, split=4, leaf=2, feat=sqrt, wt=None",RandomForestClassifier,Tuning Candidate,14,0.5,5-Fold Graph-Aware Edge CV,Training Split (G_train),CV_F1_Mean,0.5622,score,Hyperparameter search candidate for Random Forest on 14 features
12. EXPERIMENT / ABLATION RESULTS,"RF Tuning #06: n_est=150, depth=10, split=4, leaf=2, feat=sqrt, wt=None",RandomForestClassifier,Tuning Candidate,14,0.5,5-Fold Graph-Aware Edge CV,Training Split (G_train),CV_MCC_Mean,0.2615,coefficient,Hyperparameter search candidate for Random Forest on 14 features
12. EXPERIMENT / ABLATION RESULTS,"RF Tuning #07: n_est=150, depth=8, split=4, leaf=2, feat=log2, wt=None",RandomForestClassifier,Tuning Candidate,14,0.5,5-Fold Graph-Aware Edge CV,Training Split (G_train),CV_PR_AUC_Mean,0.6885,score,Hyperparameter search candidate for Random Forest on 14 features
12. EXPERIMENT / ABLATION RESULTS,"RF Tuning #07: n_est=150, depth=8, split=4, leaf=2, feat=log2, wt=None",RandomForestClassifier,Tuning Candidate,14,0.5,5-Fold Graph-Aware Edge CV,Training Split (G_train),CV_ROC_AUC_Mean,0.6529,score,Hyperparameter search candidate for Random Forest on 14 features
12. EXPERIMENT / ABLATION RESULTS,"RF Tuning #07: n_est=150, depth=8, split=4, leaf=2, feat=log2, wt=None",RandomForestClassifier,Tuning Candidate,14,0.5,5-Fold Graph-Aware Edge CV,Training Split (G_train),CV_F1_Mean,0.5643,score,Hyperparameter search candidate for Random Forest on 14 features
12. EXPERIMENT / ABLATION RESULTS,"RF Tuning #07: n_est=150, depth=8, split=4, leaf=2, feat=log2, wt=None",RandomForestClassifier,Tuning Candidate,14,0.5,5-Fold Graph-Aware Edge CV,Training Split (G_train),CV_MCC_Mean,0.2786,coefficient,Hyperparameter search candidate for Random Forest on 14 features
12. EXPERIMENT / ABLATION RESULTS,"RF Tuning #08: n_est=150, depth=8, split=4, leaf=2, feat=0.5, wt=None",RandomForestClassifier,Tuning Candidate,14,0.5,5-Fold Graph-Aware Edge CV,Training Split (G_train),CV_PR_AUC_Mean,0.678,score,Hyperparameter search candidate for Random Forest on 14 features
12. EXPERIMENT / ABLATION RESULTS,"RF Tuning #08: n_est=150, depth=8, split=4, leaf=2, feat=0.5, wt=None",RandomForestClassifier,Tuning Candidate,14,0.5,5-Fold Graph-Aware Edge CV,Training Split (G_train),CV_ROC_AUC_Mean,0.6478,score,Hyperparameter search candidate for Random Forest on 14 features
12. EXPERIMENT / ABLATION RESULTS,"RF Tuning #08: n_est=150, depth=8, split=4, leaf=2, feat=0.5, wt=None",RandomForestClassifier,Tuning Candidate,14,0.5,5-Fold Graph-Aware Edge CV,Training Split (G_train),CV_F1_Mean,0.5566,score,Hyperparameter search candidate for Random Forest on 14 features
12. EXPERIMENT / ABLATION RESULTS,"RF Tuning #08: n_est=150, depth=8, split=4, leaf=2, feat=0.5, wt=None",RandomForestClassifier,Tuning Candidate,14,0.5,5-Fold Graph-Aware Edge CV,Training Split (G_train),CV_MCC_Mean,0.2574,coefficient,Hyperparameter search candidate for Random Forest on 14 features
12. EXPERIMENT / ABLATION RESULTS,"RF Tuning #09: n_est=150, depth=8, split=4, leaf=2, feat=sqrt, wt=balanced",RandomForestClassifier,Tuning Candidate,14,0.5,5-Fold Graph-Aware Edge CV,Training Split (G_train),CV_PR_AUC_Mean,0.6894,score,Hyperparameter search candidate for Random Forest on 14 features
12. EXPERIMENT / ABLATION RESULTS,"RF Tuning #09: n_est=150, depth=8, split=4, leaf=2, feat=sqrt, wt=balanced",RandomForestClassifier,Tuning Candidate,14,0.5,5-Fold Graph-Aware Edge CV,Training Split (G_train),CV_ROC_AUC_Mean,0.6544,score,Hyperparameter search candidate for Random Forest on 14 features
12. EXPERIMENT / ABLATION RESULTS,"RF Tuning #09: n_est=150, depth=8, split=4, leaf=2, feat=sqrt, wt=balanced",RandomForestClassifier,Tuning Candidate,14,0.5,5-Fold Graph-Aware Edge CV,Training Split (G_train),CV_F1_Mean,0.5604,score,Hyperparameter search candidate for Random Forest on 14 features
12. EXPERIMENT / ABLATION RESULTS,"RF Tuning #09: n_est=150, depth=8, split=4, leaf=2, feat=sqrt, wt=balanced",RandomForestClassifier,Tuning Candidate,14,0.5,5-Fold Graph-Aware Edge CV,Training Split (G_train),CV_MCC_Mean,0.2791,coefficient,Hyperparameter search candidate for Random Forest on 14 features
12. EXPERIMENT / ABLATION RESULTS,"RF Tuning #10: n_est=200, depth=6, split=4, leaf=3, feat=sqrt, wt=None",RandomForestClassifier,Tuning Candidate,14,0.5,5-Fold Graph-Aware Edge CV,Training Split (G_train),CV_PR_AUC_Mean,0.6979,score,Hyperparameter search candidate for Random Forest on 14 features
12. EXPERIMENT / ABLATION RESULTS,"RF Tuning #10: n_est=200, depth=6, split=4, leaf=3, feat=sqrt, wt=None",RandomForestClassifier,Tuning Candidate,14,0.5,5-Fold Graph-Aware Edge CV,Training Split (G_train),CV_ROC_AUC_Mean,0.6593,score,Hyperparameter search candidate for Random Forest on 14 features
12. EXPERIMENT / ABLATION RESULTS,"RF Tuning #10: n_est=200, depth=6, split=4, leaf=3, feat=sqrt, wt=None",RandomForestClassifier,Tuning Candidate,14,0.5,5-Fold Graph-Aware Edge CV,Training Split (G_train),CV_F1_Mean,0.5568,score,Hyperparameter search candidate for Random Forest on 14 features
12. EXPERIMENT / ABLATION RESULTS,"RF Tuning #10: n_est=200, depth=6, split=4, leaf=3, feat=sqrt, wt=None",RandomForestClassifier,Tuning Candidate,14,0.5,5-Fold Graph-Aware Edge CV,Training Split (G_train),CV_MCC_Mean,0.2796,coefficient,Hyperparameter search candidate for Random Forest on 14 features
12. EXPERIMENT / ABLATION RESULTS,"XGB Tuning #01: n_est=60, depth=3, lr=0.05, sub=0.8, col=0.8, reg_a=0.1, reg_l=1.0",XGBoostClassifier,Tuning Candidate,14,0.5,5-Fold Graph-Aware Edge CV,Training Split (G_train),CV_PR_AUC_Mean,0.6991,score,Hyperparameter search candidate for XGBoost on 14 features
12. EXPERIMENT / ABLATION RESULTS,"XGB Tuning #01: n_est=60, depth=3, lr=0.05, sub=0.8, col=0.8, reg_a=0.1, reg_l=1.0",XGBoostClassifier,Tuning Candidate,14,0.5,5-Fold Graph-Aware Edge CV,Training Split (G_train),CV_ROC_AUC_Mean,0.6581,score,Hyperparameter search candidate for XGBoost on 14 features
12. EXPERIMENT / ABLATION RESULTS,"XGB Tuning #01: n_est=60, depth=3, lr=0.05, sub=0.8, col=0.8, reg_a=0.1, reg_l=1.0",XGBoostClassifier,Tuning Candidate,14,0.5,5-Fold Graph-Aware Edge CV,Training Split (G_train),CV_F1_Mean,0.5627,score,Hyperparameter search candidate for XGBoost on 14 features
12. EXPERIMENT / ABLATION RESULTS,"XGB Tuning #01: n_est=60, depth=3, lr=0.05, sub=0.8, col=0.8, reg_a=0.1, reg_l=1.0",XGBoostClassifier,Tuning Candidate,14,0.5,5-Fold Graph-Aware Edge CV,Training Split (G_train),CV_MCC_Mean,0.2671,coefficient,Hyperparameter search candidate for XGBoost on 14 features
12. EXPERIMENT / ABLATION RESULTS,"XGB Tuning #02: n_est=80, depth=3, lr=0.05, sub=0.8, col=0.8, reg_a=0.1, reg_l=1.0",XGBoostClassifier,Tuning Candidate,14,0.5,5-Fold Graph-Aware Edge CV,Training Split (G_train),CV_PR_AUC_Mean,0.6982,score,Hyperparameter search candidate for XGBoost on 14 features
12. EXPERIMENT / ABLATION RESULTS,"XGB Tuning #02: n_est=80, depth=3, lr=0.05, sub=0.8, col=0.8, reg_a=0.1, reg_l=1.0",XGBoostClassifier,Tuning Candidate,14,0.5,5-Fold Graph-Aware Edge CV,Training Split (G_train),CV_ROC_AUC_Mean,0.6572,score,Hyperparameter search candidate for XGBoost on 14 features
12. EXPERIMENT / ABLATION RESULTS,"XGB Tuning #02: n_est=80, depth=3, lr=0.05, sub=0.8, col=0.8, reg_a=0.1, reg_l=1.0",XGBoostClassifier,Tuning Candidate,14,0.5,5-Fold Graph-Aware Edge CV,Training Split (G_train),CV_F1_Mean,0.5668,score,Hyperparameter search candidate for XGBoost on 14 features
12. EXPERIMENT / ABLATION RESULTS,"XGB Tuning #02: n_est=80, depth=3, lr=0.05, sub=0.8, col=0.8, reg_a=0.1, reg_l=1.0",XGBoostClassifier,Tuning Candidate,14,0.5,5-Fold Graph-Aware Edge CV,Training Split (G_train),CV_MCC_Mean,0.2763,coefficient,Hyperparameter search candidate for XGBoost on 14 features
12. EXPERIMENT / ABLATION RESULTS,"XGB Tuning #03: n_est=100, depth=4, lr=0.05, sub=0.8, col=0.8, reg_a=0.5, reg_l=1.5",XGBoostClassifier,Tuning Candidate,14,0.5,5-Fold Graph-Aware Edge CV,Training Split (G_train),CV_PR_AUC_Mean,0.6907,score,Hyperparameter search candidate for XGBoost on 14 features
12. EXPERIMENT / ABLATION RESULTS,"XGB Tuning #03: n_est=100, depth=4, lr=0.05, sub=0.8, col=0.8, reg_a=0.5, reg_l=1.5",XGBoostClassifier,Tuning Candidate,14,0.5,5-Fold Graph-Aware Edge CV,Training Split (G_train),CV_ROC_AUC_Mean,0.6516,score,Hyperparameter search candidate for XGBoost on 14 features
12. EXPERIMENT / ABLATION RESULTS,"XGB Tuning #03: n_est=100, depth=4, lr=0.05, sub=0.8, col=0.8, reg_a=0.5, reg_l=1.5",XGBoostClassifier,Tuning Candidate,14,0.5,5-Fold Graph-Aware Edge CV,Training Split (G_train),CV_F1_Mean,0.5665,score,Hyperparameter search candidate for XGBoost on 14 features
12. EXPERIMENT / ABLATION RESULTS,"XGB Tuning #03: n_est=100, depth=4, lr=0.05, sub=0.8, col=0.8, reg_a=0.5, reg_l=1.5",XGBoostClassifier,Tuning Candidate,14,0.5,5-Fold Graph-Aware Edge CV,Training Split (G_train),CV_MCC_Mean,0.2638,coefficient,Hyperparameter search candidate for XGBoost on 14 features
12. EXPERIMENT / ABLATION RESULTS,"XGB Tuning #04: n_est=100, depth=5, lr=0.08, sub=1.0, col=1.0, reg_a=0.0, reg_l=1.0",XGBoostClassifier,Tuning Candidate,14,0.5,5-Fold Graph-Aware Edge CV,Training Split (G_train),CV_PR_AUC_Mean,0.6758,score,Hyperparameter search candidate for XGBoost on 14 features
12. EXPERIMENT / ABLATION RESULTS,"XGB Tuning #04: n_est=100, depth=5, lr=0.08, sub=1.0, col=1.0, reg_a=0.0, reg_l=1.0",XGBoostClassifier,Tuning Candidate,14,0.5,5-Fold Graph-Aware Edge CV,Training Split (G_train),CV_ROC_AUC_Mean,0.6395,score,Hyperparameter search candidate for XGBoost on 14 features
12. EXPERIMENT / ABLATION RESULTS,"XGB Tuning #04: n_est=100, depth=5, lr=0.08, sub=1.0, col=1.0, reg_a=0.0, reg_l=1.0",XGBoostClassifier,Tuning Candidate,14,0.5,5-Fold Graph-Aware Edge CV,Training Split (G_train),CV_F1_Mean,0.5627,score,Hyperparameter search candidate for XGBoost on 14 features
12. EXPERIMENT / ABLATION RESULTS,"XGB Tuning #04: n_est=100, depth=5, lr=0.08, sub=1.0, col=1.0, reg_a=0.0, reg_l=1.0",XGBoostClassifier,Tuning Candidate,14,0.5,5-Fold Graph-Aware Edge CV,Training Split (G_train),CV_MCC_Mean,0.2572,coefficient,Hyperparameter search candidate for XGBoost on 14 features
12. EXPERIMENT / ABLATION RESULTS,"XGB Tuning #05: n_est=120, depth=4, lr=0.04, sub=0.8, col=0.7, reg_a=0.5, reg_l=2.0",XGBoostClassifier,Tuning Candidate,14,0.5,5-Fold Graph-Aware Edge CV,Training Split (G_train),CV_PR_AUC_Mean,0.6933,score,Hyperparameter search candidate for XGBoost on 14 features
12. EXPERIMENT / ABLATION RESULTS,"XGB Tuning #05: n_est=120, depth=4, lr=0.04, sub=0.8, col=0.7, reg_a=0.5, reg_l=2.0",XGBoostClassifier,Tuning Candidate,14,0.5,5-Fold Graph-Aware Edge CV,Training Split (G_train),CV_ROC_AUC_Mean,0.6546,score,Hyperparameter search candidate for XGBoost on 14 features
12. EXPERIMENT / ABLATION RESULTS,"XGB Tuning #05: n_est=120, depth=4, lr=0.04, sub=0.8, col=0.7, reg_a=0.5, reg_l=2.0",XGBoostClassifier,Tuning Candidate,14,0.5,5-Fold Graph-Aware Edge CV,Training Split (G_train),CV_F1_Mean,0.5606,score,Hyperparameter search candidate for XGBoost on 14 features
12. EXPERIMENT / ABLATION RESULTS,"XGB Tuning #05: n_est=120, depth=4, lr=0.04, sub=0.8, col=0.7, reg_a=0.5, reg_l=2.0",XGBoostClassifier,Tuning Candidate,14,0.5,5-Fold Graph-Aware Edge CV,Training Split (G_train),CV_MCC_Mean,0.2523,coefficient,Hyperparameter search candidate for XGBoost on 14 features
12. EXPERIMENT / ABLATION RESULTS,"XGB Tuning #06: n_est=150, depth=3, lr=0.03, sub=0.8, col=0.8, reg_a=0.2, reg_l=1.0",XGBoostClassifier,Tuning Candidate,14,0.5,5-Fold Graph-Aware Edge CV,Training Split (G_train),CV_PR_AUC_Mean,0.6991,score,Hyperparameter search candidate for XGBoost on 14 features
12. EXPERIMENT / ABLATION RESULTS,"XGB Tuning #06: n_est=150, depth=3, lr=0.03, sub=0.8, col=0.8, reg_a=0.2, reg_l=1.0",XGBoostClassifier,Tuning Candidate,14,0.5,5-Fold Graph-Aware Edge CV,Training Split (G_train),CV_ROC_AUC_Mean,0.6582,score,Hyperparameter search candidate for XGBoost on 14 features
12. EXPERIMENT / ABLATION RESULTS,"XGB Tuning #06: n_est=150, depth=3, lr=0.03, sub=0.8, col=0.8, reg_a=0.2, reg_l=1.0",XGBoostClassifier,Tuning Candidate,14,0.5,5-Fold Graph-Aware Edge CV,Training Split (G_train),CV_F1_Mean,0.563,score,Hyperparameter search candidate for XGBoost on 14 features
12. EXPERIMENT / ABLATION RESULTS,"XGB Tuning #06: n_est=150, depth=3, lr=0.03, sub=0.8, col=0.8, reg_a=0.2, reg_l=1.0",XGBoostClassifier,Tuning Candidate,14,0.5,5-Fold Graph-Aware Edge CV,Training Split (G_train),CV_MCC_Mean,0.2664,coefficient,Hyperparameter search candidate for XGBoost on 14 features
12. EXPERIMENT / ABLATION RESULTS,"XGB Tuning #07: n_est=100, depth=3, lr=0.05, sub=0.7, col=0.7, reg_a=1.0, reg_l=3.0",XGBoostClassifier,Tuning Candidate,14,0.5,5-Fold Graph-Aware Edge CV,Training Split (G_train),CV_PR_AUC_Mean,0.697,score,Hyperparameter search candidate for XGBoost on 14 features
12. EXPERIMENT / ABLATION RESULTS,"XGB Tuning #07: n_est=100, depth=3, lr=0.05, sub=0.7, col=0.7, reg_a=1.0, reg_l=3.0",XGBoostClassifier,Tuning Candidate,14,0.5,5-Fold Graph-Aware Edge CV,Training Split (G_train),CV_ROC_AUC_Mean,0.6593,score,Hyperparameter search candidate for XGBoost on 14 features
12. EXPERIMENT / ABLATION RESULTS,"XGB Tuning #07: n_est=100, depth=3, lr=0.05, sub=0.7, col=0.7, reg_a=1.0, reg_l=3.0",XGBoostClassifier,Tuning Candidate,14,0.5,5-Fold Graph-Aware Edge CV,Training Split (G_train),CV_F1_Mean,0.5722,score,Hyperparameter search candidate for XGBoost on 14 features
12. EXPERIMENT / ABLATION RESULTS,"XGB Tuning #07: n_est=100, depth=3, lr=0.05, sub=0.7, col=0.7, reg_a=1.0, reg_l=3.0",XGBoostClassifier,Tuning Candidate,14,0.5,5-Fold Graph-Aware Edge CV,Training Split (G_train),CV_MCC_Mean,0.2728,coefficient,Hyperparameter search candidate for XGBoost on 14 features
