persona_id,handle,marketplace,pgp_fingerprint,wallet_address,first_seen_date,last_seen_date
P-7f657fd3,CrimsonEcho551,abraxas,975C44FDABEE9D7454C8DA7C4D7973C4B9EAE1BF,1afOesbWyIS94oCqDiCL0QYmhiRylzDSS,2017-04-18,2019-04-03
P-9c764860,CrimsonEcho551,agora,975C44FDABEE9D7454C8DA7C4D7973C4B9EAE1BF,1afOesbWyIS94oCqDiCL0QYmhiRylzDSS,2015-07-11,2018-02-22
P-3532e4c1,CrimsonEcho551,evolution,975C44FDABEE9D7454C8DA7C4D7973C4B9EAE1BF,1afOesbWyIS94oCqDiCL0QYmhiRylzDSS,2016-07-12,2020-04-11
P-d45f03c8,CrimsonEcho551,nucleus,975C44FDABEE9D7454C8DA7C4D7973C4B9EAE1BF,1afOesbWyIS94oCqDiCL0QYmhiRylzDSS,2015-10-21,2018-05-06
P-c4acb9e4,CrimsonEcho551,silkroad2,975C44FDABEE9D7454C8DA7C4D7973C4B9EAE1BF,1afOesbWyIS94oCqDiCL0QYmhiRylzDSS,2015-10-27,2021-10-05
P-5e481ce2,PhantomCipher446,abraxas,E76D9C4B72EBDFA8C6859F64255A199E6F09140C,1WOoL7fVrKeiZSfscJohaELu7CjB1Q82P,2016-01-27,2019-04-22
P-b1d4b5c7,PhantomCipher446,agora,E76D9C4B72EBDFA8C6859F64255A199E6F09140C,1WOoL7fVrKeiZSfscJohaELu7CjB1Q82P,2015-03-25,2018-02-24
P-817232ae,PhantomCipher446,evolution,E76D9C4B72EBDFA8C6859F64255A199E6F09140C,1WOoL7fVrKeiZSfscJohaELu7CjB1Q82P,2013-04-20,2019-05-01
P-b5c8b7a6,PhantomCipher446,nucleus,E76D9C4B72EBDFA8C6859F64255A199E6F09140C,1WOoL7fVrKeiZSfscJohaELu7CjB1Q82P,2015-12-26,2018-05-15
P-1fd8b030,PhantomCipher446,silkroad2,E76D9C4B72EBDFA8C6859F64255A199E6F09140C,1WOoL7fVrKeiZSfscJohaELu7CjB1Q82P,2016-01-11,2019-12-18
P-801aa231,ChaosCrypt92,abraxas,CE9346E0221F8630D380C3D0EA08327E8188B433,1Ph8bqfr3vcgTeJdTc9bUT9SLJ12HdZLb,2014-04-18,2020-09-16
P-be034cf0,ChaosCrypt92,agora,CE9346E0221F8630D380C3D0EA08327E8188B433,1Ph8bqfr3vcgTeJdTc9bUT9SLJ12HdZLb,2017-12-05,2018-07-19
P-65aec1c9,ChaosCrypt92,evolution,CE9346E0221F8630D380C3D0EA08327E8188B433,1Ph8bqfr3vcgTeJdTc9bUT9SLJ12HdZLb,2017-01-09,2019-01-10
P-3db2ba02,ChaosCrypt92,nucleus,CE9346E0221F8630D380C3D0EA08327E8188B433,1Ph8bqfr3vcgTeJdTc9bUT9SLJ12HdZLb,2014-12-20,2020-01-15
P-56b0fe87,ChaosCrypt92,outlaw_market,CE9346E0221F8630D380C3D0EA08327E8188B433,1Ph8bqfr3vcgTeJdTc9bUT9SLJ12HdZLb,2013-02-13,2020-11-28
P-5706fe29,NoirHunter344,abraxas,84D9AA576B52E5335356757B54F470D5B2709A5A,1csCWhLKDeYn0PzhQembMZ5kXobw8z9OG,2015-02-01,2020-11-13
P-bf2b0df9,NoirHunter344,agora,84D9AA576B52E5335356757B54F470D5B2709A5A,1csCWhLKDeYn0PzhQembMZ5kXobw8z9OG,2014-07-17,2018-06-16
P-ec7a5f42,NoirHunter344,evolution,84D9AA576B52E5335356757B54F470D5B2709A5A,1csCWhLKDeYn0PzhQembMZ5kXobw8z9OG,2017-09-03,2019-04-17
P-6ee7b10d,NoirHunter344,nucleus,84D9AA576B52E5335356757B54F470D5B2709A5A,1csCWhLKDeYn0PzhQembMZ5kXobw8z9OG,2016-09-23,2018-01-08
P-c09e4cf6,NoirHunter344,outlaw_market,84D9AA576B52E5335356757B54F470D5B2709A5A,1csCWhLKDeYn0PzhQembMZ5kXobw8z9OG,2017-05-11,2021-07-24
P-1a401a7c,VoidWraith381,1776,F62F36063CC70C5074FB687C61F9CEED99204EFA,13GWVTcqXGKlDZ7ORhqAHqY5wVmYAmIlF,2014-01-12,2020-06-21
P-fcbdc7af,VoidWraith381,abraxas,F62F36063CC70C5074FB687C61F9CEED99204EFA,13GWVTcqXGKlDZ7ORhqAHqY5wVmYAmIlF,2015-04-17,2020-01-21
P-8f7cbb53,VoidWraith381,agora,F62F36063CC70C5074FB687C61F9CEED99204EFA,13GWVTcqXGKlDZ7ORhqAHqY5wVmYAmIlF,2015-07-27,2018-09-09
P-c932f0a1,VoidWraith381,evolution,F62F36063CC70C5074FB687C61F9CEED99204EFA,13GWVTcqXGKlDZ7ORhqAHqY5wVmYAmIlF,2014-03-11,2021-11-05
P-c39d8f7d,VoidWraith381,nucleus,F62F36063CC70C5074FB687C61F9CEED99204EFA,13GWVTcqXGKlDZ7ORhqAHqY5wVmYAmIlF,2013-12-13,2019-07-08
P-1233af5d,EmberTrader869,abraxas,13D2C1610D0358C48EDEE2B3C5E0798D4F7B4FD6,1DgeA6UroycCaA7Gga6ln9FCpXPc4Ut2H,2017-03-14,2020-10-11
P-5b95b625,EmberTrader869,agora,13D2C1610D0358C48EDEE2B3C5E0798D4F7B4FD6,1DgeA6UroycCaA7Gga6ln9FCpXPc4Ut2H,2016-09-05,2019-11-05
P-4cbb64c7,EmberTrader869,evolution,13D2C1610D0358C48EDEE2B3C5E0798D4F7B4FD6,1DgeA6UroycCaA7Gga6ln9FCpXPc4Ut2H,2017-09-22,2019-03-10
P-5c55de12,EmberTrader869,nucleus,13D2C1610D0358C48EDEE2B3C5E0798D4F7B4FD6,1DgeA6UroycCaA7Gga6ln9FCpXPc4Ut2H,2017-03-14,2019-11-19
P-6a94226c,EmberTrader869,silkroad2,13D2C1610D0358C48EDEE2B3C5E0798D4F7B4FD6,1DgeA6UroycCaA7Gga6ln9FCpXPc4Ut2H,2014-06-03,2018-03-11
P-319c7fcc,ViperByte791,agora,76AB31C767F3DA09164905EDCA0DC59FBA3DF5D5,1NSZgy9MO0GLoyIhcE75yQdA0wgsMxS3P,2014-12-01,2020-07-14
P-11080d66,ViperByte791,evolution,76AB31C767F3DA09164905EDCA0DC59FBA3DF5D5,1NSZgy9MO0GLoyIhcE75yQdA0wgsMxS3P,2015-08-24,2020-03-25
P-f6e7b007,ViperByte791,nucleus,76AB31C767F3DA09164905EDCA0DC59FBA3DF5D5,1NSZgy9MO0GLoyIhcE75yQdA0wgsMxS3P,2014-02-05,2019-01-25
P-d3f13d4e,ViperByte791,outlaw_market,76AB31C767F3DA09164905EDCA0DC59FBA3DF5D5,1NSZgy9MO0GLoyIhcE75yQdA0wgsMxS3P,2017-10-09,2019-10-08
P-0c1d5d86,ViperByte791,silkroad2,76AB31C767F3DA09164905EDCA0DC59FBA3DF5D5,1NSZgy9MO0GLoyIhcE75yQdA0wgsMxS3P,2014-11-01,2020-02-23
P-b8bb35b1,ZeroShade147,agora,723624B0CE5DE5215D6142150061D51DF1F1D52D,1HuweVPt5PHvmLJlW0esCh6axGWzFDraR,2016-03-17,2021-12-21
P-e5a7eb5e,ZeroShade147,evolution,723624B0CE5DE5215D6142150061D51DF1F1D52D,1HuweVPt5PHvmLJlW0esCh6axGWzFDraR,2015-03-28,2021-08-16
P-434c1697,ZeroShade147,nucleus,723624B0CE5DE5215D6142150061D51DF1F1D52D,1HuweVPt5PHvmLJlW0esCh6axGWzFDraR,2014-03-07,2019-01-14
P-786b79cb,ZeroShade147,silkroad2,723624B0CE5DE5215D6142150061D51DF1F1D52D,1HuweVPt5PHvmLJlW0esCh6axGWzFDraR,2013-05-14,2019-12-22
P-4796f179,ZeroShade147,themarketplace,723624B0CE5DE5215D6142150061D51DF1F1D52D,1HuweVPt5PHvmLJlW0esCh6axGWzFDraR,2014-04-03,2019-08-28
P-535cfe16,BlazeShade26,abraxas,B5F237466180B0B25200179E29211E0CCF3CB648,15ki2TusKOtZecmOsjQPbNhlxe1fXJRwM,2017-08-23,2020-08-08
P-bf2c59db,BlazeShade26,agora,B5F237466180B0B25200179E29211E0CCF3CB648,15ki2TusKOtZecmOsjQPbNhlxe1fXJRwM,2016-07-25,2018-10-24
P-0933d2d3,BlazeShade26,evolution,B5F237466180B0B25200179E29211E0CCF3CB648,15ki2TusKOtZecmOsjQPbNhlxe1fXJRwM,2016-12-11,2021-10-24
P-d1e3c836,BlazeShade26,nucleus,B5F237466180B0B25200179E29211E0CCF3CB648,15ki2TusKOtZecmOsjQPbNhlxe1fXJRwM,2017-10-18,2018-09-04
P-b0328d2c,BlazeShade26,silkroad2,B5F237466180B0B25200179E29211E0CCF3CB648,15ki2TusKOtZecmOsjQPbNhlxe1fXJRwM,2016-08-27,2018-04-17
P-66cbb65b,ObsidianLotus921,abraxas,82B69232C43F35DA1BF781E2C6A034F3DA64275C,1qdLmahtzY8twrFJKNUsBimOoTghDX9GX,2017-07-24,2018-09-13
P-c7c34a3b,ObsidianLotus921,agora,82B69232C43F35DA1BF781E2C6A034F3DA64275C,1qdLmahtzY8twrFJKNUsBimOoTghDX9GX,2017-11-02,2019-05-15
P-2df08e81,ObsidianLotus921,evolution,82B69232C43F35DA1BF781E2C6A034F3DA64275C,1qdLmahtzY8twrFJKNUsBimOoTghDX9GX,2016-05-25,2020-08-06
P-66b5f76b,ObsidianLotus921,nucleus,82B69232C43F35DA1BF781E2C6A034F3DA64275C,1qdLmahtzY8twrFJKNUsBimOoTghDX9GX,2016-05-20,2018-12-17
P-e98265b3,ObsidianLotus921,silkroad2,82B69232C43F35DA1BF781E2C6A034F3DA64275C,1qdLmahtzY8twrFJKNUsBimOoTghDX9GX,2014-08-27,2021-02-24
P-78a84d1b,VoidOrbit91,1776,D6CDDCE282FACAFE11CC036BAE8FA9298EEA7B2E,15Jf5VhTISMlDIfUPtQhUC6bU401MaEyq,2017-02-06,2019-07-14
P-b8c4da8a,VoidOrbit91,abraxas,D6CDDCE282FACAFE11CC036BAE8FA9298EEA7B2E,15Jf5VhTISMlDIfUPtQhUC6bU401MaEyq,2015-08-01,2019-08-19
P-ec86af4f,VoidOrbit91,agora,D6CDDCE282FACAFE11CC036BAE8FA9298EEA7B2E,15Jf5VhTISMlDIfUPtQhUC6bU401MaEyq,2014-08-03,2020-06-23
P-da94c185,VoidOrbit91,evolution,D6CDDCE282FACAFE11CC036BAE8FA9298EEA7B2E,15Jf5VhTISMlDIfUPtQhUC6bU401MaEyq,2014-12-24,2018-02-04
P-d94083bc,VoidOrbit91,themarketplace,D6CDDCE282FACAFE11CC036BAE8FA9298EEA7B2E,15Jf5VhTISMlDIfUPtQhUC6bU401MaEyq,2016-11-12,2018-09-23
P-6820d86a,CrimsonCore512,abraxas,A97BA456E87BFC9572E10F8503EFB81A539EB49F,1ZXF39kQ7uykdaTXeVZwcbI1mYCi42uVc,2016-12-26,2019-07-18
P-1164afb0,CrimsonCore512,agora,A97BA456E87BFC9572E10F8503EFB81A539EB49F,1ZXF39kQ7uykdaTXeVZwcbI1mYCi42uVc,2016-01-25,2019-06-19
P-303ce793,CrimsonCore512,evolution,A97BA456E87BFC9572E10F8503EFB81A539EB49F,1ZXF39kQ7uykdaTXeVZwcbI1mYCi42uVc,2014-03-28,2019-03-25
P-7180fc6a,CrimsonCore512,outlaw_market,A97BA456E87BFC9572E10F8503EFB81A539EB49F,1ZXF39kQ7uykdaTXeVZwcbI1mYCi42uVc,2013-07-10,2020-12-25
P-f6cfa99e,CrimsonCore512,silkroad2,A97BA456E87BFC9572E10F8503EFB81A539EB49F,1ZXF39kQ7uykdaTXeVZwcbI1mYCi42uVc,2016-05-21,2019-02-05
P-3f98b904,CyberFang606,agora,2520B37A0BB171B12C7A9CEEBB63234CF67B6498,1q9saxkvTDLUXf3L3bbUBJYfoWmZypBfp,2014-01-20,2020-01-15
P-a64a4ad9,CyberFang606,evolution,2520B37A0BB171B12C7A9CEEBB63234CF67B6498,1q9saxkvTDLUXf3L3bbUBJYfoWmZypBfp,2016-08-18,2018-10-16
P-e9245b18,CyberFang606,nucleus,2520B37A0BB171B12C7A9CEEBB63234CF67B6498,1q9saxkvTDLUXf3L3bbUBJYfoWmZypBfp,2014-04-19,2021-08-14
P-a4aadfad,CyberFang606,outlaw_market,2520B37A0BB171B12C7A9CEEBB63234CF67B6498,1q9saxkvTDLUXf3L3bbUBJYfoWmZypBfp,2016-02-20,2018-04-18
P-01b218ee,CyberFang606,silkroad2,2520B37A0BB171B12C7A9CEEBB63234CF67B6498,1q9saxkvTDLUXf3L3bbUBJYfoWmZypBfp,2015-10-21,2019-01-06
P-daaf65cb,CobaltByte543,abraxas,AE050277DC1851B9B1159CEAAA70B66924B26423,1AHcm3i6BC5VWteupa54iwjylp8d4VMoo,2014-01-21,2020-01-05
P-dbd12746,CobaltByte543,agora,AE050277DC1851B9B1159CEAAA70B66924B26423,1AHcm3i6BC5VWteupa54iwjylp8d4VMoo,2013-11-19,2020-06-03
P-3bb38bde,CobaltByte543,evolution,AE050277DC1851B9B1159CEAAA70B66924B26423,1AHcm3i6BC5VWteupa54iwjylp8d4VMoo,2013-02-14,2019-03-22
P-f096879e,CobaltByte543,nucleus,AE050277DC1851B9B1159CEAAA70B66924B26423,1AHcm3i6BC5VWteupa54iwjylp8d4VMoo,2015-10-22,2019-08-24
P-874df6c6,CobaltByte543,outlaw_market,AE050277DC1851B9B1159CEAAA70B66924B26423,1AHcm3i6BC5VWteupa54iwjylp8d4VMoo,2017-06-02,2018-05-11
P-a357404c,VoidEcho568,abraxas,891915B9B7724128F11AFA07D7AB585FCAD66AF2,10zClFwRoaL8TjKdCcGRj5dIUibg3ggaI,2015-07-27,2018-07-27
P-24abf16e,VoidEcho568,agora,891915B9B7724128F11AFA07D7AB585FCAD66AF2,10zClFwRoaL8TjKdCcGRj5dIUibg3ggaI,2017-02-10,2021-03-04
P-b4d9251b,VoidEcho568,evolution,891915B9B7724128F11AFA07D7AB585FCAD66AF2,10zClFwRoaL8TjKdCcGRj5dIUibg3ggaI,2015-06-17,2021-09-07
P-7edb914a,VoidEcho568,nucleus,891915B9B7724128F11AFA07D7AB585FCAD66AF2,10zClFwRoaL8TjKdCcGRj5dIUibg3ggaI,2014-10-02,2018-10-24
P-f189cf15,VoidEcho568,silkroad2,891915B9B7724128F11AFA07D7AB585FCAD66AF2,10zClFwRoaL8TjKdCcGRj5dIUibg3ggaI,2017-02-16,2020-07-20
P-e0f89e9b,DarkTrader618,abraxas,EEA8F53A2AE2415B69C6CB833AA92A66053E1BA4,1IrHFgyJbOp3UxRO9Tn7r8GTEIhHelJsu,2015-05-17,2020-03-20
P-fff063ba,DarkTrader618,agora,EEA8F53A2AE2415B69C6CB833AA92A66053E1BA4,1IrHFgyJbOp3UxRO9Tn7r8GTEIhHelJsu,2017-08-17,2021-08-26
P-fca9c732,DarkTrader618,evolution,EEA8F53A2AE2415B69C6CB833AA92A66053E1BA4,1IrHFgyJbOp3UxRO9Tn7r8GTEIhHelJsu,2014-10-08,2020-04-01
P-2bfbefbc,DarkTrader618,silkroad2,EEA8F53A2AE2415B69C6CB833AA92A66053E1BA4,1IrHFgyJbOp3UxRO9Tn7r8GTEIhHelJsu,2013-01-15,2018-12-28
P-2924bf1f,DarkTrader618,themarketplace,EEA8F53A2AE2415B69C6CB833AA92A66053E1BA4,1IrHFgyJbOp3UxRO9Tn7r8GTEIhHelJsu,2014-10-14,2021-01-11
P-13090130,NightSerpent23,abraxas,E2D587A9522A0A107C06289AC6905AFBDCB4D954,19HYzXdfOK87JbU4zn90WwTwLGbjxIkhy,2015-09-26,2019-01-21
P-44ed004b,NightSerpent23,agora,E2D587A9522A0A107C06289AC6905AFBDCB4D954,19HYzXdfOK87JbU4zn90WwTwLGbjxIkhy,2014-12-10,2020-02-10
P-6ceb3f6e,NightSerpent23,evolution,E2D587A9522A0A107C06289AC6905AFBDCB4D954,19HYzXdfOK87JbU4zn90WwTwLGbjxIkhy,2015-09-18,2020-01-04
P-21ea0996,NightSerpent23,nucleus,E2D587A9522A0A107C06289AC6905AFBDCB4D954,19HYzXdfOK87JbU4zn90WwTwLGbjxIkhy,2015-06-13,2018-03-07
P-76df8795,NightSerpent23,silkroad2,E2D587A9522A0A107C06289AC6905AFBDCB4D954,19HYzXdfOK87JbU4zn90WwTwLGbjxIkhy,2015-06-22,2021-08-26
P-31c22a8c,StormSerpent488,abraxas,078FB9596BEAB2176CBE2CC4537B59C7C7668139,11HZR0racgs1mnXncRldYTmNV9woVmtkL,2013-11-05,2021-03-21
P-b31c4b09,StormSerpent488,agora,078FB9596BEAB2176CBE2CC4537B59C7C7668139,11HZR0racgs1mnXncRldYTmNV9woVmtkL,2016-09-11,2021-07-24
P-83280e6d,StormSerpent488,evolution,078FB9596BEAB2176CBE2CC4537B59C7C7668139,11HZR0racgs1mnXncRldYTmNV9woVmtkL,2013-09-10,2020-09-18
P-4d716e26,StormSerpent488,nucleus,078FB9596BEAB2176CBE2CC4537B59C7C7668139,11HZR0racgs1mnXncRldYTmNV9woVmtkL,2013-04-19,2020-06-03
P-1c515045,NoirBroker878,abraxas,7F7F8F9994F45E9F4185575C594E747BA493E76E,1RSS4ziIwfDYef7pRFgLlikQQVPQWCbep,2014-05-27,2018-06-13
P-98017430,NoirBroker878,agora,7F7F8F9994F45E9F4185575C594E747BA493E76E,1RSS4ziIwfDYef7pRFgLlikQQVPQWCbep,2017-03-19,2021-03-20
P-ef4e7e5e,NoirBroker878,evolution,7F7F8F9994F45E9F4185575C594E747BA493E76E,1RSS4ziIwfDYef7pRFgLlikQQVPQWCbep,2013-05-23,2020-12-02
P-090e8fe0,NoirBroker878,nucleus,7F7F8F9994F45E9F4185575C594E747BA493E76E,1RSS4ziIwfDYef7pRFgLlikQQVPQWCbep,2015-07-03,2021-04-12
P-ef427365,BlazeBlade57,agora,8AA10C8D2C71F17A98C564020D545BD1FBDDDBF4,1ruihPs7oYCgMVm46TDpubdqjG6QuIdlB,2016-05-07,2020-03-04
P-f055a5c1,BlazeBlade57,evolution,8AA10C8D2C71F17A98C564020D545BD1FBDDDBF4,1ruihPs7oYCgMVm46TDpubdqjG6QuIdlB,2015-01-25,2019-02-15
P-74a22d5f,BlazeBlade57,nucleus,8AA10C8D2C71F17A98C564020D545BD1FBDDDBF4,1ruihPs7oYCgMVm46TDpubdqjG6QuIdlB,2017-01-26,2021-09-05
P-cf81cd4b,BlazeBlade57,silkroad2,8AA10C8D2C71F17A98C564020D545BD1FBDDDBF4,1ruihPs7oYCgMVm46TDpubdqjG6QuIdlB,2014-06-16,2020-06-05
P-f7bc9815,ZeroRonin177,agora,8DEABAD2B2FDB027FF4153A9BD074BCA191E0245,1FhaINdT2q35eaeaDmYjNkfJICicvbcAY,2013-09-22,2019-04-24
P-598b98b9,ZeroRonin177,evolution,8DEABAD2B2FDB027FF4153A9BD074BCA191E0245,1FhaINdT2q35eaeaDmYjNkfJICicvbcAY,2013-08-13,2018-01-10
P-7c7b86a0,ZeroRonin177,nucleus,8DEABAD2B2FDB027FF4153A9BD074BCA191E0245,1FhaINdT2q35eaeaDmYjNkfJICicvbcAY,2013-11-28,2018-06-15
P-38ecbc2e,ZeroRonin177,silkroad2,8DEABAD2B2FDB027FF4153A9BD074BCA191E0245,1FhaINdT2q35eaeaDmYjNkfJICicvbcAY,2013-02-17,2020-01-19
P-c8e37d17,NoirSerpent671,agora,CD9117C8AE2D3333F2F06199D6B816E61FA24137,1RzWtFmJpTDeQphKReDCpYqdXtxbCWk6f,2015-11-07,2020-04-07
P-35824b9d,NoirSerpent671,evolution,CD9117C8AE2D3333F2F06199D6B816E61FA24137,1RzWtFmJpTDeQphKReDCpYqdXtxbCWk6f,2015-05-18,2020-08-22
P-8e1327d8,NoirSerpent671,nucleus,CD9117C8AE2D3333F2F06199D6B816E61FA24137,1RzWtFmJpTDeQphKReDCpYqdXtxbCWk6f,2013-05-05,2019-05-04
P-00badace,NoirSerpent671,outlaw_market,CD9117C8AE2D3333F2F06199D6B816E61FA24137,1RzWtFmJpTDeQphKReDCpYqdXtxbCWk6f,2013-10-18,2018-04-18
P-afe6cc21,ViperWolf306,agora,9736EF82EC79B899F10616DA0199E9BCFF47DE39,1LPF3LHzMgRJ7izhefgADISGfO4zugfHn,2015-09-11,2020-03-23
P-17e04abf,ViperWolf306,evolution,9736EF82EC79B899F10616DA0199E9BCFF47DE39,1LPF3LHzMgRJ7izhefgADISGfO4zugfHn,2015-10-08,2019-02-10
P-08c378ee,ViperWolf306,outlaw_market,9736EF82EC79B899F10616DA0199E9BCFF47DE39,1LPF3LHzMgRJ7izhefgADISGfO4zugfHn,2017-06-18,2021-01-05
P-8017fbca,ViperWolf306,silkroad2,9736EF82EC79B899F10616DA0199E9BCFF47DE39,1LPF3LHzMgRJ7izhefgADISGfO4zugfHn,2013-08-22,2018-02-13
P-8416997a,StormHunter65,agora,C8DFCE6F215F16A0287A17042E942375EE908F20,1aBbsiI1DnWOprFCg7vQrd4jKdAJ2Gehf,2013-02-14,2021-03-23
P-91cc1ef7,StormHunter65,evolution,C8DFCE6F215F16A0287A17042E942375EE908F20,1aBbsiI1DnWOprFCg7vQrd4jKdAJ2Gehf,2017-10-21,2021-10-12
P-c17c0ac5,StormHunter65,nucleus,C8DFCE6F215F16A0287A17042E942375EE908F20,1aBbsiI1DnWOprFCg7vQrd4jKdAJ2Gehf,2015-06-27,2019-12-25
P-01c69c56,StormHunter65,silkroad2,C8DFCE6F215F16A0287A17042E942375EE908F20,1aBbsiI1DnWOprFCg7vQrd4jKdAJ2Gehf,2017-02-25,2021-10-05
P-269ff707,StormVenom616,agora,52D00644052C2F9609D1527E5F174B3B2CA441E9,1TP7bKXrV1uZIGDt3kZlrdHl0hlv8es9u,2013-12-15,2018-08-10
P-322a7afc,StormVenom616,evolution,52D00644052C2F9609D1527E5F174B3B2CA441E9,1TP7bKXrV1uZIGDt3kZlrdHl0hlv8es9u,2016-08-08,2019-03-28
P-e4b9dfab,StormVenom616,nucleus,52D00644052C2F9609D1527E5F174B3B2CA441E9,1TP7bKXrV1uZIGDt3kZlrdHl0hlv8es9u,2017-05-12,2021-03-23
P-cd2840e9,StormVenom616,silkroad2,52D00644052C2F9609D1527E5F174B3B2CA441E9,1TP7bKXrV1uZIGDt3kZlrdHl0hlv8es9u,2015-06-15,2021-01-03
P-eb915337,FrostHelix527,abraxas,9253E2DEB827258802B3A786F30DB7B82CDEFBD7,1v8YHfSryWi25wWkNBaTbaStEcAnaQjCy,2016-02-12,2021-08-28
P-8d08ffaf,FrostHelix527,agora,9253E2DEB827258802B3A786F30DB7B82CDEFBD7,1v8YHfSryWi25wWkNBaTbaStEcAnaQjCy,2014-05-25,2020-10-19
P-9deaf9eb,FrostHelix527,evolution,9253E2DEB827258802B3A786F30DB7B82CDEFBD7,1v8YHfSryWi25wWkNBaTbaStEcAnaQjCy,2014-09-04,2021-12-26
P-e0c1b254,FrostHelix527,nucleus,9253E2DEB827258802B3A786F30DB7B82CDEFBD7,1v8YHfSryWi25wWkNBaTbaStEcAnaQjCy,2013-06-18,2018-05-18
P-8551dc5e,EmberBlade284,agora,811A0C26C77B506C0739FA083B380B38786FFBCF,17UgHkL7i1BJknOf2jI929VWC1svHtWbY,2016-07-19,2021-04-20
P-5ead5052,EmberBlade284,evolution,811A0C26C77B506C0739FA083B380B38786FFBCF,17UgHkL7i1BJknOf2jI929VWC1svHtWbY,2014-09-06,2021-07-03
P-35abcfa1,EmberBlade284,nucleus,811A0C26C77B506C0739FA083B380B38786FFBCF,17UgHkL7i1BJknOf2jI929VWC1svHtWbY,2015-04-27,2021-07-19
P-72aef17e,EmberBlade284,silkroad2,811A0C26C77B506C0739FA083B380B38786FFBCF,17UgHkL7i1BJknOf2jI929VWC1svHtWbY,2015-09-23,2019-03-22
P-be0c41f9,ShadowHelix46,abraxas,31A22A2B1C21AE67049408DE8EFE7A4EDA3DCAD0,1lw5fSmlm4jMhvr7N993YY1oJCBG4hyva,2013-12-23,2021-02-19
P-7673af62,ShadowHelix46,evolution,31A22A2B1C21AE67049408DE8EFE7A4EDA3DCAD0,1lw5fSmlm4jMhvr7N993YY1oJCBG4hyva,2017-08-11,2018-08-06
P-3b0f5b77,ShadowHelix46,nucleus,31A22A2B1C21AE67049408DE8EFE7A4EDA3DCAD0,1lw5fSmlm4jMhvr7N993YY1oJCBG4hyva,2015-07-03,2018-11-27
P-d9a6d7d8,ShadowHelix46,outlaw_market,31A22A2B1C21AE67049408DE8EFE7A4EDA3DCAD0,1lw5fSmlm4jMhvr7N993YY1oJCBG4hyva,2017-07-11,2021-11-22
P-8e270afe,VoidPulse119,abraxas,D9838CD425ED39DC24866386BF3F56B23E4FEB3C,125zLHa7Bz0maEgT1rcFgLPxhMNpgtTZL,2013-02-07,2019-10-25
P-8985c865,VoidPulse119,agora,D9838CD425ED39DC24866386BF3F56B23E4FEB3C,125zLHa7Bz0maEgT1rcFgLPxhMNpgtTZL,2013-03-22,2019-08-18
P-4341c02f,VoidPulse119,evolution,D9838CD425ED39DC24866386BF3F56B23E4FEB3C,125zLHa7Bz0maEgT1rcFgLPxhMNpgtTZL,2015-07-20,2021-04-07
P-c8c1b687,VoidPulse119,nucleus,D9838CD425ED39DC24866386BF3F56B23E4FEB3C,125zLHa7Bz0maEgT1rcFgLPxhMNpgtTZL,2015-05-19,2020-07-23
P-eff87e48,PyroCrypt662,agora,F7F65BE506180F29059CC9EABE3E1CDA8D5F87FB,1IcLQ1X77Sdzqt8wUBcx72HUd0Fc0mTjU,2015-02-19,2018-10-17
P-52a16fed,PyroCrypt662,evolution,F7F65BE506180F29059CC9EABE3E1CDA8D5F87FB,1IcLQ1X77Sdzqt8wUBcx72HUd0Fc0mTjU,2016-03-28,2020-01-12
P-116856fd,PyroCrypt662,nucleus,F7F65BE506180F29059CC9EABE3E1CDA8D5F87FB,1IcLQ1X77Sdzqt8wUBcx72HUd0Fc0mTjU,2017-01-01,2020-02-28
P-3a0fc68a,PyroCrypt662,silkroad2,F7F65BE506180F29059CC9EABE3E1CDA8D5F87FB,1IcLQ1X77Sdzqt8wUBcx72HUd0Fc0mTjU,2015-01-08,2021-12-19
P-d36d5d00,ViperPulse415,abraxas,0B9E334DE7D909C18A35587E6DD7056837E46C1F,10owRzN4EWlfdMEA6XyyotwoUkJ6iQe1V,2016-11-11,2021-07-13
P-4ac51cc9,ViperPulse415,agora,0B9E334DE7D909C18A35587E6DD7056837E46C1F,10owRzN4EWlfdMEA6XyyotwoUkJ6iQe1V,2016-09-07,2019-08-05
P-8ebad7ca,ViperPulse415,evolution,0B9E334DE7D909C18A35587E6DD7056837E46C1F,10owRzN4EWlfdMEA6XyyotwoUkJ6iQe1V,2014-09-13,2020-07-05
P-62e45eca,ViperPulse415,nucleus,0B9E334DE7D909C18A35587E6DD7056837E46C1F,10owRzN4EWlfdMEA6XyyotwoUkJ6iQe1V,2015-11-05,2019-01-03
P-e1ee1b24,ToxicPulse180,abraxas,601F0EB049C8FF5861C39F88CABF05D699EB8771,1NmHQ8GZtSAaFsbVA5fO0nphpMUvwdPKd,2013-03-24,2021-11-14
P-4e161d4d,ToxicPulse180,agora,601F0EB049C8FF5861C39F88CABF05D699EB8771,1NmHQ8GZtSAaFsbVA5fO0nphpMUvwdPKd,2014-02-05,2021-08-26
P-4a872584,ToxicPulse180,evolution,601F0EB049C8FF5861C39F88CABF05D699EB8771,1NmHQ8GZtSAaFsbVA5fO0nphpMUvwdPKd,2017-07-20,2019-08-17
P-4611ea65,ToxicPulse180,nucleus,601F0EB049C8FF5861C39F88CABF05D699EB8771,1NmHQ8GZtSAaFsbVA5fO0nphpMUvwdPKd,2016-09-27,2021-07-12
P-5a602996,VoidFox374,agora,7573D64F7A73A0273C682C0EF12E89669E5C8DAC,1dYogZOWjynkTT9dEGUfFl73Lf7vCXccF,2014-03-14,2018-10-16
P-3dc57f1f,VoidFox374,evolution,7573D64F7A73A0273C682C0EF12E89669E5C8DAC,1dYogZOWjynkTT9dEGUfFl73Lf7vCXccF,2014-12-17,2020-07-18
P-0b72701a,VoidFox374,nucleus,7573D64F7A73A0273C682C0EF12E89669E5C8DAC,1dYogZOWjynkTT9dEGUfFl73Lf7vCXccF,2017-06-02,2018-10-16
P-3e22d245,VoidFox374,silkroad2,7573D64F7A73A0273C682C0EF12E89669E5C8DAC,1dYogZOWjynkTT9dEGUfFl73Lf7vCXccF,2015-02-19,2021-12-03
P-4b5adb6f,ViperBroker286,abraxas,698947BAA817AC2E2FC797A3E0DF02AD0507F4AE,1hp6B0JEeaTvN8KU44Wxfn84Gm9vEIHck,2014-12-24,2020-08-17
P-1df87823,ViperBroker286,agora,698947BAA817AC2E2FC797A3E0DF02AD0507F4AE,1hp6B0JEeaTvN8KU44Wxfn84Gm9vEIHck,2013-09-20,2018-04-16
P-2bbb1c5e,ViperBroker286,evolution,698947BAA817AC2E2FC797A3E0DF02AD0507F4AE,1hp6B0JEeaTvN8KU44Wxfn84Gm9vEIHck,2013-11-21,2020-10-02
P-dd0b5b75,ViperBroker286,nucleus,698947BAA817AC2E2FC797A3E0DF02AD0507F4AE,1hp6B0JEeaTvN8KU44Wxfn84Gm9vEIHck,2015-09-25,2018-08-15
P-014cd3e3,GrimHawk797,agora,CB4AE1331C09FA8B7B4EB0C16ADF15B69346AD1C,13qmk549y1dG9HkdsZajyZ3SNW2A6ZSes,2017-08-19,2020-07-12
P-790ce6ed,GrimHawk797,evolution,CB4AE1331C09FA8B7B4EB0C16ADF15B69346AD1C,13qmk549y1dG9HkdsZajyZ3SNW2A6ZSes,2015-05-06,2018-12-20
P-2aef36cc,GrimHawk797,nucleus,CB4AE1331C09FA8B7B4EB0C16ADF15B69346AD1C,13qmk549y1dG9HkdsZajyZ3SNW2A6ZSes,2015-12-26,2020-01-21
P-ee5fe2c7,GrimHawk797,silkroad2,CB4AE1331C09FA8B7B4EB0C16ADF15B69346AD1C,13qmk549y1dG9HkdsZajyZ3SNW2A6ZSes,2016-10-06,2018-11-10
P-6c7868c6,BlazeCore564,agora,9E8AFC10368703C7DD958CCFE4FB823365CF2781,1CI6ganbLapX7Ly7CvypkQXDxf9l3ktKr,2017-01-10,2021-02-05
P-ea2b8176,BlazeCore564,evolution,9E8AFC10368703C7DD958CCFE4FB823365CF2781,1CI6ganbLapX7Ly7CvypkQXDxf9l3ktKr,2017-02-28,2020-05-05
P-bdc54364,BlazeCore564,silkroad2,9E8AFC10368703C7DD958CCFE4FB823365CF2781,1CI6ganbLapX7Ly7CvypkQXDxf9l3ktKr,2017-05-09,2020-01-24
P-782c01e2,BlazeCore564,themarketplace,9E8AFC10368703C7DD958CCFE4FB823365CF2781,1CI6ganbLapX7Ly7CvypkQXDxf9l3ktKr,2013-10-06,2019-11-15
P-cfc4fc9a,CobaltLotus251,agora,5B58822A5179883B931E0AE9AE6E65B82A48FDA4,1N8jrfIXZhvuAgDaSUOqelIosQa2J2s87,2015-03-09,2019-08-06
P-1e6a043b,CobaltLotus251,evolution,5B58822A5179883B931E0AE9AE6E65B82A48FDA4,1N8jrfIXZhvuAgDaSUOqelIosQa2J2s87,2017-01-11,2018-03-20
P-f27e294e,CobaltLotus251,nucleus,5B58822A5179883B931E0AE9AE6E65B82A48FDA4,1N8jrfIXZhvuAgDaSUOqelIosQa2J2s87,2014-08-25,2021-07-08
P-1c82ae96,CobaltLotus251,silkroad2,5B58822A5179883B931E0AE9AE6E65B82A48FDA4,1N8jrfIXZhvuAgDaSUOqelIosQa2J2s87,2016-12-21,2019-04-19
P-ad36d47f,IronBroker430,abraxas,D62B0D75AD8FB128C78ADEA0BECFC7454E194908,11LKBqcvN871e06uJ4wE4eXL8eAEMQYpL,2015-01-21,2020-02-02
P-57736d6b,IronBroker430,agora,D62B0D75AD8FB128C78ADEA0BECFC7454E194908,11LKBqcvN871e06uJ4wE4eXL8eAEMQYpL,2014-08-13,2021-05-16
P-9cc6aff1,IronBroker430,evolution,D62B0D75AD8FB128C78ADEA0BECFC7454E194908,11LKBqcvN871e06uJ4wE4eXL8eAEMQYpL,2017-04-13,2021-08-09
P-2cdaf869,IronBroker430,silkroad2,D62B0D75AD8FB128C78ADEA0BECFC7454E194908,11LKBqcvN871e06uJ4wE4eXL8eAEMQYpL,2014-09-28,2021-01-10
P-72b16059,PyroReaper587,agora,2549EF3E8E3F6D9499D9B2951A7972C4974C2D5D,11u1sATqDgofEprAkLjl0iiE6lG9eWDRs,2016-07-22,2020-09-22
P-2ef845d5,PyroReaper587,evolution,2549EF3E8E3F6D9499D9B2951A7972C4974C2D5D,11u1sATqDgofEprAkLjl0iiE6lG9eWDRs,2013-02-18,2020-07-20
P-a84e8a39,PyroReaper587,nucleus,2549EF3E8E3F6D9499D9B2951A7972C4974C2D5D,11u1sATqDgofEprAkLjl0iiE6lG9eWDRs,2015-06-09,2020-02-09
P-5071cd54,PyroReaper587,silkroad2,2549EF3E8E3F6D9499D9B2951A7972C4974C2D5D,11u1sATqDgofEprAkLjl0iiE6lG9eWDRs,2017-07-15,2019-12-22
P-3c531ab8,EmberArc597,abraxas,264474168940AD2E2C62F554931257E16AE010E1,1fgca5m4CSpwlU96sXW5enEOqNXmEa46o,2017-04-17,2020-11-23
P-75fb7f3c,EmberArc597,agora,264474168940AD2E2C62F554931257E16AE010E1,1fgca5m4CSpwlU96sXW5enEOqNXmEa46o,2014-06-18,2018-11-01
P-fddb7891,EmberArc597,evolution,264474168940AD2E2C62F554931257E16AE010E1,1fgca5m4CSpwlU96sXW5enEOqNXmEa46o,2013-01-14,2018-09-04
P-c7f25a34,EmberArc597,nucleus,264474168940AD2E2C62F554931257E16AE010E1,1fgca5m4CSpwlU96sXW5enEOqNXmEa46o,2016-06-08,2020-05-07
P-069a62f7,NeonFox772,abraxas,A1964E0F2DC0C8245305E6EC109945AF619FD2AE,1dctGDmB70xrey8iKQUtc5e3zg7IJpYjv,2013-01-20,2018-01-20
P-19ed85f9,NeonFox772,agora,A1964E0F2DC0C8245305E6EC109945AF619FD2AE,1dctGDmB70xrey8iKQUtc5e3zg7IJpYjv,2014-10-21,2018-12-04
P-76252093,NeonFox772,evolution,A1964E0F2DC0C8245305E6EC109945AF619FD2AE,1dctGDmB70xrey8iKQUtc5e3zg7IJpYjv,2013-10-05,2021-11-25
P-e1f63dd2,NeonFox772,outlaw_market,A1964E0F2DC0C8245305E6EC109945AF619FD2AE,1dctGDmB70xrey8iKQUtc5e3zg7IJpYjv,2017-03-04,2019-05-10
P-d0c5ca55,AshenOrbit501,abraxas,F909A33347B792E487011BDA7CC37D92BBE506A5,1vmli2UA385J4kYS88JazwLnXlkxUR0Tl,2016-11-03,2021-05-25
P-fe271651,AshenOrbit501,agora,F909A33347B792E487011BDA7CC37D92BBE506A5,1vmli2UA385J4kYS88JazwLnXlkxUR0Tl,2016-12-22,2020-05-06
P-d6c91835,AshenOrbit501,evolution,F909A33347B792E487011BDA7CC37D92BBE506A5,1vmli2UA385J4kYS88JazwLnXlkxUR0Tl,2013-05-25,2018-07-13
P-b88ef5d0,AshenOrbit501,nucleus,F909A33347B792E487011BDA7CC37D92BBE506A5,1vmli2UA385J4kYS88JazwLnXlkxUR0Tl,2015-01-09,2020-03-15
P-cea981b4,ZeroHelix92,agora,7FC39EA7F53B6E0C1D366ABCA5EF81E410DF5BB3,1AdedGwCoJXIgA6T0CoP0uYUBhqnHS3Tg,2013-08-07,2021-03-21
P-1cf9fd90,ZeroHelix92,evolution,7FC39EA7F53B6E0C1D366ABCA5EF81E410DF5BB3,1AdedGwCoJXIgA6T0CoP0uYUBhqnHS3Tg,2016-02-05,2021-04-20
P-d5ce6552,ZeroHelix92,nucleus,7FC39EA7F53B6E0C1D366ABCA5EF81E410DF5BB3,1AdedGwCoJXIgA6T0CoP0uYUBhqnHS3Tg,2013-08-23,2020-02-02
P-925b7611,ZeroHelix92,themarketplace,7FC39EA7F53B6E0C1D366ABCA5EF81E410DF5BB3,1AdedGwCoJXIgA6T0CoP0uYUBhqnHS3Tg,2013-02-19,2020-08-01
P-074ea7ad,ChaosPulse94,abraxas,B28E1BA0C320444168954DD0427B2053C2D0C29B,1cIYhUTz3EX2emXyRmg0E0Tf6SEUR2R00,2016-03-21,2018-01-22
P-2d1d44d2,ChaosPulse94,agora,B28E1BA0C320444168954DD0427B2053C2D0C29B,1cIYhUTz3EX2emXyRmg0E0Tf6SEUR2R00,2016-05-05,2020-07-19
P-ad7b677e,ChaosPulse94,evolution,B28E1BA0C320444168954DD0427B2053C2D0C29B,1cIYhUTz3EX2emXyRmg0E0Tf6SEUR2R00,2013-09-23,2021-08-14
P-93b12fbb,ChaosPulse94,silkroad2,B28E1BA0C320444168954DD0427B2053C2D0C29B,1cIYhUTz3EX2emXyRmg0E0Tf6SEUR2R00,2016-12-25,2018-09-08
P-30440d5c,DarkFox0,abraxas,E515F8C568D478DBD80C2505E188E276D11A7A0A,10fQKS8IWoaFfDLBUMgEBINYbKLlMV5hT,2013-07-23,2021-02-19
P-8aa13161,DarkFox0,agora,E515F8C568D478DBD80C2505E188E276D11A7A0A,10fQKS8IWoaFfDLBUMgEBINYbKLlMV5hT,2017-06-11,2020-07-02
P-50ccc6e0,DarkFox0,evolution,E515F8C568D478DBD80C2505E188E276D11A7A0A,10fQKS8IWoaFfDLBUMgEBINYbKLlMV5hT,2013-06-18,2020-02-27
P-4ffa418f,DarkFox0,nucleus,E515F8C568D478DBD80C2505E188E276D11A7A0A,10fQKS8IWoaFfDLBUMgEBINYbKLlMV5hT,2016-05-21,2019-03-18
P-152339bb,VoidVenom862,abraxas,C0C50B1AC9DE193CBD273819BA6C6BBC6A639B6A,1Fz3we5LVOl33NEP3CZnaAQCPTmw3FgwQ,2013-07-22,2019-05-23
P-35ccdd3c,VoidVenom862,agora,C0C50B1AC9DE193CBD273819BA6C6BBC6A639B6A,1Fz3we5LVOl33NEP3CZnaAQCPTmw3FgwQ,2016-02-21,2020-08-03
P-53bfd4e9,VoidVenom862,evolution,C0C50B1AC9DE193CBD273819BA6C6BBC6A639B6A,1Fz3we5LVOl33NEP3CZnaAQCPTmw3FgwQ,2016-12-07,2019-01-07
P-d3126415,VoidVenom862,nucleus,C0C50B1AC9DE193CBD273819BA6C6BBC6A639B6A,1Fz3we5LVOl33NEP3CZnaAQCPTmw3FgwQ,2013-12-19,2019-08-13
P-fff9a1a3,ViperCrypt353,agora,A78B65810B64D897A7E7D0C562B5662FD30EB5FB,1wVb2nVUtxrSqO1A5ImeO2ynFfJTteXmC,2013-09-21,2020-08-18
P-2cc250d2,ViperCrypt353,evolution,A78B65810B64D897A7E7D0C562B5662FD30EB5FB,1wVb2nVUtxrSqO1A5ImeO2ynFfJTteXmC,2016-01-02,2020-01-11
P-78d94ada,ViperCrypt353,nucleus,A78B65810B64D897A7E7D0C562B5662FD30EB5FB,1wVb2nVUtxrSqO1A5ImeO2ynFfJTteXmC,2013-07-04,2019-11-22
P-6baaed09,ViperCrypt353,silkroad2,A78B65810B64D897A7E7D0C562B5662FD30EB5FB,1wVb2nVUtxrSqO1A5ImeO2ynFfJTteXmC,2017-08-22,2019-12-19
P-4efbcc7c,AshenBroker269,abraxas,A508BFC9074BF1A549DC7141D13E402B7FA517F1,1yHRxudP2YSfG0v50oefWCbyPAAiiUxg6,2014-02-02,2019-08-21
P-71bab2c0,AshenBroker269,agora,A508BFC9074BF1A549DC7141D13E402B7FA517F1,1yHRxudP2YSfG0v50oefWCbyPAAiiUxg6,2013-08-20,2018-04-23
P-ed86c087,AshenBroker269,evolution,A508BFC9074BF1A549DC7141D13E402B7FA517F1,1yHRxudP2YSfG0v50oefWCbyPAAiiUxg6,2014-01-06,2018-05-27
P-69cfd277,AshenBroker269,nucleus,A508BFC9074BF1A549DC7141D13E402B7FA517F1,1yHRxudP2YSfG0v50oefWCbyPAAiiUxg6,2013-08-20,2019-10-03
P-80b18cbf,GhostHawk57,abraxas,2772B436620840C0344297D90440A932085D25D0,1A2qGzdZ9Hoyxv4EhnDfTDazxoyzxICa3,2013-02-16,2019-02-26
P-835341d3,GhostHawk57,agora,2772B436620840C0344297D90440A932085D25D0,1A2qGzdZ9Hoyxv4EhnDfTDazxoyzxICa3,2014-07-11,2021-06-04
P-69decd93,GhostHawk57,nucleus,2772B436620840C0344297D90440A932085D25D0,1A2qGzdZ9Hoyxv4EhnDfTDazxoyzxICa3,2017-09-05,2020-04-25
P-4115e8cd,GhostHawk57,outlaw_market,2772B436620840C0344297D90440A932085D25D0,1A2qGzdZ9Hoyxv4EhnDfTDazxoyzxICa3,2013-10-06,2020-02-04
P-bca1d899,HexDragon25,abraxas,847D234081C2E47E42C7CC66C49A3AE7418CEF4E,17fMAaawS6NjhSVtV3UbgLS2tKs80xbjo,2015-03-25,2021-03-23
P-dba11736,HexDragon25,agora,847D234081C2E47E42C7CC66C49A3AE7418CEF4E,17fMAaawS6NjhSVtV3UbgLS2tKs80xbjo,2015-09-06,2021-04-19
P-29b8d79a,HexDragon25,evolution,847D234081C2E47E42C7CC66C49A3AE7418CEF4E,17fMAaawS6NjhSVtV3UbgLS2tKs80xbjo,2013-03-04,2021-03-01
P-f5049d85,HexDragon25,nucleus,847D234081C2E47E42C7CC66C49A3AE7418CEF4E,17fMAaawS6NjhSVtV3UbgLS2tKs80xbjo,2016-02-01,2018-03-03
P-af5dcb22,PyroTiger706,agora,479D6E50562AE1886FB33E776C6B97817DB70360,1Xb1a5vNuZFQegNwfeeMRST8eukpzxRMg,2017-05-14,2021-12-05
P-8ba00722,PyroTiger706,evolution,479D6E50562AE1886FB33E776C6B97817DB70360,1Xb1a5vNuZFQegNwfeeMRST8eukpzxRMg,2014-03-21,2020-09-15
P-5e15bcff,PyroTiger706,silkroad2,479D6E50562AE1886FB33E776C6B97817DB70360,1Xb1a5vNuZFQegNwfeeMRST8eukpzxRMg,2016-04-06,2018-10-06
P-427bd43e,PyroTiger706,themarketplace,479D6E50562AE1886FB33E776C6B97817DB70360,1Xb1a5vNuZFQegNwfeeMRST8eukpzxRMg,2016-10-03,2020-06-14
P-ce398acc,StormCipher359,abraxas,B9096902C809EE0D5FD346A54FC2E7E555C6A15A,1h2fLM2kHTAHt596C0J9bpf5ZSRXcNVJo,2013-09-08,2019-02-17
P-f329b592,StormCipher359,agora,B9096902C809EE0D5FD346A54FC2E7E555C6A15A,1h2fLM2kHTAHt596C0J9bpf5ZSRXcNVJo,2013-10-12,2019-08-25
P-503e9cb5,StormCipher359,evolution,B9096902C809EE0D5FD346A54FC2E7E555C6A15A,1h2fLM2kHTAHt596C0J9bpf5ZSRXcNVJo,2014-05-02,2019-02-26
P-b042d031,StormCipher359,nucleus,B9096902C809EE0D5FD346A54FC2E7E555C6A15A,1h2fLM2kHTAHt596C0J9bpf5ZSRXcNVJo,2014-11-28,2021-08-06
P-37d0046f,NightReaper505,agora,AEB19309726D8381D0EE22FD87E85B3A0E48C132,1gkMARLfxMz7ErFKw2Sku2FFWS983A702,2014-11-02,2018-11-12
P-7ed7cd60,NightReaper505,evolution,AEB19309726D8381D0EE22FD87E85B3A0E48C132,1gkMARLfxMz7ErFKw2Sku2FFWS983A702,2015-04-14,2020-06-20
P-e4617a78,NightReaper505,nucleus,AEB19309726D8381D0EE22FD87E85B3A0E48C132,1gkMARLfxMz7ErFKw2Sku2FFWS983A702,2016-01-04,2018-09-06
P-b5ed9191,NightReaper505,silkroad2,AEB19309726D8381D0EE22FD87E85B3A0E48C132,1gkMARLfxMz7ErFKw2Sku2FFWS983A702,2014-01-16,2018-02-08
P-0729144d,StormBroker82,agora,DF723A0692FAB8DD6CDA6C84E7CEA9E6D0B56AC0,18R0mhDU9C4kcJg0ZqKahtIqniGPZ9PGu,2016-10-19,2020-07-07
P-7e085ac6,StormBroker82,evolution,DF723A0692FAB8DD6CDA6C84E7CEA9E6D0B56AC0,18R0mhDU9C4kcJg0ZqKahtIqniGPZ9PGu,2015-04-25,2018-06-08
P-6bdd042a,StormBroker82,nucleus,DF723A0692FAB8DD6CDA6C84E7CEA9E6D0B56AC0,18R0mhDU9C4kcJg0ZqKahtIqniGPZ9PGu,2013-04-24,2021-04-13
P-3211bc3a,StormBroker82,silkroad2,DF723A0692FAB8DD6CDA6C84E7CEA9E6D0B56AC0,18R0mhDU9C4kcJg0ZqKahtIqniGPZ9PGu,2014-02-16,2021-01-14
P-50aa2679,OnyxEcho825,agora,B2386388657BEC39DA28A3E5D5A2BCB516C23CDC,10klhx2LIwrItfnP8YYN2Zmp7vAHiBoWC,2014-04-20,2021-03-13
P-f67a2bf9,OnyxEcho825,evolution,B2386388657BEC39DA28A3E5D5A2BCB516C23CDC,10klhx2LIwrItfnP8YYN2Zmp7vAHiBoWC,2015-03-15,2019-11-12
P-3966b01b,OnyxEcho825,nucleus,B2386388657BEC39DA28A3E5D5A2BCB516C23CDC,10klhx2LIwrItfnP8YYN2Zmp7vAHiBoWC,2015-04-11,2019-01-23
P-e867da58,OnyxEcho825,silkroad2,B2386388657BEC39DA28A3E5D5A2BCB516C23CDC,10klhx2LIwrItfnP8YYN2Zmp7vAHiBoWC,2017-01-09,2019-02-28
P-0b5b3ee0,RogueWraith399,agora,AAD975BC88A95491888648E0FE93FC6235AF68D1,1sJU4hbig8y6raoKOSGmUhsbTfMwHUHh5,2016-08-14,2019-06-08
P-938f7dd2,RogueWraith399,evolution,AAD975BC88A95491888648E0FE93FC6235AF68D1,1sJU4hbig8y6raoKOSGmUhsbTfMwHUHh5,2015-10-06,2019-10-18
P-137ddfef,RogueWraith399,nucleus,AAD975BC88A95491888648E0FE93FC6235AF68D1,1sJU4hbig8y6raoKOSGmUhsbTfMwHUHh5,2014-02-14,2021-04-19
P-cbf78d4c,RogueWraith399,silkroad2,AAD975BC88A95491888648E0FE93FC6235AF68D1,1sJU4hbig8y6raoKOSGmUhsbTfMwHUHh5,2016-08-09,2018-12-14
P-fa7d71f6,HexHawk6,agora,5DDFCBD0BEF9CD9DC18B2281F8BE9152316774FF,1nhiAazfGe52MynSRaELO6s4RHuTVS0dI,2014-04-11,2021-10-08
P-7a4f0d5a,HexHawk6,evolution,5DDFCBD0BEF9CD9DC18B2281F8BE9152316774FF,1nhiAazfGe52MynSRaELO6s4RHuTVS0dI,2017-03-19,2018-07-02
P-9abd2bb8,HexHawk6,nucleus,5DDFCBD0BEF9CD9DC18B2281F8BE9152316774FF,1nhiAazfGe52MynSRaELO6s4RHuTVS0dI,2013-08-24,2018-07-17
P-b8c74d39,HexHawk6,silkroad2,5DDFCBD0BEF9CD9DC18B2281F8BE9152316774FF,1nhiAazfGe52MynSRaELO6s4RHuTVS0dI,2016-08-26,2018-08-16
P-d171603a,FrostCrypt402,agora,E3F739312AED7EF2C572DDB70A8888AC9971184D,1oDdB7iSyWyscqu0hwh98VPgnrVjlTumE,2014-02-18,2018-12-24
P-6bb7068d,FrostCrypt402,evolution,E3F739312AED7EF2C572DDB70A8888AC9971184D,1oDdB7iSyWyscqu0hwh98VPgnrVjlTumE,2016-04-05,2020-05-08
P-36e57490,FrostCrypt402,nucleus,E3F739312AED7EF2C572DDB70A8888AC9971184D,1oDdB7iSyWyscqu0hwh98VPgnrVjlTumE,2013-01-16,2020-03-23
P-b058de47,FrostCrypt402,silkroad2,E3F739312AED7EF2C572DDB70A8888AC9971184D,1oDdB7iSyWyscqu0hwh98VPgnrVjlTumE,2016-10-24,2018-08-15
P-abd48f23,GhostRonin190,agora,136833442A5A4CABEFA958D2AB8C0A13F65A0335,1IMI9KcyzsSJ1ZLYQI6NE4rHJgF2BeXr7,2014-12-13,2019-06-21
P-132f6cf9,GhostRonin190,evolution,136833442A5A4CABEFA958D2AB8C0A13F65A0335,1IMI9KcyzsSJ1ZLYQI6NE4rHJgF2BeXr7,2016-12-21,2018-11-03
P-87ba9f97,GhostRonin190,nucleus,136833442A5A4CABEFA958D2AB8C0A13F65A0335,1IMI9KcyzsSJ1ZLYQI6NE4rHJgF2BeXr7,2016-12-11,2018-05-14
P-eafc57b5,GhostRonin190,silkroad2,136833442A5A4CABEFA958D2AB8C0A13F65A0335,1IMI9KcyzsSJ1ZLYQI6NE4rHJgF2BeXr7,2015-12-20,2019-11-03
P-7e13eabc,AzureWraith230,abraxas,5BE69845DFCE964617C3C007F93D7BB62ABFB930,1PE1GFULjcdlUqsnmRF9OEM9JmjXzK8fL,2017-06-24,2018-09-22
P-9a80782e,AzureWraith230,agora,5BE69845DFCE964617C3C007F93D7BB62ABFB930,1PE1GFULjcdlUqsnmRF9OEM9JmjXzK8fL,2015-01-04,2021-06-15
P-da118153,AzureWraith230,evolution,5BE69845DFCE964617C3C007F93D7BB62ABFB930,1PE1GFULjcdlUqsnmRF9OEM9JmjXzK8fL,2017-01-12,2020-03-21
P-c6a6b38b,AzureWraith230,nucleus,5BE69845DFCE964617C3C007F93D7BB62ABFB930,1PE1GFULjcdlUqsnmRF9OEM9JmjXzK8fL,2017-12-03,2019-03-11
P-40dae186,PyroCipher884,abraxas,9D94AEBBB839B5D747678070E0F51D38728552C2,1W0ryx4Ahm5chdeTFoMuRZirAEacl6NJn,2014-09-04,2021-12-25
P-8444041f,PyroCipher884,agora,9D94AEBBB839B5D747678070E0F51D38728552C2,1W0ryx4Ahm5chdeTFoMuRZirAEacl6NJn,2017-12-07,2019-06-12
P-fbcf8349,PyroCipher884,nucleus,9D94AEBBB839B5D747678070E0F51D38728552C2,1W0ryx4Ahm5chdeTFoMuRZirAEacl6NJn,2015-09-22,2021-05-02
P-d0cc7a6a,PyroCipher884,silkroad2,9D94AEBBB839B5D747678070E0F51D38728552C2,1W0ryx4Ahm5chdeTFoMuRZirAEacl6NJn,2013-06-12,2021-08-17
P-f1ec1aa3,NeonFlux435,abraxas,395FEE640896EB58F5E66256E5BA31498DCA2B95,19WDfsEopf9u7EfVd1pRLQxirR13n0hLf,2017-02-16,2020-08-20
P-97d1db27,NeonFlux435,agora,395FEE640896EB58F5E66256E5BA31498DCA2B95,19WDfsEopf9u7EfVd1pRLQxirR13n0hLf,2015-11-23,2018-04-15
P-aac83c96,NeonFlux435,evolution,395FEE640896EB58F5E66256E5BA31498DCA2B95,19WDfsEopf9u7EfVd1pRLQxirR13n0hLf,2013-02-13,2019-05-03
P-db78de56,NeonFlux435,nucleus,395FEE640896EB58F5E66256E5BA31498DCA2B95,19WDfsEopf9u7EfVd1pRLQxirR13n0hLf,2013-03-09,2018-12-05
P-8303ad17,VoidHawk1,abraxas,BC74BAA00E63E4C0F0E5791154D13760A5000205,1Mq5tsy7UihGyoVdraAZXsoyS6eAfIk34,2016-03-28,2019-09-21
P-ba579b52,VoidHawk1,agora,BC74BAA00E63E4C0F0E5791154D13760A5000205,1Mq5tsy7UihGyoVdraAZXsoyS6eAfIk34,2013-05-14,2019-08-12
P-f84eac30,VoidHawk1,evolution,BC74BAA00E63E4C0F0E5791154D13760A5000205,1Mq5tsy7UihGyoVdraAZXsoyS6eAfIk34,2016-08-24,2018-05-07
P-ea79bc25,VoidHawk1,nucleus,BC74BAA00E63E4C0F0E5791154D13760A5000205,1Mq5tsy7UihGyoVdraAZXsoyS6eAfIk34,2013-01-28,2019-09-21
P-55e8774a,ViperByte871,agora,1BF9522611323DEC0AD0B56168FE95BF90F0DB6E,1zmYc16AlvOfoN4ImruqslgFMdjONcZHf,2015-07-19,2020-11-21
P-be63ce5f,ViperByte871,evolution,1BF9522611323DEC0AD0B56168FE95BF90F0DB6E,1zmYc16AlvOfoN4ImruqslgFMdjONcZHf,2015-08-19,2021-08-10
P-78ae733d,ViperByte871,nucleus,1BF9522611323DEC0AD0B56168FE95BF90F0DB6E,1zmYc16AlvOfoN4ImruqslgFMdjONcZHf,2017-03-26,2020-03-26
P-71e53930,ViperByte871,silkroad2,1BF9522611323DEC0AD0B56168FE95BF90F0DB6E,1zmYc16AlvOfoN4ImruqslgFMdjONcZHf,2015-04-16,2020-05-25
P-d60cde2a,SilentByte308,abraxas,F2FDECE9843EC75E8B1C3CDB6F226BDCB26E8BF2,1TKP5rE8VaLB1FsucXuauyPHh5ColMqkD,2013-03-12,2020-08-06
P-337f4090,SilentByte308,agora,F2FDECE9843EC75E8B1C3CDB6F226BDCB26E8BF2,1TKP5rE8VaLB1FsucXuauyPHh5ColMqkD,2017-03-23,2020-03-06
P-086e61bb,SilentByte308,nucleus,F2FDECE9843EC75E8B1C3CDB6F226BDCB26E8BF2,1TKP5rE8VaLB1FsucXuauyPHh5ColMqkD,2014-03-08,2018-01-11
P-ee21e95f,SilentByte308,silkroad2,F2FDECE9843EC75E8B1C3CDB6F226BDCB26E8BF2,1TKP5rE8VaLB1FsucXuauyPHh5ColMqkD,2017-03-15,2020-06-06
P-c75bb5a4,ShadowFox199,agora,5E0FF19C0ABB2E7B344537871477E3B7A51EEDAC,1Tw4MMt7MvSmpVlGFMngeSPne7XPEflaN,2014-09-23,2018-11-11
P-6ae2ba41,ShadowFox199,evolution,5E0FF19C0ABB2E7B344537871477E3B7A51EEDAC,1Tw4MMt7MvSmpVlGFMngeSPne7XPEflaN,2015-03-12,2021-09-06
P-e5b21123,ShadowFox199,nucleus,5E0FF19C0ABB2E7B344537871477E3B7A51EEDAC,1Tw4MMt7MvSmpVlGFMngeSPne7XPEflaN,2017-05-04,2018-07-16
P-4bff5bed,ShadowFox199,silkroad2,5E0FF19C0ABB2E7B344537871477E3B7A51EEDAC,1Tw4MMt7MvSmpVlGFMngeSPne7XPEflaN,2014-08-11,2019-01-24
P-f435a9f7,GrimPulse556,agora,F99C9F37409F841DE39F0F18878F6578A0E26852,1BsmjHq9B3X5hcMeMjoE6jqR5QPLCp5r4,2017-09-11,2020-08-10
P-0a728fc4,GrimPulse556,evolution,F99C9F37409F841DE39F0F18878F6578A0E26852,1BsmjHq9B3X5hcMeMjoE6jqR5QPLCp5r4,2017-11-05,2021-06-23
P-b81e23a5,GrimPulse556,nucleus,F99C9F37409F841DE39F0F18878F6578A0E26852,1BsmjHq9B3X5hcMeMjoE6jqR5QPLCp5r4,2013-12-16,2018-03-22
P-fa26728c,GrimPulse556,silkroad2,F99C9F37409F841DE39F0F18878F6578A0E26852,1BsmjHq9B3X5hcMeMjoE6jqR5QPLCp5r4,2017-02-10,2018-07-20
P-1ee9398e,GhostArc594,agora,332B99E4999D3747978681E0CA828F5D786D7D78,1HqKOoF7lxhG3wrhzoKAIqRmkjtR5NzwQ,2014-08-12,2018-06-02
P-1febbb4d,GhostArc594,evolution,332B99E4999D3747978681E0CA828F5D786D7D78,1HqKOoF7lxhG3wrhzoKAIqRmkjtR5NzwQ,2017-11-07,2019-05-07
P-559f1be3,GhostArc594,nucleus,332B99E4999D3747978681E0CA828F5D786D7D78,1HqKOoF7lxhG3wrhzoKAIqRmkjtR5NzwQ,2013-02-18,2021-11-22
P-c9e669dc,GhostArc594,silkroad2,332B99E4999D3747978681E0CA828F5D786D7D78,1HqKOoF7lxhG3wrhzoKAIqRmkjtR5NzwQ,2013-09-13,2019-08-11
P-9b64c27f,CyberHunter255,abraxas,AE7D0F7D33B50A9391AF6647C02AF143E08CA79E,1peHmT4vKBecRsyjzz0oU82USvDzGincJ,2017-10-17,2018-11-12
P-ef36826b,CyberHunter255,agora,AE7D0F7D33B50A9391AF6647C02AF143E08CA79E,1peHmT4vKBecRsyjzz0oU82USvDzGincJ,2016-03-23,2021-06-13
P-02fa5f1f,CyberHunter255,evolution,AE7D0F7D33B50A9391AF6647C02AF143E08CA79E,1peHmT4vKBecRsyjzz0oU82USvDzGincJ,2015-01-10,2020-06-10
P-e1cf4db3,CyberHunter255,silkroad2,AE7D0F7D33B50A9391AF6647C02AF143E08CA79E,1peHmT4vKBecRsyjzz0oU82USvDzGincJ,2016-09-03,2019-12-15
P-4290b3f3,BlazeFox237,abraxas,2009C7452224DC35867CA6A6F7EB0F920E7640D2,1h5dazUciwwA6ZwpFnswe03NWtNT2xq1j,2016-08-10,2019-12-14
P-058448f3,BlazeFox237,agora,2009C7452224DC35867CA6A6F7EB0F920E7640D2,1h5dazUciwwA6ZwpFnswe03NWtNT2xq1j,2016-03-27,2018-03-07
P-b66d356b,BlazeFox237,evolution,2009C7452224DC35867CA6A6F7EB0F920E7640D2,1h5dazUciwwA6ZwpFnswe03NWtNT2xq1j,2015-08-28,2020-02-19
P-de636239,BlazeFox237,nucleus,2009C7452224DC35867CA6A6F7EB0F920E7640D2,1h5dazUciwwA6ZwpFnswe03NWtNT2xq1j,2016-02-01,2021-11-09
P-a19f00a9,VoidCore592,agora,B623F7AB9C6D9BDBEEE83A24AA7891F9788F7418,1VFCrHcuqvcOfMOmu2dbp1BAlkMlJE2Aq,2016-03-18,2021-12-19
P-edf0e1ec,VoidCore592,evolution,B623F7AB9C6D9BDBEEE83A24AA7891F9788F7418,1VFCrHcuqvcOfMOmu2dbp1BAlkMlJE2Aq,2014-04-06,2021-05-18
P-63f9948f,VoidCore592,nucleus,B623F7AB9C6D9BDBEEE83A24AA7891F9788F7418,1VFCrHcuqvcOfMOmu2dbp1BAlkMlJE2Aq,2016-01-27,2020-10-10
P-38d1acb1,VoidCore592,silkroad2,B623F7AB9C6D9BDBEEE83A24AA7891F9788F7418,1VFCrHcuqvcOfMOmu2dbp1BAlkMlJE2Aq,2016-09-24,2021-04-01
P-55163f4f,OnyxSerpent655,agora,5012CD619E635BEAE6A94296D366D090B8095CFB,1s0O8qrhoVvzTLbe9ahBlCdb6MMgMxGJz,2013-03-09,2020-11-27
P-a8ab632d,OnyxSerpent655,evolution,5012CD619E635BEAE6A94296D366D090B8095CFB,1s0O8qrhoVvzTLbe9ahBlCdb6MMgMxGJz,2016-02-21,2020-07-06
P-ceb0bd4c,OnyxSerpent655,outlaw_market,5012CD619E635BEAE6A94296D366D090B8095CFB,1s0O8qrhoVvzTLbe9ahBlCdb6MMgMxGJz,2016-12-21,2019-01-04
P-a0581fda,OnyxSerpent655,silkroad2,5012CD619E635BEAE6A94296D366D090B8095CFB,1s0O8qrhoVvzTLbe9ahBlCdb6MMgMxGJz,2015-08-03,2020-10-16
P-33d04a61,ToxicHunter45,agora,F0896C715758D424FD8B4E0C3DECDFC163FC32DD,1WqgaLUcnJ6nrAbqiS51HvICEQy1Ola7b,2017-07-28,2020-11-22
P-2d2ef7ad,ToxicHunter45,evolution,F0896C715758D424FD8B4E0C3DECDFC163FC32DD,1WqgaLUcnJ6nrAbqiS51HvICEQy1Ola7b,2016-12-27,2018-06-17
P-eca5b3e0,ToxicHunter45,nucleus,F0896C715758D424FD8B4E0C3DECDFC163FC32DD,1WqgaLUcnJ6nrAbqiS51HvICEQy1Ola7b,2017-01-28,2020-03-19
P-4a4f655d,ToxicHunter45,outlaw_market,F0896C715758D424FD8B4E0C3DECDFC163FC32DD,1WqgaLUcnJ6nrAbqiS51HvICEQy1Ola7b,2013-03-11,2021-12-05
P-19125f89,DarkDragon455,abraxas,D22F8D013ACDA387024342E3D5D9DF3937674D8A,1DycPLRNUob36VqZO9EPZb5q0VLkDX5wG,2015-03-02,2020-06-14
P-269a5e35,DarkDragon455,agora,D22F8D013ACDA387024342E3D5D9DF3937674D8A,1DycPLRNUob36VqZO9EPZb5q0VLkDX5wG,2015-01-10,2020-09-21
P-b6f5629e,DarkDragon455,evolution,D22F8D013ACDA387024342E3D5D9DF3937674D8A,1DycPLRNUob36VqZO9EPZb5q0VLkDX5wG,2013-09-07,2019-02-20
P-5c9fcc86,DarkDragon455,nucleus,D22F8D013ACDA387024342E3D5D9DF3937674D8A,1DycPLRNUob36VqZO9EPZb5q0VLkDX5wG,2014-09-11,2020-11-26
P-dc26cc0c,VoidShade337,abraxas,677EE76F8797C9DDC57A1C2C773C71B004793E31,1IWguIFk1c9Jdba0Ew3sCLyodUMUcfuyJ,2015-05-22,2020-02-18
P-47557647,VoidShade337,agora,677EE76F8797C9DDC57A1C2C773C71B004793E31,1IWguIFk1c9Jdba0Ew3sCLyodUMUcfuyJ,2017-06-27,2019-01-05
P-7125afd5,VoidShade337,evolution,677EE76F8797C9DDC57A1C2C773C71B004793E31,1IWguIFk1c9Jdba0Ew3sCLyodUMUcfuyJ,2017-05-12,2021-07-11
P-713d645f,VoidShade337,outlaw_market,677EE76F8797C9DDC57A1C2C773C71B004793E31,1IWguIFk1c9Jdba0Ew3sCLyodUMUcfuyJ,2014-02-07,2019-09-08
P-36b83612,LunarRonin746,agora,DBA30A1FF5078A07BCC1D6651393772B5C520F40,1dstPNxtHVXT1ZdnX7kKXFm88y5coOFV4,2014-09-20,2018-07-15
P-1da72f69,LunarRonin746,evolution,DBA30A1FF5078A07BCC1D6651393772B5C520F40,1dstPNxtHVXT1ZdnX7kKXFm88y5coOFV4,2013-02-27,2019-01-16
P-efeaa439,LunarRonin746,nucleus,DBA30A1FF5078A07BCC1D6651393772B5C520F40,1dstPNxtHVXT1ZdnX7kKXFm88y5coOFV4,2015-05-23,2020-03-27
P-f89c1861,LunarRonin746,silkroad2,DBA30A1FF5078A07BCC1D6651393772B5C520F40,1dstPNxtHVXT1ZdnX7kKXFm88y5coOFV4,2016-10-17,2020-03-23
P-ae4ee103,GrimCrypt119,agora,DE5E6F2C88F22D868789FB711FC0BB2998C86C40,10TLW3q1Yr2JvCV81jab51AA4nwLw6Jqz,2015-01-24,2018-04-05
P-4aef6854,GrimCrypt119,evolution,DE5E6F2C88F22D868789FB711FC0BB2998C86C40,10TLW3q1Yr2JvCV81jab51AA4nwLw6Jqz,2014-12-08,2020-03-07
P-9810bf3d,GrimCrypt119,nucleus,DE5E6F2C88F22D868789FB711FC0BB2998C86C40,10TLW3q1Yr2JvCV81jab51AA4nwLw6Jqz,2014-02-14,2018-02-01
P-278c20f5,GrimCrypt119,silkroad2,DE5E6F2C88F22D868789FB711FC0BB2998C86C40,10TLW3q1Yr2JvCV81jab51AA4nwLw6Jqz,2016-07-02,2019-02-02
P-f3be53ed,DarkWolf208,agora,DC1DF77AD6A9F0D130AD24C827AE9E0ADF981188,1aDjaCSUuKcE4OXBNI1WWwhnORYc3VUru,2017-10-02,2021-02-09
P-812100a9,DarkWolf208,evolution,DC1DF77AD6A9F0D130AD24C827AE9E0ADF981188,1aDjaCSUuKcE4OXBNI1WWwhnORYc3VUru,2013-02-10,2018-02-26
P-7db9cb6b,DarkWolf208,nucleus,DC1DF77AD6A9F0D130AD24C827AE9E0ADF981188,1aDjaCSUuKcE4OXBNI1WWwhnORYc3VUru,2013-10-07,2019-03-22
P-47869bae,DarkWolf208,outlaw_market,DC1DF77AD6A9F0D130AD24C827AE9E0ADF981188,1aDjaCSUuKcE4OXBNI1WWwhnORYc3VUru,2015-01-03,2019-12-09
P-4bbed13f,ShadowFlux633,agora,A4BAF0EB05DDBCDDF6936BE251393A93E25173AA,1QYoPW8GCyrs8NWgBoGtLMEyg5yISmnjA,2017-06-12,2019-09-25
P-5b670c6b,ShadowFlux633,evolution,A4BAF0EB05DDBCDDF6936BE251393A93E25173AA,1QYoPW8GCyrs8NWgBoGtLMEyg5yISmnjA,2017-04-17,2018-02-27
P-e5673bfe,ShadowFlux633,nucleus,A4BAF0EB05DDBCDDF6936BE251393A93E25173AA,1QYoPW8GCyrs8NWgBoGtLMEyg5yISmnjA,2017-01-17,2019-12-07
P-3ef61d91,ShadowFlux633,silkroad2,A4BAF0EB05DDBCDDF6936BE251393A93E25173AA,1QYoPW8GCyrs8NWgBoGtLMEyg5yISmnjA,2015-03-25,2018-12-04
P-7d4a5299,FrostSpecter272,abraxas,B9A6696A20387D94A3E07C6EEC063AF7A80D226F,1n6map0kcYOCRrPdMk1cTxfMB4xaUhI0U,2014-09-28,2021-06-23
P-9478ec31,FrostSpecter272,evolution,B9A6696A20387D94A3E07C6EEC063AF7A80D226F,1n6map0kcYOCRrPdMk1cTxfMB4xaUhI0U,2017-03-15,2018-03-27
P-012ec78c,FrostSpecter272,nucleus,B9A6696A20387D94A3E07C6EEC063AF7A80D226F,1n6map0kcYOCRrPdMk1cTxfMB4xaUhI0U,2015-07-14,2019-09-08
P-11ae31c5,FrostSpecter272,outlaw_market,B9A6696A20387D94A3E07C6EEC063AF7A80D226F,1n6map0kcYOCRrPdMk1cTxfMB4xaUhI0U,2016-02-25,2020-02-15
P-4a457b2a,GhostTiger335,abraxas,DAAA5F2B75DF2B8940951721A11150565EAFCFB5,1S2rCFhU7JN5Qw0J6b0aIKEL6C6KZxhVr,2013-09-05,2021-06-23
P-edce338c,GhostTiger335,agora,DAAA5F2B75DF2B8940951721A11150565EAFCFB5,1S2rCFhU7JN5Qw0J6b0aIKEL6C6KZxhVr,2015-09-24,2018-02-11
P-a2335951,GhostTiger335,evolution,DAAA5F2B75DF2B8940951721A11150565EAFCFB5,1S2rCFhU7JN5Qw0J6b0aIKEL6C6KZxhVr,2016-02-13,2020-08-20
P-c07c75bf,GhostTiger335,nucleus,DAAA5F2B75DF2B8940951721A11150565EAFCFB5,1S2rCFhU7JN5Qw0J6b0aIKEL6C6KZxhVr,2015-11-27,2021-04-18
P-68053b1d,JadeTrader899,agora,AC64E427597DE0E0B4E8DA84DC7568509BA819FD,12kCVxvO8I5VSgP1R70R7rVUUaanVlMxM,2016-05-28,2021-04-28
P-6e232583,JadeTrader899,evolution,AC64E427597DE0E0B4E8DA84DC7568509BA819FD,12kCVxvO8I5VSgP1R70R7rVUUaanVlMxM,2013-08-22,2020-03-01
P-b142821c,JadeTrader899,nucleus,AC64E427597DE0E0B4E8DA84DC7568509BA819FD,12kCVxvO8I5VSgP1R70R7rVUUaanVlMxM,2016-11-04,2021-08-17
P-91d91703,JadeTrader899,outlaw_market,AC64E427597DE0E0B4E8DA84DC7568509BA819FD,12kCVxvO8I5VSgP1R70R7rVUUaanVlMxM,2013-02-05,2021-07-23
P-2160d8c9,CyberFang910,abraxas,D77EF22B7684CA776A03019FF6E1C449DC53E2BB,1mS7jufSHNAIjlvvN6yNfokinUEmAmVBU,2017-02-24,2019-02-12
P-70b56e8d,CyberFang910,agora,D77EF22B7684CA776A03019FF6E1C449DC53E2BB,1mS7jufSHNAIjlvvN6yNfokinUEmAmVBU,2014-06-07,2021-02-08
P-01fabd39,CyberFang910,evolution,D77EF22B7684CA776A03019FF6E1C449DC53E2BB,1mS7jufSHNAIjlvvN6yNfokinUEmAmVBU,2016-12-16,2020-12-25
P-1b2b46ad,CyberFang910,silkroad2,D77EF22B7684CA776A03019FF6E1C449DC53E2BB,1mS7jufSHNAIjlvvN6yNfokinUEmAmVBU,2017-10-09,2021-06-16
P-fe0690b2,JadeDragon858,abraxas,1617CB154ED107AAFCD1DFAE9FC5B23C38EE2B01,1nA38MRrPKijPJNa1rd1EWimjD2d4WWBS,2017-07-16,2020-03-25
P-f1aaafca,JadeDragon858,agora,1617CB154ED107AAFCD1DFAE9FC5B23C38EE2B01,1nA38MRrPKijPJNa1rd1EWimjD2d4WWBS,2016-02-04,2020-08-16
P-7949e318,JadeDragon858,evolution,1617CB154ED107AAFCD1DFAE9FC5B23C38EE2B01,1nA38MRrPKijPJNa1rd1EWimjD2d4WWBS,2014-11-05,2018-02-24
P-6b20c098,JadeDragon858,nucleus,1617CB154ED107AAFCD1DFAE9FC5B23C38EE2B01,1nA38MRrPKijPJNa1rd1EWimjD2d4WWBS,2013-02-16,2018-03-13
P-b087913d,ZeroDragon146,abraxas,35FFC8A6C602ACBAFD71F63CE1B39B48E5BEFF2C,1dPI4r3ggah10knGKSSraRg0StODXFnhT,2017-11-11,2019-05-20
P-fc75aed4,ZeroDragon146,agora,35FFC8A6C602ACBAFD71F63CE1B39B48E5BEFF2C,1dPI4r3ggah10knGKSSraRg0StODXFnhT,2017-02-25,2018-11-25
P-c96b8c08,ZeroDragon146,evolution,35FFC8A6C602ACBAFD71F63CE1B39B48E5BEFF2C,1dPI4r3ggah10knGKSSraRg0StODXFnhT,2017-08-26,2021-04-10
P-6858b21b,ZeroDragon146,nucleus,35FFC8A6C602ACBAFD71F63CE1B39B48E5BEFF2C,1dPI4r3ggah10knGKSSraRg0StODXFnhT,2016-08-17,2020-09-11
P-6afee09d,CrimsonArc538,agora,D0620B84FACD7E6524D574D8A3D21DF9E479B829,1HceZUbnmzgwiLloUrrZjcNewTXdoc7KO,2017-09-01,2018-07-04
P-3df857a7,CrimsonArc538,evolution,D0620B84FACD7E6524D574D8A3D21DF9E479B829,1HceZUbnmzgwiLloUrrZjcNewTXdoc7KO,2016-08-11,2021-08-15
P-5ea3fbcd,CrimsonArc538,nucleus,D0620B84FACD7E6524D574D8A3D21DF9E479B829,1HceZUbnmzgwiLloUrrZjcNewTXdoc7KO,2013-01-06,2020-12-06
P-a6dae8e3,CrimsonArc538,silkroad2,D0620B84FACD7E6524D574D8A3D21DF9E479B829,1HceZUbnmzgwiLloUrrZjcNewTXdoc7KO,2016-07-05,2020-12-13
P-cb95a986,NoirShade84,abraxas,776EC7A6A5D9DC2B96EA112837E307C58F4E7409,1d7nZgcv7o7Nwa8hJPJ6GVycZMHR6lxIU,2016-02-19,2021-11-18
P-5eec20af,NoirShade84,agora,776EC7A6A5D9DC2B96EA112837E307C58F4E7409,1d7nZgcv7o7Nwa8hJPJ6GVycZMHR6lxIU,2017-10-16,2021-09-28
P-8ab92ef5,NoirShade84,evolution,776EC7A6A5D9DC2B96EA112837E307C58F4E7409,1d7nZgcv7o7Nwa8hJPJ6GVycZMHR6lxIU,2014-09-02,2021-05-16
P-7074a21b,NoirShade84,nucleus,776EC7A6A5D9DC2B96EA112837E307C58F4E7409,1d7nZgcv7o7Nwa8hJPJ6GVycZMHR6lxIU,2017-07-20,2020-05-11
P-48004feb,AshenOrbit874,agora,3E01EE8808E8D751173C6ED5940EA7B2FE9DAE35,1x3Zz2rgSZR48H5MSv15RDMS55KUzM3b6,2013-01-19,2018-03-27
P-3ca88167,AshenOrbit874,evolution,3E01EE8808E8D751173C6ED5940EA7B2FE9DAE35,1x3Zz2rgSZR48H5MSv15RDMS55KUzM3b6,2015-06-26,2018-11-11
P-d159e2d3,AshenOrbit874,nucleus,3E01EE8808E8D751173C6ED5940EA7B2FE9DAE35,1x3Zz2rgSZR48H5MSv15RDMS55KUzM3b6,2016-02-14,2020-06-14
P-189f0ef4,AshenOrbit874,silkroad2,3E01EE8808E8D751173C6ED5940EA7B2FE9DAE35,1x3Zz2rgSZR48H5MSv15RDMS55KUzM3b6,2015-01-22,2019-04-08
P-e84504a5,IronRaven443,abraxas,E04BBACF506DACC237CAC48821CE075EA68E3479,1XHqyH787LM4S2vEIzFYAOvF8X3CsM7Rb,2015-10-03,2018-05-04
P-73e51434,IronRaven443,agora,E04BBACF506DACC237CAC48821CE075EA68E3479,1XHqyH787LM4S2vEIzFYAOvF8X3CsM7Rb,2015-03-01,2020-01-15
P-ff7733b4,IronRaven443,evolution,E04BBACF506DACC237CAC48821CE075EA68E3479,1XHqyH787LM4S2vEIzFYAOvF8X3CsM7Rb,2016-10-17,2021-05-01
P-b79d254a,IronRaven443,nucleus,E04BBACF506DACC237CAC48821CE075EA68E3479,1XHqyH787LM4S2vEIzFYAOvF8X3CsM7Rb,2016-10-01,2020-07-19
P-6d38b226,NeonHawk626,abraxas,25161677BBB1CC7094F9817CD7DE4EC5531ACCA4,1BasXjcrXvyiVopGF2AhVp6hkEJKfW96M,2016-06-19,2018-08-04
P-0aa2137b,NeonHawk626,agora,25161677BBB1CC7094F9817CD7DE4EC5531ACCA4,1BasXjcrXvyiVopGF2AhVp6hkEJKfW96M,2014-06-16,2020-03-20
P-2f2672c9,NeonHawk626,evolution,25161677BBB1CC7094F9817CD7DE4EC5531ACCA4,1BasXjcrXvyiVopGF2AhVp6hkEJKfW96M,2015-06-14,2019-08-21
P-a34c4abc,NeonHawk626,silkroad2,25161677BBB1CC7094F9817CD7DE4EC5531ACCA4,1BasXjcrXvyiVopGF2AhVp6hkEJKfW96M,2013-09-07,2020-05-02
P-f9c7f56e,CobaltPulse584,agora,C26A076FD57D9413FA85ABB02F6E6CA47EDD4BEE,10BN2sHdAh5h38WT0oA38qMEIaTThCRBq,2015-10-13,2019-10-24
P-c84ffc79,CobaltPulse584,evolution,C26A076FD57D9413FA85ABB02F6E6CA47EDD4BEE,10BN2sHdAh5h38WT0oA38qMEIaTThCRBq,2013-12-28,2018-10-11
P-01a8bdc4,CobaltPulse584,nucleus,C26A076FD57D9413FA85ABB02F6E6CA47EDD4BEE,10BN2sHdAh5h38WT0oA38qMEIaTThCRBq,2015-02-19,2021-07-07
P-12e8a418,CobaltPulse584,silkroad2,C26A076FD57D9413FA85ABB02F6E6CA47EDD4BEE,10BN2sHdAh5h38WT0oA38qMEIaTThCRBq,2015-02-21,2020-09-26
P-35e740c7,ObsidianByte732,agora,A17AE1F54197962C804A9005334C51F41DC57CC0,1agg4AieFNp7zjuvJLe9dCKJNeN2duq8m,2015-07-22,2020-04-14
P-2861418c,ObsidianByte732,evolution,A17AE1F54197962C804A9005334C51F41DC57CC0,1agg4AieFNp7zjuvJLe9dCKJNeN2duq8m,2016-05-20,2021-11-25
P-974527a9,ObsidianByte732,nucleus,A17AE1F54197962C804A9005334C51F41DC57CC0,1agg4AieFNp7zjuvJLe9dCKJNeN2duq8m,2017-03-01,2019-10-16
P-c22f7e27,BlazeEcho210,agora,1E01405C0B3613AE84CC41290ABC9D55E0C509BF,1KYDtEMfSZ4TfIXOktmKvEjbgxrt54hKs,2014-11-27,2021-05-21
P-b56820d7,BlazeEcho210,evolution,1E01405C0B3613AE84CC41290ABC9D55E0C509BF,1KYDtEMfSZ4TfIXOktmKvEjbgxrt54hKs,2017-10-28,2021-10-24
P-49ac9535,BlazeEcho210,silkroad2,1E01405C0B3613AE84CC41290ABC9D55E0C509BF,1KYDtEMfSZ4TfIXOktmKvEjbgxrt54hKs,2013-09-07,2020-08-05
P-374acb5d,ZeroBroker257,abraxas,5D1B9FCF3EC77564C4B21D68B27504C16F95C200,18hYwKM3njTRSwjYDNvFrBSjsOdD4aR6W,2014-03-24,2020-07-14
P-848eacd5,ZeroBroker257,evolution,5D1B9FCF3EC77564C4B21D68B27504C16F95C200,18hYwKM3njTRSwjYDNvFrBSjsOdD4aR6W,2015-02-21,2019-07-09
P-c089852d,ZeroBroker257,nucleus,5D1B9FCF3EC77564C4B21D68B27504C16F95C200,18hYwKM3njTRSwjYDNvFrBSjsOdD4aR6W,2015-11-06,2020-11-20
P-d6552e42,ZeroBroker257,outlaw_market,5D1B9FCF3EC77564C4B21D68B27504C16F95C200,18hYwKM3njTRSwjYDNvFrBSjsOdD4aR6W,2015-07-08,2019-03-07
P-dd7a16ff,ZeroBroker257,world_market,5D1B9FCF3EC77564C4B21D68B27504C16F95C200,18hYwKM3njTRSwjYDNvFrBSjsOdD4aR6W,2014-04-26,2021-08-16
P-d2de1fbb,StormByte196,agora,4ED39E6421C2AC196C2D39EA9C74F53A4AD67C97,1dx8d2azhLa27LL1aWWmOTMf9AZqPhC0a,2017-07-14,2018-04-06
P-361987f4,StormByte196,evolution,4ED39E6421C2AC196C2D39EA9C74F53A4AD67C97,1dx8d2azhLa27LL1aWWmOTMf9AZqPhC0a,2015-03-01,2020-05-22
P-d3f7f615,StormByte196,nucleus,4ED39E6421C2AC196C2D39EA9C74F53A4AD67C97,1dx8d2azhLa27LL1aWWmOTMf9AZqPhC0a,2017-03-21,2018-12-16
P-df7e4144,CobaltDragon113,agora,F77F3C96F19411EA3FA46BED638A07D1883A1EB5,1zrRcsxrFtaKrybAN8uOIsX82KMQ5NMEy,2013-01-28,2018-06-20
P-f65b6a99,CobaltDragon113,evolution,F77F3C96F19411EA3FA46BED638A07D1883A1EB5,1zrRcsxrFtaKrybAN8uOIsX82KMQ5NMEy,2015-02-14,2020-11-22
P-c24b3de3,CobaltDragon113,nucleus,F77F3C96F19411EA3FA46BED638A07D1883A1EB5,1zrRcsxrFtaKrybAN8uOIsX82KMQ5NMEy,2013-07-27,2019-04-04
P-1c4d2cce,CobaltDragon113,wall_street,F77F3C96F19411EA3FA46BED638A07D1883A1EB5,1zrRcsxrFtaKrybAN8uOIsX82KMQ5NMEy,2018-12-17,2019-09-22
P-9ffccbb7,CobaltDragon113,alphabay,F77F3C96F19411EA3FA46BED638A07D1883A1EB5,1zrRcsxrFtaKrybAN8uOIsX82KMQ5NMEy,2018-09-09,2022-02-08
P-1fc0884c,ViperSerpent401,agora,D7F493A800351A691F48013BCF22CED60ACDBFE1,1ExrR3350jja4IKHixTV0ji7wDoFD4AGr,2017-02-25,2020-06-27
P-c5926e13,ViperSerpent401,evolution,D7F493A800351A691F48013BCF22CED60ACDBFE1,1ExrR3350jja4IKHixTV0ji7wDoFD4AGr,2017-12-13,2019-07-07
P-7d29f308,ViperSerpent401,silkroad2,D7F493A800351A691F48013BCF22CED60ACDBFE1,1ExrR3350jja4IKHixTV0ji7wDoFD4AGr,2014-02-06,2019-05-15
P-7fa87e47,ViperSerpent401,cannazon,D7F493A800351A691F48013BCF22CED60ACDBFE1,1ExrR3350jja4IKHixTV0ji7wDoFD4AGr,2017-05-28,2019-08-18
P-690b949f,ViperSerpent401,dark0de,D7F493A800351A691F48013BCF22CED60ACDBFE1,1ExrR3350jja4IKHixTV0ji7wDoFD4AGr,2016-12-04,2021-09-14
P-470a9371,FrostPhoenix983,agora,E6384F18D96E0FB5EE0B4B344E6ABC6824FB5510,1Kk2vnQaeUWVxGgHtezGlPKWEHwhAvWig,2016-11-08,2020-03-12
P-6deabef1,FrostPhoenix983,nucleus,E6384F18D96E0FB5EE0B4B344E6ABC6824FB5510,1Kk2vnQaeUWVxGgHtezGlPKWEHwhAvWig,2016-12-12,2020-01-21
P-43ae3170,FrostPhoenix983,themarketplace,E6384F18D96E0FB5EE0B4B344E6ABC6824FB5510,1Kk2vnQaeUWVxGgHtezGlPKWEHwhAvWig,2017-01-27,2018-12-26
P-857b654a,FrostPhoenix983,wall_street,E6384F18D96E0FB5EE0B4B344E6ABC6824FB5510,1Kk2vnQaeUWVxGgHtezGlPKWEHwhAvWig,2015-05-18,2022-05-21
P-878eed85,HexEcho727,agora,B65C652804A1F2AB2050F0C34EAD92FAA7D744BA,1mmxbLHkvvr0tgyU15Fas8xkLoNVIY1aV,2015-11-04,2019-08-13
P-093cec3c,HexEcho727,evolution,B65C652804A1F2AB2050F0C34EAD92FAA7D744BA,1mmxbLHkvvr0tgyU15Fas8xkLoNVIY1aV,2013-07-09,2020-02-27
P-f46e34c3,HexEcho727,silkroad2,B65C652804A1F2AB2050F0C34EAD92FAA7D744BA,1mmxbLHkvvr0tgyU15Fas8xkLoNVIY1aV,2014-05-07,2019-08-21
P-6c86faf6,HexEcho727,hansa,B65C652804A1F2AB2050F0C34EAD92FAA7D744BA,1mmxbLHkvvr0tgyU15Fas8xkLoNVIY1aV,2016-11-14,2019-05-28
P-0cb9aeb5,NightPhoenix140,agora,994B4DA98A451EC36738511C5CE2D17AAB93268C,1WzeBlLiCbUfNBWQs3em1h0XUZAJgIgJH,2013-08-16,2021-06-23
P-54d0f4a7,NightPhoenix140,outlaw_market,994B4DA98A451EC36738511C5CE2D17AAB93268C,1WzeBlLiCbUfNBWQs3em1h0XUZAJgIgJH,2016-02-27,2019-12-09
P-8e434659,NightPhoenix140,silkroad2,994B4DA98A451EC36738511C5CE2D17AAB93268C,1WzeBlLiCbUfNBWQs3em1h0XUZAJgIgJH,2017-02-12,2021-10-24
P-af8f2abe,HexVenom420,agora,D56506FC7CFBD335069FF91C477D9AFD39CEC755,1yJAlYOKavWylhqgX3Y1PEAQux2aItggz,2017-12-11,2021-12-01
P-e7f902f1,HexVenom420,evolution,D56506FC7CFBD335069FF91C477D9AFD39CEC755,1yJAlYOKavWylhqgX3Y1PEAQux2aItggz,2013-11-21,2019-11-15
P-2695fb7f,HexVenom420,silkroad2,D56506FC7CFBD335069FF91C477D9AFD39CEC755,1yJAlYOKavWylhqgX3Y1PEAQux2aItggz,2014-01-13,2019-11-10
P-ea5dc9c3,CobaltLotus550,agora,9117DE3288C6B06644732D2C0B16A42391D13B48,1bjmEweQVY1lGr74BYofaijFIBk6wbQQM,2015-10-03,2018-03-08
P-06536c6c,CobaltLotus550,evolution,9117DE3288C6B06644732D2C0B16A42391D13B48,1bjmEweQVY1lGr74BYofaijFIBk6wbQQM,2017-12-25,2019-10-22
P-28ce7754,CobaltLotus550,silkroad2,9117DE3288C6B06644732D2C0B16A42391D13B48,1bjmEweQVY1lGr74BYofaijFIBk6wbQQM,2016-06-15,2021-12-05
P-3ac53259,CobaltLotus550,1776,9117DE3288C6B06644732D2C0B16A42391D13B48,1bjmEweQVY1lGr74BYofaijFIBk6wbQQM,2016-03-22,2021-05-07
P-a75a2806,CobaltLotus550,dream_market,9117DE3288C6B06644732D2C0B16A42391D13B48,1bjmEweQVY1lGr74BYofaijFIBk6wbQQM,2014-07-12,2020-07-13
P-a361c2ba,FrostCrypt782,agora,D21A6E8B2DC90614F7EF92ED81C772618D6E5541,1gvitG5M9t6s79Gqla1kgSaScWSDQqQ7e,2017-04-01,2018-09-21
P-31cf9078,FrostCrypt782,evolution,D21A6E8B2DC90614F7EF92ED81C772618D6E5541,1gvitG5M9t6s79Gqla1kgSaScWSDQqQ7e,2017-11-08,2018-08-07
P-e79fb404,FrostCrypt782,silkroad2,D21A6E8B2DC90614F7EF92ED81C772618D6E5541,1gvitG5M9t6s79Gqla1kgSaScWSDQqQ7e,2015-12-28,2019-01-13
P-5afebb54,VoidWolf623,agora,3D00AB523ED1612CB98D90CE46039137E78375DA,1GZKqrHdMvIbHYPycT2qcBmhrGDsSl46u,2017-07-20,2020-03-03
P-c27ac0ce,VoidWolf623,evolution,3D00AB523ED1612CB98D90CE46039137E78375DA,1GZKqrHdMvIbHYPycT2qcBmhrGDsSl46u,2015-03-19,2018-01-23
P-b3d8b704,VoidWolf623,silkroad2,3D00AB523ED1612CB98D90CE46039137E78375DA,1GZKqrHdMvIbHYPycT2qcBmhrGDsSl46u,2017-07-25,2021-11-16
P-1c2c5c27,VoidWolf623,torrez,3D00AB523ED1612CB98D90CE46039137E78375DA,1GZKqrHdMvIbHYPycT2qcBmhrGDsSl46u,2014-04-23,2020-04-28
P-fe800add,VoidWolf623,dream_market,3D00AB523ED1612CB98D90CE46039137E78375DA,1GZKqrHdMvIbHYPycT2qcBmhrGDsSl46u,2016-05-24,2022-07-05
P-63664721,GhostDrift544,agora,D40129FBF585B5BD8137D7C167D210081E594B8B,1FfC2iEmoHi3COz4T8nGx2iTt0WNGUGBC,2016-04-20,2019-05-24
P-baa8fe00,GhostDrift544,evolution,D40129FBF585B5BD8137D7C167D210081E594B8B,1FfC2iEmoHi3COz4T8nGx2iTt0WNGUGBC,2014-07-06,2021-03-01
P-7500e724,GhostDrift544,silkroad2,D40129FBF585B5BD8137D7C167D210081E594B8B,1FfC2iEmoHi3COz4T8nGx2iTt0WNGUGBC,2015-05-08,2021-04-12
P-093b5258,GhostDrift544,outlaw_market,D40129FBF585B5BD8137D7C167D210081E594B8B,1FfC2iEmoHi3COz4T8nGx2iTt0WNGUGBC,2018-11-21,2022-02-01
P-1557a527,GhostDrift544,darkfox,D40129FBF585B5BD8137D7C167D210081E594B8B,1FfC2iEmoHi3COz4T8nGx2iTt0WNGUGBC,2017-03-28,2021-12-13
P-e0dba644,ScarletRaven837,agora,00560F8CC9A8D4B557E22ED6914348E37D1C50D5,1oBEpF0EjygCs26tRWiD21xwFU3gDGouZ,2014-12-13,2021-12-20
P-72d3cbfc,ScarletRaven837,evolution,00560F8CC9A8D4B557E22ED6914348E37D1C50D5,1oBEpF0EjygCs26tRWiD21xwFU3gDGouZ,2015-02-04,2018-01-11
P-75b7c05e,ScarletRaven837,silkroad2,00560F8CC9A8D4B557E22ED6914348E37D1C50D5,1oBEpF0EjygCs26tRWiD21xwFU3gDGouZ,2014-08-12,2018-01-09
P-f9faa365,ScarletRaven837,outlaw_market,00560F8CC9A8D4B557E22ED6914348E37D1C50D5,1oBEpF0EjygCs26tRWiD21xwFU3gDGouZ,2018-10-13,2021-07-22
P-9a341f6f,ScarletRaven837,cannahome,00560F8CC9A8D4B557E22ED6914348E37D1C50D5,1oBEpF0EjygCs26tRWiD21xwFU3gDGouZ,2016-03-18,2019-10-06
P-dc15e2df,CyberNexus64,agora,4249008DD85BD62A947AF80E83A67CEAD5556284,1e3c433k9k0ZL3JyZ8Fihqe4K9eeymkMR,2015-03-17,2021-06-15
P-43b7fce6,CyberNexus64,evolution,4249008DD85BD62A947AF80E83A67CEAD5556284,1e3c433k9k0ZL3JyZ8Fihqe4K9eeymkMR,2014-02-11,2021-03-09
P-33d20a53,CyberNexus64,silkroad2,4249008DD85BD62A947AF80E83A67CEAD5556284,1e3c433k9k0ZL3JyZ8Fihqe4K9eeymkMR,2013-06-02,2019-08-28
P-a5491086,CyberNexus64,world_market,4249008DD85BD62A947AF80E83A67CEAD5556284,1e3c433k9k0ZL3JyZ8Fihqe4K9eeymkMR,2016-12-12,2022-05-09
P-42f5e4e0,BlazeHawk545,agora,E7D6BC4D0E43EFAD603BBDF27A719501149731E7,1i8OPMPD3opxArgLiF43wHPBnYPMxxWs7,2017-05-17,2020-07-06
P-5e3308ed,BlazeHawk545,evolution,E7D6BC4D0E43EFAD603BBDF27A719501149731E7,1i8OPMPD3opxArgLiF43wHPBnYPMxxWs7,2015-12-16,2019-09-28
P-32cfc5a8,BlazeHawk545,silkroad2,E7D6BC4D0E43EFAD603BBDF27A719501149731E7,1i8OPMPD3opxArgLiF43wHPBnYPMxxWs7,2016-01-07,2019-01-08
P-f2149482,BlazeHawk545,dark0de,E7D6BC4D0E43EFAD603BBDF27A719501149731E7,1i8OPMPD3opxArgLiF43wHPBnYPMxxWs7,2015-01-16,2021-03-23
P-3f39f423,CrimsonSerpent753,agora,DFE798C8D003851909F5D8C6D503751E6E304E1D,16gH0AmxX757ABnDOmCAJGMNuGDLcxinm,2016-07-04,2021-01-15
P-f848bd5e,CrimsonSerpent753,evolution,DFE798C8D003851909F5D8C6D503751E6E304E1D,16gH0AmxX757ABnDOmCAJGMNuGDLcxinm,2015-12-18,2021-08-16
P-9eced924,CrimsonSerpent753,silkroad2,DFE798C8D003851909F5D8C6D503751E6E304E1D,16gH0AmxX757ABnDOmCAJGMNuGDLcxinm,2013-12-28,2019-02-12
P-8b855b74,CrimsonSerpent753,nucleus,DFE798C8D003851909F5D8C6D503751E6E304E1D,16gH0AmxX757ABnDOmCAJGMNuGDLcxinm,2014-04-28,2021-03-27
P-659cfe20,CrimsonSerpent753,hansa,DFE798C8D003851909F5D8C6D503751E6E304E1D,16gH0AmxX757ABnDOmCAJGMNuGDLcxinm,2015-12-17,2021-10-22
P-c82d4a96,StormHawk658,agora,BA276611C35943334FEBDFFCB6195DBA0D623148,1yPmK73he2uMoViwXTex3rXu2Shdj8GkR,2017-04-19,2018-09-25
P-232eeb5e,StormHawk658,evolution,BA276611C35943334FEBDFFCB6195DBA0D623148,1yPmK73he2uMoViwXTex3rXu2Shdj8GkR,2017-03-14,2018-04-25
P-f1cdf48d,StormHawk658,silkroad2,BA276611C35943334FEBDFFCB6195DBA0D623148,1yPmK73he2uMoViwXTex3rXu2Shdj8GkR,2016-11-04,2020-01-10
P-03e94130,StormHawk658,world_market,BA276611C35943334FEBDFFCB6195DBA0D623148,1yPmK73he2uMoViwXTex3rXu2Shdj8GkR,2014-07-12,2019-06-05
P-687639ce,StormHawk658,dark0de,BA276611C35943334FEBDFFCB6195DBA0D623148,1yPmK73he2uMoViwXTex3rXu2Shdj8GkR,2014-02-15,2022-08-21
P-8b15ba63,OnyxShade485,agora,BBF04EBEF8697F1F6931021358E16826FF35AD9D,1VKnMPm89AQBANxoXBfK5dDoIyDwfdKwh,2015-10-22,2018-06-02
P-79a40d6a,OnyxShade485,evolution,BBF04EBEF8697F1F6931021358E16826FF35AD9D,1VKnMPm89AQBANxoXBfK5dDoIyDwfdKwh,2017-08-11,2019-04-28
P-3f2a271c,OnyxShade485,nucleus,BBF04EBEF8697F1F6931021358E16826FF35AD9D,1VKnMPm89AQBANxoXBfK5dDoIyDwfdKwh,2013-11-10,2020-01-24
P-234f603f,AshenBroker767,agora,BF1636ADF9A2326AFF7236DFCFC9DCE738B1E639,1VEgwgyN12hHYOgeh2kcr5cns8C2ninDs,2013-09-20,2021-02-13
P-3cf8c053,AshenBroker767,evolution,BF1636ADF9A2326AFF7236DFCFC9DCE738B1E639,1VEgwgyN12hHYOgeh2kcr5cns8C2ninDs,2015-03-08,2021-02-01
P-e1e63760,AshenBroker767,silkroad2,BF1636ADF9A2326AFF7236DFCFC9DCE738B1E639,1VEgwgyN12hHYOgeh2kcr5cns8C2ninDs,2014-03-13,2021-05-21
P-e09d1e72,RogueBroker755,agora,1BC7607797FB8043FFF1295E62C4D7F2DCA8AF91,1UTKJsuLTAKR6W5M9KIgCpfkoIkLxR2W9,2014-02-10,2021-07-24
P-eaedd4a5,RogueBroker755,evolution,1BC7607797FB8043FFF1295E62C4D7F2DCA8AF91,1UTKJsuLTAKR6W5M9KIgCpfkoIkLxR2W9,2015-11-20,2019-06-22
P-287b233a,RogueBroker755,silkroad2,1BC7607797FB8043FFF1295E62C4D7F2DCA8AF91,1UTKJsuLTAKR6W5M9KIgCpfkoIkLxR2W9,2013-06-17,2019-08-15
P-dd5928c8,EmberPhoenix832,agora,77B230D6E79A71845CF6ED80FE8AE357FA020B5A,1EMootHerm5f76lMbvbAEqs4nExaI7FMJ,2016-08-09,2021-02-25
P-f6f9030b,EmberPhoenix832,evolution,77B230D6E79A71845CF6ED80FE8AE357FA020B5A,1EMootHerm5f76lMbvbAEqs4nExaI7FMJ,2016-06-20,2019-07-21
P-cdf41729,EmberPhoenix832,silkroad2,77B230D6E79A71845CF6ED80FE8AE357FA020B5A,1EMootHerm5f76lMbvbAEqs4nExaI7FMJ,2016-02-02,2020-08-22
P-49f8520a,StormHelix388,agora,0D052980DC5CB8089E529BC8979EF338DB8E7C4C,17bnbXBScQ2BEZvbQW2GWnGfw8GX4RTWF,2014-11-22,2019-08-17
P-bfc738cd,StormHelix388,evolution,0D052980DC5CB8089E529BC8979EF338DB8E7C4C,17bnbXBScQ2BEZvbQW2GWnGfw8GX4RTWF,2017-02-10,2021-07-03
P-62a4d33b,StormHelix388,nucleus,0D052980DC5CB8089E529BC8979EF338DB8E7C4C,17bnbXBScQ2BEZvbQW2GWnGfw8GX4RTWF,2016-05-05,2019-11-10
P-0c21d052,LunarCore246,agora,EDC107BE83C6DFE69FF1DCDA2B18811D0E4C2BF6,1tWHBktJcEIAL5GDhGV9EVPsCNiMGKC9B,2014-09-14,2020-10-02
P-b72e8213,LunarCore246,evolution,EDC107BE83C6DFE69FF1DCDA2B18811D0E4C2BF6,1tWHBktJcEIAL5GDhGV9EVPsCNiMGKC9B,2017-02-02,2018-09-14
P-00afdd26,LunarCore246,nucleus,EDC107BE83C6DFE69FF1DCDA2B18811D0E4C2BF6,1tWHBktJcEIAL5GDhGV9EVPsCNiMGKC9B,2016-02-15,2020-06-09
P-670a2147,LunarCore246,dream_market,EDC107BE83C6DFE69FF1DCDA2B18811D0E4C2BF6,1tWHBktJcEIAL5GDhGV9EVPsCNiMGKC9B,2018-02-25,2019-02-24
P-8abfe9ed,LunarCore246,hansa,EDC107BE83C6DFE69FF1DCDA2B18811D0E4C2BF6,1tWHBktJcEIAL5GDhGV9EVPsCNiMGKC9B,2017-03-26,2020-07-02
P-5cc654ca,RogueRaven824,agora,A27D0D0AE0A1DD358F89DF58F088ED2EAF9602F7,1z5LhHwRVxTlo2UbfLto3sSWMY6SJvdef,2013-07-23,2020-06-19
P-3eb46ebe,RogueRaven824,evolution,A27D0D0AE0A1DD358F89DF58F088ED2EAF9602F7,1z5LhHwRVxTlo2UbfLto3sSWMY6SJvdef,2016-11-15,2020-06-28
P-a4661a12,RogueRaven824,nucleus,A27D0D0AE0A1DD358F89DF58F088ED2EAF9602F7,1z5LhHwRVxTlo2UbfLto3sSWMY6SJvdef,2014-04-06,2018-12-20
P-7e07247a,RogueRaven824,empire,A27D0D0AE0A1DD358F89DF58F088ED2EAF9602F7,1z5LhHwRVxTlo2UbfLto3sSWMY6SJvdef,2016-11-04,2022-09-01
P-79be644a,RogueRaven824,alphabay,A27D0D0AE0A1DD358F89DF58F088ED2EAF9602F7,1z5LhHwRVxTlo2UbfLto3sSWMY6SJvdef,2014-07-04,2019-03-21
P-38eb7c03,RogueTiger486,agora,F1326291EA86AAADE7CE02DC4010C5A6EB62DA65,1vN5d5zRfq2Tk5efrTGXoFgyUtDB4KreN,2016-08-23,2021-11-24
P-72ced2ff,RogueTiger486,evolution,F1326291EA86AAADE7CE02DC4010C5A6EB62DA65,1vN5d5zRfq2Tk5efrTGXoFgyUtDB4KreN,2017-12-16,2020-10-27
P-5004be3f,RogueTiger486,silkroad2,F1326291EA86AAADE7CE02DC4010C5A6EB62DA65,1vN5d5zRfq2Tk5efrTGXoFgyUtDB4KreN,2017-06-23,2021-05-03
P-268a72d5,RogueTiger486,versus,F1326291EA86AAADE7CE02DC4010C5A6EB62DA65,1vN5d5zRfq2Tk5efrTGXoFgyUtDB4KreN,2015-03-01,2020-02-27
P-d8864229,NoirPulse825,abraxas,448D7538D75126265D3FE8DC1C5DF31D2933B6A4,1ncFGhE0WcMoYOcXYn5Vbp4QXhbRBuynd,2013-12-07,2018-04-16
P-e71758da,NoirPulse825,evolution,448D7538D75126265D3FE8DC1C5DF31D2933B6A4,1ncFGhE0WcMoYOcXYn5Vbp4QXhbRBuynd,2014-11-08,2021-11-28
P-e2bb12cf,NoirPulse825,nucleus,448D7538D75126265D3FE8DC1C5DF31D2933B6A4,1ncFGhE0WcMoYOcXYn5Vbp4QXhbRBuynd,2017-04-03,2020-08-05
P-ceea2cd6,AshenSerpent63,agora,9CFF6F1D79911D5B5DFB438077CAD90180070082,1VPBV24kIEvCLDVtz4zV8ColNuCC3dtsg,2016-07-01,2018-03-05
P-61bf23f8,AshenSerpent63,evolution,9CFF6F1D79911D5B5DFB438077CAD90180070082,1VPBV24kIEvCLDVtz4zV8ColNuCC3dtsg,2016-08-16,2018-08-19
P-629ca879,AshenSerpent63,nucleus,9CFF6F1D79911D5B5DFB438077CAD90180070082,1VPBV24kIEvCLDVtz4zV8ColNuCC3dtsg,2014-04-10,2021-01-11
P-bc194d0d,CyberHunter436,agora,E8D9B015373D7DCC368C0277838787383D799FBC,1dOJb9EMq5pZhPZexPHecmvYT1fs4OSLm,2013-02-21,2021-07-28
P-67195305,CyberHunter436,evolution,E8D9B015373D7DCC368C0277838787383D799FBC,1dOJb9EMq5pZhPZexPHecmvYT1fs4OSLm,2016-12-19,2020-01-16
P-02c6d0b7,CyberHunter436,silkroad2,E8D9B015373D7DCC368C0277838787383D799FBC,1dOJb9EMq5pZhPZexPHecmvYT1fs4OSLm,2016-08-17,2021-04-23
P-9ee0bc74,CyberHunter436,wall_street,E8D9B015373D7DCC368C0277838787383D799FBC,1dOJb9EMq5pZhPZexPHecmvYT1fs4OSLm,2014-09-01,2022-10-11
P-8bc48e80,CyberHunter436,hydra,E8D9B015373D7DCC368C0277838787383D799FBC,1dOJb9EMq5pZhPZexPHecmvYT1fs4OSLm,2018-02-09,2022-08-04
P-05a7b70c,NoirCipher337,agora,84F8A8079D03072D0C551FCD08476E9FB3AA2192,13lRi4kIjaO8zAnvhIsKTgh45xxNt9WGt,2016-10-21,2020-08-23
P-fe3c8683,NoirCipher337,evolution,84F8A8079D03072D0C551FCD08476E9FB3AA2192,13lRi4kIjaO8zAnvhIsKTgh45xxNt9WGt,2016-01-06,2020-12-07
P-5f77c8fc,NoirCipher337,silkroad2,84F8A8079D03072D0C551FCD08476E9FB3AA2192,13lRi4kIjaO8zAnvhIsKTgh45xxNt9WGt,2016-06-15,2019-09-08
P-1e499047,OnyxFang66,agora,F879F0315C0F25BC32B30A32A30BD636FE010ACD,1xmnIVHuedTrgES0Znr8yRUwa6NRBOnWS,2017-11-11,2021-03-10
P-e336f52b,OnyxFang66,evolution,F879F0315C0F25BC32B30A32A30BD636FE010ACD,1xmnIVHuedTrgES0Znr8yRUwa6NRBOnWS,2016-07-27,2020-08-26
P-e4fd01ca,OnyxFang66,nucleus,F879F0315C0F25BC32B30A32A30BD636FE010ACD,1xmnIVHuedTrgES0Znr8yRUwa6NRBOnWS,2014-10-07,2020-12-24
P-c29777a3,OnyxFang66,alphabay,F879F0315C0F25BC32B30A32A30BD636FE010ACD,1xmnIVHuedTrgES0Znr8yRUwa6NRBOnWS,2014-11-16,2020-03-07
P-107029c8,OnyxFang66,berlusconi,F879F0315C0F25BC32B30A32A30BD636FE010ACD,1xmnIVHuedTrgES0Znr8yRUwa6NRBOnWS,2015-10-16,2019-07-16
P-fdbb6028,ScarletLotus691,agora,C0ED8156F682B08BF8942F364B9FC8421C44FD7B,1lnn5fnp9I2jIYuQsLdrZGitM8RzgBHv1,2015-04-07,2018-01-12
P-60d23757,ScarletLotus691,evolution,C0ED8156F682B08BF8942F364B9FC8421C44FD7B,1lnn5fnp9I2jIYuQsLdrZGitM8RzgBHv1,2015-06-22,2019-03-27
P-723f6fd2,ScarletLotus691,themarketplace,C0ED8156F682B08BF8942F364B9FC8421C44FD7B,1lnn5fnp9I2jIYuQsLdrZGitM8RzgBHv1,2017-01-26,2018-06-14
P-72850969,ChaosPhoenix391,abraxas,35DDB1241DE9B08577C07670AF0E53CBDFB59685,1qJ9X1Vy1Fr7Masv374eTKDbWbmwIP0yK,2013-10-08,2018-09-08
P-3ae97f1f,ChaosPhoenix391,agora,35DDB1241DE9B08577C07670AF0E53CBDFB59685,1qJ9X1Vy1Fr7Masv374eTKDbWbmwIP0yK,2016-05-11,2020-01-25
P-d4c65cbf,ChaosPhoenix391,nucleus,35DDB1241DE9B08577C07670AF0E53CBDFB59685,1qJ9X1Vy1Fr7Masv374eTKDbWbmwIP0yK,2017-05-05,2018-12-02
P-7ef3fd66,ChaosPhoenix391,wall_street,35DDB1241DE9B08577C07670AF0E53CBDFB59685,1qJ9X1Vy1Fr7Masv374eTKDbWbmwIP0yK,2017-08-27,2019-02-26
P-8dc14ef0,ChaosPhoenix391,cannazon,35DDB1241DE9B08577C07670AF0E53CBDFB59685,1qJ9X1Vy1Fr7Masv374eTKDbWbmwIP0yK,2018-10-26,2019-09-02
P-47127ebf,ChaosFox916,evolution,45C207CC616CDE330A2A6B90811524158E943ED4,1gsb4yFbTw8Dc7PwLkn6JPEyhdv6fjagZ,2017-02-06,2018-04-12
P-5275d101,ChaosFox916,nucleus,45C207CC616CDE330A2A6B90811524158E943ED4,1gsb4yFbTw8Dc7PwLkn6JPEyhdv6fjagZ,2014-12-10,2021-09-16
P-3591dd8f,ChaosFox916,silkroad2,45C207CC616CDE330A2A6B90811524158E943ED4,1gsb4yFbTw8Dc7PwLkn6JPEyhdv6fjagZ,2013-03-21,2020-06-27
P-5595d635,ChaosFox916,cannazon,45C207CC616CDE330A2A6B90811524158E943ED4,1gsb4yFbTw8Dc7PwLkn6JPEyhdv6fjagZ,2015-02-28,2020-08-14
P-d356bc61,ChaosFox916,outlaw_market,45C207CC616CDE330A2A6B90811524158E943ED4,1gsb4yFbTw8Dc7PwLkn6JPEyhdv6fjagZ,2014-04-27,2022-06-10
P-a9d7d898,IronCore468,agora,51D19C466ABDA590BD20C0A72B55B3027AA93A0C,1aTKHg429zD5GRq4tygQq2eZBreseAN0d,2017-03-03,2020-06-23
P-bfc01dc3,IronCore468,evolution,51D19C466ABDA590BD20C0A72B55B3027AA93A0C,1aTKHg429zD5GRq4tygQq2eZBreseAN0d,2016-06-21,2019-03-25
P-3349fc7b,IronCore468,nucleus,51D19C466ABDA590BD20C0A72B55B3027AA93A0C,1aTKHg429zD5GRq4tygQq2eZBreseAN0d,2017-07-26,2019-03-26
P-7f7526d1,GrimPulse554,abraxas,A5A4D2B16A6D28532CE142CA73863D8457CD7142,1KErkgL83QuXkYaYh405TQHVjtgPO1C0y,2016-07-14,2021-09-26
P-edea9294,GrimPulse554,agora,A5A4D2B16A6D28532CE142CA73863D8457CD7142,1KErkgL83QuXkYaYh405TQHVjtgPO1C0y,2015-01-15,2019-01-23
P-b3db0ba7,GrimPulse554,evolution,A5A4D2B16A6D28532CE142CA73863D8457CD7142,1KErkgL83QuXkYaYh405TQHVjtgPO1C0y,2017-02-03,2020-06-13
P-400597da,GrimPulse554,wall_street,A5A4D2B16A6D28532CE142CA73863D8457CD7142,1KErkgL83QuXkYaYh405TQHVjtgPO1C0y,2015-07-02,2022-01-22
P-dc6abebb,GrimPulse554,hansa,A5A4D2B16A6D28532CE142CA73863D8457CD7142,1KErkgL83QuXkYaYh405TQHVjtgPO1C0y,2015-10-02,2021-07-13
P-3332d836,SilentSerpent148,agora,B2791A507F47820ED5781DFC4C2D23EB6120EB21,1vZW7BOliV3GA9x6JqQA8blcBl0m0vtv6,2017-05-24,2020-06-01
P-ddea7937,SilentSerpent148,nucleus,B2791A507F47820ED5781DFC4C2D23EB6120EB21,1vZW7BOliV3GA9x6JqQA8blcBl0m0vtv6,2015-09-20,2019-12-13
P-d3cdcb27,SilentSerpent148,outlaw_market,B2791A507F47820ED5781DFC4C2D23EB6120EB21,1vZW7BOliV3GA9x6JqQA8blcBl0m0vtv6,2016-11-07,2021-12-12
P-7e8790c1,SilentSerpent148,hansa,B2791A507F47820ED5781DFC4C2D23EB6120EB21,1vZW7BOliV3GA9x6JqQA8blcBl0m0vtv6,2017-04-10,2019-01-18
P-5188eb22,OnyxSpecter246,agora,B29EEEFBD0425C04EC8FA8C64F24F80E6FCEFD76,1Iz1ftQBkoGj1GtjGmbiSzEr1lbgEqM8J,2015-07-24,2019-09-18
P-7abf1323,OnyxSpecter246,evolution,B29EEEFBD0425C04EC8FA8C64F24F80E6FCEFD76,1Iz1ftQBkoGj1GtjGmbiSzEr1lbgEqM8J,2015-04-03,2020-09-11
P-fa281ff0,OnyxSpecter246,silkroad2,B29EEEFBD0425C04EC8FA8C64F24F80E6FCEFD76,1Iz1ftQBkoGj1GtjGmbiSzEr1lbgEqM8J,2014-01-01,2020-04-27
P-f208dd91,OnyxSpecter246,dark0de,B29EEEFBD0425C04EC8FA8C64F24F80E6FCEFD76,1Iz1ftQBkoGj1GtjGmbiSzEr1lbgEqM8J,2016-12-14,2019-12-02
P-bc12c85f,OnyxSpecter246,dream_market,B29EEEFBD0425C04EC8FA8C64F24F80E6FCEFD76,1Iz1ftQBkoGj1GtjGmbiSzEr1lbgEqM8J,2016-05-21,2021-02-02
P-41766bdd,IronWraith993,agora,4A4854F6124B0EE8582BC301A57A1C5EB2A55B5F,11XVydkiomO5yh0LoRaTn0EJNdgP10SFK,2013-08-10,2018-08-11
P-0940d37b,IronWraith993,evolution,4A4854F6124B0EE8582BC301A57A1C5EB2A55B5F,11XVydkiomO5yh0LoRaTn0EJNdgP10SFK,2014-12-19,2019-06-10
P-20c2d5ed,IronWraith993,silkroad2,4A4854F6124B0EE8582BC301A57A1C5EB2A55B5F,11XVydkiomO5yh0LoRaTn0EJNdgP10SFK,2015-11-26,2019-12-13
P-6bef2b68,ChaosTiger459,abraxas,6B9A166971DCAA14E7306BC8CC3A97CEAA5F3B97,1eyVcXq2Scb4bPDDZna5NE4qiQmByuGhb,2017-12-08,2018-06-17
P-88fc8819,ChaosTiger459,agora,6B9A166971DCAA14E7306BC8CC3A97CEAA5F3B97,1eyVcXq2Scb4bPDDZna5NE4qiQmByuGhb,2017-04-27,2020-08-04
P-ec8ce7ec,ChaosTiger459,evolution,6B9A166971DCAA14E7306BC8CC3A97CEAA5F3B97,1eyVcXq2Scb4bPDDZna5NE4qiQmByuGhb,2014-12-14,2021-02-03
P-279f479d,ChaosTiger459,vice_city,6B9A166971DCAA14E7306BC8CC3A97CEAA5F3B97,1eyVcXq2Scb4bPDDZna5NE4qiQmByuGhb,2014-07-05,2022-04-15
P-9d04bc67,GhostRonin508,agora,D3C49C78D6010E36C4BA92D5F5EC08AC55B78033,1DVSvi2dLNu5fCCR2hdR1q8EWgpbRXxY0,2013-06-22,2021-10-18
P-513ee079,GhostRonin508,nucleus,D3C49C78D6010E36C4BA92D5F5EC08AC55B78033,1DVSvi2dLNu5fCCR2hdR1q8EWgpbRXxY0,2017-07-28,2020-10-16
P-6eff5b4a,GhostRonin508,silkroad2,D3C49C78D6010E36C4BA92D5F5EC08AC55B78033,1DVSvi2dLNu5fCCR2hdR1q8EWgpbRXxY0,2016-08-23,2021-12-14
P-0ebd520f,GhostRonin508,vice_city,D3C49C78D6010E36C4BA92D5F5EC08AC55B78033,1DVSvi2dLNu5fCCR2hdR1q8EWgpbRXxY0,2015-03-17,2020-08-23
P-b7a65d98,OnyxBlade488,agora,0FABD8DC02479F207E4DA4B66FD58EF0B2E713FD,1eQM52IINd0fJEhtRVkxCjgNl4c8thBTZ,2016-03-23,2018-12-07
P-f1a0898b,OnyxBlade488,evolution,0FABD8DC02479F207E4DA4B66FD58EF0B2E713FD,1eQM52IINd0fJEhtRVkxCjgNl4c8thBTZ,2016-08-02,2019-09-12
P-b37a6386,OnyxBlade488,nucleus,0FABD8DC02479F207E4DA4B66FD58EF0B2E713FD,1eQM52IINd0fJEhtRVkxCjgNl4c8thBTZ,2013-10-28,2021-02-04
P-573cacd7,OnyxBlade488,hansa,0FABD8DC02479F207E4DA4B66FD58EF0B2E713FD,1eQM52IINd0fJEhtRVkxCjgNl4c8thBTZ,2016-10-10,2019-09-05
P-51f7171e,OnyxBlade488,torrez,0FABD8DC02479F207E4DA4B66FD58EF0B2E713FD,1eQM52IINd0fJEhtRVkxCjgNl4c8thBTZ,2014-06-10,2021-05-10
P-4d43a2dc,CyberPulse70,agora,B9C0EB9AB230E81EDAA26A1C1593765A185F0D70,1zQMC0po1aJXYyJbcpZ97H01FgtL1FU8b,2016-01-26,2019-03-26
P-03d201ef,CyberPulse70,evolution,B9C0EB9AB230E81EDAA26A1C1593765A185F0D70,1zQMC0po1aJXYyJbcpZ97H01FgtL1FU8b,2017-07-02,2020-05-07
P-b52e25a4,CyberPulse70,silkroad2,B9C0EB9AB230E81EDAA26A1C1593765A185F0D70,1zQMC0po1aJXYyJbcpZ97H01FgtL1FU8b,2014-12-16,2018-02-18
P-20d3ff3e,LunarTiger832,agora,64B159ACD40B2754589F1822E536EBD3ED107F33,1mA8MiIKSltxGttzhhhVQLJW2U6CPidxb,2015-02-28,2018-07-16
P-ba5df36f,LunarTiger832,evolution,64B159ACD40B2754589F1822E536EBD3ED107F33,1mA8MiIKSltxGttzhhhVQLJW2U6CPidxb,2017-05-19,2021-06-26
P-c8feef54,LunarTiger832,nucleus,64B159ACD40B2754589F1822E536EBD3ED107F33,1mA8MiIKSltxGttzhhhVQLJW2U6CPidxb,2016-08-27,2019-03-17
P-6a66b80a,LunarTiger832,empire,64B159ACD40B2754589F1822E536EBD3ED107F33,1mA8MiIKSltxGttzhhhVQLJW2U6CPidxb,2017-08-22,2022-03-28
P-76c3739a,LunarTiger832,torrez,64B159ACD40B2754589F1822E536EBD3ED107F33,1mA8MiIKSltxGttzhhhVQLJW2U6CPidxb,2016-02-26,2022-07-08
P-018e1276,OnyxShade527,agora,9458B4BE2D71481C4B692723678D2713BD405241,1kuFe9CHzYGBD37nEAE3vycHbEwSiB1Xw,2016-06-18,2018-11-15
P-e951d4e2,OnyxShade527,evolution,9458B4BE2D71481C4B692723678D2713BD405241,1kuFe9CHzYGBD37nEAE3vycHbEwSiB1Xw,2015-11-03,2019-12-01
P-58afc48f,OnyxShade527,nucleus,9458B4BE2D71481C4B692723678D2713BD405241,1kuFe9CHzYGBD37nEAE3vycHbEwSiB1Xw,2017-11-26,2020-09-21
P-c1594049,OnyxShade527,cannahome,9458B4BE2D71481C4B692723678D2713BD405241,1kuFe9CHzYGBD37nEAE3vycHbEwSiB1Xw,2014-11-18,2019-04-20
P-40fb11d3,LunarTiger9,abraxas,C254D5EE76BF252D0C30D3499468615E33529A41,1kgaaA9afyEMfb9x3skMRc5hcGJWlSO4D,2017-10-25,2018-10-17
P-69cee843,LunarTiger9,agora,C254D5EE76BF252D0C30D3499468615E33529A41,1kgaaA9afyEMfb9x3skMRc5hcGJWlSO4D,2014-08-17,2018-02-22
P-3dbcff11,LunarTiger9,nucleus,C254D5EE76BF252D0C30D3499468615E33529A41,1kgaaA9afyEMfb9x3skMRc5hcGJWlSO4D,2017-03-01,2020-04-08
P-8da05885,LunarTiger9,vice_city,C254D5EE76BF252D0C30D3499468615E33529A41,1kgaaA9afyEMfb9x3skMRc5hcGJWlSO4D,2018-08-03,2021-07-19
P-03c16a2c,BlazeRonin836,agora,688FA42C86D4702A34D064558C247667B0BCB9A8,1EeAg4WadcfRZPAEKDjblsIfIYuHzstik,2013-08-28,2018-06-14
P-3d8506b1,BlazeRonin836,evolution,688FA42C86D4702A34D064558C247667B0BCB9A8,1EeAg4WadcfRZPAEKDjblsIfIYuHzstik,2014-07-01,2020-07-09
P-9f0d9b79,BlazeRonin836,silkroad2,688FA42C86D4702A34D064558C247667B0BCB9A8,1EeAg4WadcfRZPAEKDjblsIfIYuHzstik,2013-02-04,2019-05-05
P-1dc81723,HexFlux621,agora,4BE3FC159231AEED81AA7D4C80001B82BDA70965,1dpaXPWfl67HMlJk6TzzSTRQ8iefhgc7U,2014-05-25,2018-03-10
P-48ce7fd2,HexFlux621,evolution,4BE3FC159231AEED81AA7D4C80001B82BDA70965,1dpaXPWfl67HMlJk6TzzSTRQ8iefhgc7U,2016-11-06,2018-10-11
P-86c29b84,HexFlux621,silkroad2,4BE3FC159231AEED81AA7D4C80001B82BDA70965,1dpaXPWfl67HMlJk6TzzSTRQ8iefhgc7U,2014-01-23,2018-05-13
P-311a335d,AzureCore823,agora,0278F57F9E84D6DF3ADF5CFA926AA0D605A323B2,1QBkJbylxbwn55sRpEkuT2Fc9FqNic7wC,2013-06-05,2021-06-09
P-f684ca1f,AzureCore823,evolution,0278F57F9E84D6DF3ADF5CFA926AA0D605A323B2,1QBkJbylxbwn55sRpEkuT2Fc9FqNic7wC,2016-02-02,2019-04-25
P-ffb7f14c,AzureCore823,nucleus,0278F57F9E84D6DF3ADF5CFA926AA0D605A323B2,1QBkJbylxbwn55sRpEkuT2Fc9FqNic7wC,2017-10-08,2021-09-25
P-9953c782,CobaltHelix658,agora,DAD751965283A623C89EFA6D35EFBE56F82B3F33,1S08iglK8JPdZZnCs544ZnhR8fxR2tT3j,2017-07-04,2020-01-11
P-da2ea1de,CobaltHelix658,evolution,DAD751965283A623C89EFA6D35EFBE56F82B3F33,1S08iglK8JPdZZnCs544ZnhR8fxR2tT3j,2016-09-14,2018-08-01
P-f34e9aee,CobaltHelix658,silkroad2,DAD751965283A623C89EFA6D35EFBE56F82B3F33,1S08iglK8JPdZZnCs544ZnhR8fxR2tT3j,2016-11-08,2018-05-18
P-e7eebe8c,IronCrypt324,abraxas,1011C2A71D6A3B710AC440084CC6343C67F87BC4,1uasUnWyxDvjvPUCrKQdzYPg7xzDLqo22,2017-11-04,2019-09-21
P-851b5364,IronCrypt324,evolution,1011C2A71D6A3B710AC440084CC6343C67F87BC4,1uasUnWyxDvjvPUCrKQdzYPg7xzDLqo22,2014-05-19,2021-08-03
P-be63c03f,IronCrypt324,nucleus,1011C2A71D6A3B710AC440084CC6343C67F87BC4,1uasUnWyxDvjvPUCrKQdzYPg7xzDLqo22,2017-04-26,2019-06-18
P-61d58c87,IronCrypt324,cannahome,1011C2A71D6A3B710AC440084CC6343C67F87BC4,1uasUnWyxDvjvPUCrKQdzYPg7xzDLqo22,2015-04-18,2022-09-15
P-7e75752c,IronCrypt324,alphabay,1011C2A71D6A3B710AC440084CC6343C67F87BC4,1uasUnWyxDvjvPUCrKQdzYPg7xzDLqo22,2014-01-27,2022-10-10
P-42bd1447,ShadowDragon899,evolution,384B3A594C5AEBA70F2B0BB83ACE70E7CFE63F8C,1aJ0lRej2XDz7zqlgq4ZmaKt6feaFucYV,2014-01-02,2021-05-20
P-d10b293a,ShadowDragon899,nucleus,384B3A594C5AEBA70F2B0BB83ACE70E7CFE63F8C,1aJ0lRej2XDz7zqlgq4ZmaKt6feaFucYV,2015-11-13,2020-11-07
P-753daf95,ShadowDragon899,outlaw_market,384B3A594C5AEBA70F2B0BB83ACE70E7CFE63F8C,1aJ0lRej2XDz7zqlgq4ZmaKt6feaFucYV,2017-09-10,2018-03-24
P-99cb7072,HexFlux902,agora,9814480044283E8FA4B049080CA2A68B3BD5FAC5,1nGPaDSALcMyAraEr1FWAevqObZwH5blu,2017-10-03,2020-02-13
P-b22b526c,HexFlux902,evolution,9814480044283E8FA4B049080CA2A68B3BD5FAC5,1nGPaDSALcMyAraEr1FWAevqObZwH5blu,2013-03-24,2020-07-07
P-c8549328,HexFlux902,nucleus,9814480044283E8FA4B049080CA2A68B3BD5FAC5,1nGPaDSALcMyAraEr1FWAevqObZwH5blu,2017-09-26,2020-11-11
P-7039a45a,HexFlux902,darkfox,9814480044283E8FA4B049080CA2A68B3BD5FAC5,1nGPaDSALcMyAraEr1FWAevqObZwH5blu,2016-12-15,2021-04-22
P-7a804fac,CobaltFang178,1776,1A086B7D4DDFC01D610B1BAF590DA44A19A492D0,1c7a9a1YVkpY95gD6GuIZ0vS5P393w7Kw,2015-06-07,2021-10-11
P-40ec4679,CobaltFang178,agora,1A086B7D4DDFC01D610B1BAF590DA44A19A492D0,1c7a9a1YVkpY95gD6GuIZ0vS5P393w7Kw,2013-12-05,2018-10-16
P-6c290ea1,CobaltFang178,nucleus,1A086B7D4DDFC01D610B1BAF590DA44A19A492D0,1c7a9a1YVkpY95gD6GuIZ0vS5P393w7Kw,2013-01-22,2019-07-18
P-2e856c83,CobaltFang178,hydra,1A086B7D4DDFC01D610B1BAF590DA44A19A492D0,1c7a9a1YVkpY95gD6GuIZ0vS5P393w7Kw,2017-07-18,2019-11-21
P-2f9d67f4,CobaltFang178,torrez,1A086B7D4DDFC01D610B1BAF590DA44A19A492D0,1c7a9a1YVkpY95gD6GuIZ0vS5P393w7Kw,2014-09-01,2022-11-04
P-78986ad2,FrostHelix806,abraxas,90174480266797E39B38A2C70E391D2A4034F73D,1aiC73doc3etIvIOztAJ25EJD9RV287gh,2015-07-27,2020-07-06
P-338a8ce7,FrostHelix806,agora,90174480266797E39B38A2C70E391D2A4034F73D,1aiC73doc3etIvIOztAJ25EJD9RV287gh,2013-02-15,2020-04-15
P-c1cc7239,FrostHelix806,evolution,90174480266797E39B38A2C70E391D2A4034F73D,1aiC73doc3etIvIOztAJ25EJD9RV287gh,2013-04-24,2018-05-22
P-c9946414,ToxicHunter316,agora,CD77A3B7F915E6B7264C44A35C4C92BCB1B0D7A3,1mUmQZzcSdhhGBzLjkPY5bsuiAD5xvEfK,2015-04-03,2020-12-08
P-383974e7,ToxicHunter316,evolution,CD77A3B7F915E6B7264C44A35C4C92BCB1B0D7A3,1mUmQZzcSdhhGBzLjkPY5bsuiAD5xvEfK,2014-08-12,2018-05-16
P-9c906ef7,ToxicHunter316,nucleus,CD77A3B7F915E6B7264C44A35C4C92BCB1B0D7A3,1mUmQZzcSdhhGBzLjkPY5bsuiAD5xvEfK,2017-04-01,2019-11-13
P-f6d6dab5,ToxicHunter316,1776,CD77A3B7F915E6B7264C44A35C4C92BCB1B0D7A3,1mUmQZzcSdhhGBzLjkPY5bsuiAD5xvEfK,2014-05-19,2022-03-18
P-e24617a1,LunarFang656,agora,82607A9B3153BA61EF6AD8ECB6C14DFB5A62672A,1ue4H7vQZ4HK0WrNEqcjRU6ah0Ny1DI7z,2014-11-24,2019-02-19
P-15410418,LunarFang656,evolution,82607A9B3153BA61EF6AD8ECB6C14DFB5A62672A,1ue4H7vQZ4HK0WrNEqcjRU6ah0Ny1DI7z,2014-12-03,2019-05-19
P-2f2aadf9,LunarFang656,nucleus,82607A9B3153BA61EF6AD8ECB6C14DFB5A62672A,1ue4H7vQZ4HK0WrNEqcjRU6ah0Ny1DI7z,2014-09-24,2020-04-28
P-1da463ed,LunarFang656,cannahome,82607A9B3153BA61EF6AD8ECB6C14DFB5A62672A,1ue4H7vQZ4HK0WrNEqcjRU6ah0Ny1DI7z,2014-12-22,2021-11-18
P-ba49c20b,LunarFang656,empire,82607A9B3153BA61EF6AD8ECB6C14DFB5A62672A,1ue4H7vQZ4HK0WrNEqcjRU6ah0Ny1DI7z,2017-01-14,2019-06-14
P-3e6baf8f,CyberFox835,agora,C65044464F2A1C980D2239A970C98F5B04363183,12cmBdQUUhguqtTBUYO7ypXxxIyzaUJeu,2016-05-04,2021-08-12
P-f7a67cc5,CyberFox835,evolution,C65044464F2A1C980D2239A970C98F5B04363183,12cmBdQUUhguqtTBUYO7ypXxxIyzaUJeu,2017-01-24,2019-01-09
P-9b134fc0,CyberFox835,silkroad2,C65044464F2A1C980D2239A970C98F5B04363183,12cmBdQUUhguqtTBUYO7ypXxxIyzaUJeu,2016-09-15,2020-01-13
P-496c1d67,BlazeSpecter387,agora,2BE93B946FEA770ED81D046749FF321A08D76D1B,12QQs6dJDGmbtF69Yn4BVDhW35e2pqI60,2014-06-03,2018-12-08
P-d46151ca,BlazeSpecter387,evolution,2BE93B946FEA770ED81D046749FF321A08D76D1B,12QQs6dJDGmbtF69Yn4BVDhW35e2pqI60,2016-02-08,2019-03-11
P-b8f7995c,BlazeSpecter387,silkroad2,2BE93B946FEA770ED81D046749FF321A08D76D1B,12QQs6dJDGmbtF69Yn4BVDhW35e2pqI60,2015-02-21,2018-01-16
P-c5b92d73,GhostNexus204,agora,9733F3B5039A44138F9FE21741B9E38E04C5E894,1aRgRTm9wjPdOaPjMvm8frWbad8YKx3rO,2016-01-19,2020-05-08
P-7be688dc,GhostNexus204,evolution,9733F3B5039A44138F9FE21741B9E38E04C5E894,1aRgRTm9wjPdOaPjMvm8frWbad8YKx3rO,2013-08-08,2020-01-27
P-22651820,GhostNexus204,nucleus,9733F3B5039A44138F9FE21741B9E38E04C5E894,1aRgRTm9wjPdOaPjMvm8frWbad8YKx3rO,2015-09-26,2019-02-25
P-5784ec25,LunarPhoenix706,abraxas,FC9B650B6FB43428FCC49C705DA45EB1E11101B5,19Zjetz3JjmJQcHMMhKgOvLB92rVEtVRu,2017-10-15,2018-11-15
P-29fcb47a,LunarPhoenix706,agora,FC9B650B6FB43428FCC49C705DA45EB1E11101B5,19Zjetz3JjmJQcHMMhKgOvLB92rVEtVRu,2017-02-03,2018-01-13
P-be04d024,LunarPhoenix706,silkroad2,FC9B650B6FB43428FCC49C705DA45EB1E11101B5,19Zjetz3JjmJQcHMMhKgOvLB92rVEtVRu,2015-12-03,2019-01-26
P-809eaafd,LunarPhoenix706,cannazon,FC9B650B6FB43428FCC49C705DA45EB1E11101B5,19Zjetz3JjmJQcHMMhKgOvLB92rVEtVRu,2017-01-10,2022-02-04
P-ab183900,LunarVenom787,agora,F9313DEA0DBAE61B3F79F59AA75897A270BC8ADF,1Rn1eNXubqcqqSNuDT5uuZcw1WJrUzJcS,2013-09-02,2020-07-13
P-703e7dc0,LunarVenom787,evolution,F9313DEA0DBAE61B3F79F59AA75897A270BC8ADF,1Rn1eNXubqcqqSNuDT5uuZcw1WJrUzJcS,2013-10-25,2021-04-28
P-84f3e14e,LunarVenom787,silkroad2,F9313DEA0DBAE61B3F79F59AA75897A270BC8ADF,1Rn1eNXubqcqqSNuDT5uuZcw1WJrUzJcS,2017-11-20,2018-08-13
P-3f34d8e5,LunarVenom787,wall_street,F9313DEA0DBAE61B3F79F59AA75897A270BC8ADF,1Rn1eNXubqcqqSNuDT5uuZcw1WJrUzJcS,2017-07-20,2019-06-21
P-45e887cb,LunarVenom787,berlusconi,F9313DEA0DBAE61B3F79F59AA75897A270BC8ADF,1Rn1eNXubqcqqSNuDT5uuZcw1WJrUzJcS,2014-08-17,2021-10-07
P-53b0c1fc,NightCipher597,agora,4BF40165520282BC9CCBBF57432B6B5239E78C62,1ClIXTtmD9V52lvDo11IoEGZTqZ1TmbTp,2013-02-01,2018-10-26
P-8dd32315,NightCipher597,evolution,4BF40165520282BC9CCBBF57432B6B5239E78C62,1ClIXTtmD9V52lvDo11IoEGZTqZ1TmbTp,2014-10-05,2020-06-14
P-081c44aa,NightCipher597,silkroad2,4BF40165520282BC9CCBBF57432B6B5239E78C62,1ClIXTtmD9V52lvDo11IoEGZTqZ1TmbTp,2016-12-20,2021-03-08
P-db09903e,NightCipher597,alphabay,4BF40165520282BC9CCBBF57432B6B5239E78C62,1ClIXTtmD9V52lvDo11IoEGZTqZ1TmbTp,2015-01-02,2020-05-19
P-0ba92940,NightCipher597,world_market,4BF40165520282BC9CCBBF57432B6B5239E78C62,1ClIXTtmD9V52lvDo11IoEGZTqZ1TmbTp,2017-09-21,2021-05-19
P-e17bee2b,EmberFlux474,agora,7BCB0D4EFB4ACF23C4D769FAE82A132D62ED4F16,1HN4tlbASrVGZJbuIEMlf4OtRx5qpoda0,2017-03-05,2021-05-20
P-4072d5c5,EmberFlux474,evolution,7BCB0D4EFB4ACF23C4D769FAE82A132D62ED4F16,1HN4tlbASrVGZJbuIEMlf4OtRx5qpoda0,2015-05-12,2018-09-19
P-4d0db28c,EmberFlux474,nucleus,7BCB0D4EFB4ACF23C4D769FAE82A132D62ED4F16,1HN4tlbASrVGZJbuIEMlf4OtRx5qpoda0,2014-01-08,2018-07-12
P-5a53f587,EmberFlux474,berlusconi,7BCB0D4EFB4ACF23C4D769FAE82A132D62ED4F16,1HN4tlbASrVGZJbuIEMlf4OtRx5qpoda0,2015-04-21,2020-02-11
P-0f758464,EmberFlux474,outlaw_market,7BCB0D4EFB4ACF23C4D769FAE82A132D62ED4F16,1HN4tlbASrVGZJbuIEMlf4OtRx5qpoda0,2015-11-16,2022-10-23
P-958430b4,ZeroArc63,abraxas,C3A07DC39CD8D212DA9EF7502B8F86038248656C,1L82JwmnMrXPubRAIvcH2I2a4flx8rwbo,2015-10-19,2020-10-10
P-73cbffdb,ZeroArc63,evolution,C3A07DC39CD8D212DA9EF7502B8F86038248656C,1L82JwmnMrXPubRAIvcH2I2a4flx8rwbo,2016-06-06,2018-08-26
P-99c5c0e5,ZeroArc63,outlaw_market,C3A07DC39CD8D212DA9EF7502B8F86038248656C,1L82JwmnMrXPubRAIvcH2I2a4flx8rwbo,2013-08-08,2018-11-08
P-974ed3db,CyberHawk174,abraxas,03CB291E2534728F4D954D2AAD64C79938D46C6B,1k5Uegj22DlTTrbzD7JAwLchQENrNuiCM,2014-08-20,2019-04-16
P-3b51371e,CyberHawk174,agora,03CB291E2534728F4D954D2AAD64C79938D46C6B,1k5Uegj22DlTTrbzD7JAwLchQENrNuiCM,2015-12-13,2019-07-06
P-8b35ad48,CyberHawk174,evolution,03CB291E2534728F4D954D2AAD64C79938D46C6B,1k5Uegj22DlTTrbzD7JAwLchQENrNuiCM,2013-06-01,2018-06-01
P-cea9a9e9,JadeFang257,agora,876C51F17BE5A0A33C3D28C39D4EF0EF3E7CC688,1NQitZ3A8BgNbuNUj2z8uP6BtxPLHMY2i,2017-02-05,2020-08-07
P-9298b554,JadeFang257,evolution,876C51F17BE5A0A33C3D28C39D4EF0EF3E7CC688,1NQitZ3A8BgNbuNUj2z8uP6BtxPLHMY2i,2017-06-02,2018-04-07
P-e8852e44,JadeFang257,nucleus,876C51F17BE5A0A33C3D28C39D4EF0EF3E7CC688,1NQitZ3A8BgNbuNUj2z8uP6BtxPLHMY2i,2015-03-08,2020-12-06
P-42dbabb6,OnyxCipher47,agora,AF94FFE33EB083BFBBD58076359DEC2152C0A133,1XA8K8LJhaXCGhHSgiuOsWjZ2ZId24MSA,2015-09-08,2019-04-01
P-1bd4b7d2,OnyxCipher47,evolution,AF94FFE33EB083BFBBD58076359DEC2152C0A133,1XA8K8LJhaXCGhHSgiuOsWjZ2ZId24MSA,2014-05-04,2018-11-05
P-1b2c5cfa,OnyxCipher47,silkroad2,AF94FFE33EB083BFBBD58076359DEC2152C0A133,1XA8K8LJhaXCGhHSgiuOsWjZ2ZId24MSA,2016-11-26,2018-06-07
P-51e91931,CrimsonNexus900,abraxas,96435C2222919E5104C0C67A035F41D62F3635A3,1EDdd52zzGVWSSxSRiu1uTiItzriwyapY,2015-08-08,2020-06-22
P-b43516d9,CrimsonNexus900,agora,96435C2222919E5104C0C67A035F41D62F3635A3,1EDdd52zzGVWSSxSRiu1uTiItzriwyapY,2014-09-26,2021-12-03
P-04bd85be,CrimsonNexus900,nucleus,96435C2222919E5104C0C67A035F41D62F3635A3,1EDdd52zzGVWSSxSRiu1uTiItzriwyapY,2013-03-05,2019-04-18
P-ddde5ee4,CrimsonNexus900,silkroad2,96435C2222919E5104C0C67A035F41D62F3635A3,1EDdd52zzGVWSSxSRiu1uTiItzriwyapY,2017-12-12,2021-10-14
P-bdf8ca85,DarkDragon237,agora,E50A1F17EEC05C9309289D1711E092D169A5684F,1fJOfkTuNCDTVWrvvtUYCPT290Ua2fxhr,2014-01-25,2019-09-10
P-0986aaee,DarkDragon237,evolution,E50A1F17EEC05C9309289D1711E092D169A5684F,1fJOfkTuNCDTVWrvvtUYCPT290Ua2fxhr,2014-06-08,2018-11-26
P-8cb49d7b,DarkDragon237,nucleus,E50A1F17EEC05C9309289D1711E092D169A5684F,1fJOfkTuNCDTVWrvvtUYCPT290Ua2fxhr,2015-03-28,2021-04-24
P-74889886,DarkDragon237,vice_city,E50A1F17EEC05C9309289D1711E092D169A5684F,1fJOfkTuNCDTVWrvvtUYCPT290Ua2fxhr,2014-08-26,2019-03-17
P-9c4e5093,CyberCrypt576,abraxas,1AF3168974504E164DCBA397D5D758535DACDE20,1Pt2RFRQTkh2wWg4Iq0yIiTxuD0wTfxpF,2016-11-25,2020-08-17
P-58634a62,CyberCrypt576,agora,1AF3168974504E164DCBA397D5D758535DACDE20,1Pt2RFRQTkh2wWg4Iq0yIiTxuD0wTfxpF,2016-03-11,2020-09-23
P-c8cfb870,CyberCrypt576,evolution,1AF3168974504E164DCBA397D5D758535DACDE20,1Pt2RFRQTkh2wWg4Iq0yIiTxuD0wTfxpF,2016-12-16,2021-05-19
P-b138a376,AshenWolf943,agora,05132CF0C98301CE209745EA1EE106054A55174F,1lO8JCKo6DLUb9QycZ0Srup22cekfrQeG,2016-11-26,2018-04-08
P-8599ab33,AshenWolf943,evolution,05132CF0C98301CE209745EA1EE106054A55174F,1lO8JCKo6DLUb9QycZ0Srup22cekfrQeG,2014-08-28,2019-07-07
P-24f86cf5,AshenWolf943,silkroad2,05132CF0C98301CE209745EA1EE106054A55174F,1lO8JCKo6DLUb9QycZ0Srup22cekfrQeG,2015-07-13,2019-06-09
P-ce1c08e3,PhantomByte218,agora,74BAB6448AB4A0F32554DA6AE423470B0B4EEA41,1TBObNRp0KQfGNBqGvS5qHVVAuxkegofc,2017-02-05,2018-05-15
P-e68f4260,PhantomByte218,evolution,74BAB6448AB4A0F32554DA6AE423470B0B4EEA41,1TBObNRp0KQfGNBqGvS5qHVVAuxkegofc,2017-06-08,2018-08-17
P-53bd6a6d,PhantomByte218,silkroad2,74BAB6448AB4A0F32554DA6AE423470B0B4EEA41,1TBObNRp0KQfGNBqGvS5qHVVAuxkegofc,2017-06-14,2021-08-14
P-3625d225,ShadowSerpent65,agora,8F7A085FA49E1E7C2050EC92349A4A5DCB8B842B,1yBAIQYjKZqRTJd3BYyR49NbcAPf7J4te,2016-06-26,2021-06-09
P-a518194b,ShadowSerpent65,evolution,8F7A085FA49E1E7C2050EC92349A4A5DCB8B842B,1yBAIQYjKZqRTJd3BYyR49NbcAPf7J4te,2016-01-06,2021-04-09
P-8220033e,ShadowSerpent65,nucleus,8F7A085FA49E1E7C2050EC92349A4A5DCB8B842B,1yBAIQYjKZqRTJd3BYyR49NbcAPf7J4te,2013-06-03,2020-09-17
P-44c28923,ShadowSerpent65,wall_street,8F7A085FA49E1E7C2050EC92349A4A5DCB8B842B,1yBAIQYjKZqRTJd3BYyR49NbcAPf7J4te,2018-11-03,2021-04-04
P-0c0f8aed,ShadowSerpent65,empire,8F7A085FA49E1E7C2050EC92349A4A5DCB8B842B,1yBAIQYjKZqRTJd3BYyR49NbcAPf7J4te,2014-02-12,2019-09-07
P-8a907767,NeonOrbit351,agora,CF461775474E8C1E44D5772A316AC0310A6E864C,1YazK6YatLgLDbKZT8hPAKezq1d6Cn0bO,2015-04-22,2020-05-10
P-be3abd34,NeonOrbit351,evolution,CF461775474E8C1E44D5772A316AC0310A6E864C,1YazK6YatLgLDbKZT8hPAKezq1d6Cn0bO,2015-04-23,2019-12-24
P-960dc397,NeonOrbit351,nucleus,CF461775474E8C1E44D5772A316AC0310A6E864C,1YazK6YatLgLDbKZT8hPAKezq1d6Cn0bO,2017-05-01,2020-05-27
P-cff8ab29,GrimRaven763,agora,E033A2E167ED1FA8C435208A3760E8F908F7FBA2,15mWkPbFmNoBYrmPbytrMFKva7t7A8lNb,2015-07-13,2018-08-21
P-278f4e70,GrimRaven763,evolution,E033A2E167ED1FA8C435208A3760E8F908F7FBA2,15mWkPbFmNoBYrmPbytrMFKva7t7A8lNb,2017-03-28,2021-04-08
P-146e9aa0,GrimRaven763,silkroad2,E033A2E167ED1FA8C435208A3760E8F908F7FBA2,15mWkPbFmNoBYrmPbytrMFKva7t7A8lNb,2014-08-08,2021-12-27
P-f3a0d2bc,AzureFox233,abraxas,422B6D86AA7A29CB24A2A8C938280A8B431C5472,1RbCmECmLp1bkmnpwNeI76HIeeTdnbfWr,2016-06-26,2018-06-28
P-eecd8ca3,AzureFox233,agora,422B6D86AA7A29CB24A2A8C938280A8B431C5472,1RbCmECmLp1bkmnpwNeI76HIeeTdnbfWr,2014-07-25,2021-04-15
P-98e8e202,AzureFox233,nucleus,422B6D86AA7A29CB24A2A8C938280A8B431C5472,1RbCmECmLp1bkmnpwNeI76HIeeTdnbfWr,2016-09-01,2020-03-19
P-2a655f17,AzureFox233,vice_city,422B6D86AA7A29CB24A2A8C938280A8B431C5472,1RbCmECmLp1bkmnpwNeI76HIeeTdnbfWr,2015-05-24,2019-08-26
P-3aa85b2d,AzureFox233,1776,422B6D86AA7A29CB24A2A8C938280A8B431C5472,1RbCmECmLp1bkmnpwNeI76HIeeTdnbfWr,2016-06-08,2022-07-22
P-c96a4d71,CyberShade632,agora,4D006AB51C2C021ABF8AEDB99160DF6208228A0C,1Drzwt4vKgyxaLwkSrebqyr360RjkBeEA,2016-12-18,2020-06-19
P-7a314a7c,CyberShade632,evolution,4D006AB51C2C021ABF8AEDB99160DF6208228A0C,1Drzwt4vKgyxaLwkSrebqyr360RjkBeEA,2013-10-26,2018-03-05
P-2c463f36,CyberShade632,silkroad2,4D006AB51C2C021ABF8AEDB99160DF6208228A0C,1Drzwt4vKgyxaLwkSrebqyr360RjkBeEA,2015-10-21,2021-07-07
P-cc0c5317,CyberShade632,hydra,4D006AB51C2C021ABF8AEDB99160DF6208228A0C,1Drzwt4vKgyxaLwkSrebqyr360RjkBeEA,2017-02-18,2022-04-16
P-c7f9bea3,CyberShade632,darkfox,4D006AB51C2C021ABF8AEDB99160DF6208228A0C,1Drzwt4vKgyxaLwkSrebqyr360RjkBeEA,2014-06-19,2022-11-10
P-29949387,CyberCipher113,agora,2DE67399C4179FDDECFC67FDDF0EE9C0F1DB4F1D,1eHSP7AeRyiqBLHhOiaSK99yoctaZgenk,2013-03-04,2019-01-27
P-e722f7be,CyberCipher113,evolution,2DE67399C4179FDDECFC67FDDF0EE9C0F1DB4F1D,1eHSP7AeRyiqBLHhOiaSK99yoctaZgenk,2017-08-01,2019-04-03
P-2345db90,CyberCipher113,nucleus,2DE67399C4179FDDECFC67FDDF0EE9C0F1DB4F1D,1eHSP7AeRyiqBLHhOiaSK99yoctaZgenk,2016-05-07,2019-05-22
P-93ce8db8,CyberCipher113,1776,2DE67399C4179FDDECFC67FDDF0EE9C0F1DB4F1D,1eHSP7AeRyiqBLHhOiaSK99yoctaZgenk,2018-02-15,2019-06-17
P-6df64928,NightBlade403,agora,EA19AC583FF878CAD26BF24A87C27D0507B2C9E1,1TfSXcBj5AIFiDXFLQ4Fd6gvNUoAIxXYI,2013-03-11,2021-07-06
P-58b661e4,NightBlade403,evolution,EA19AC583FF878CAD26BF24A87C27D0507B2C9E1,1TfSXcBj5AIFiDXFLQ4Fd6gvNUoAIxXYI,2013-03-18,2021-08-24
P-b8caaaa6,NightBlade403,nucleus,EA19AC583FF878CAD26BF24A87C27D0507B2C9E1,1TfSXcBj5AIFiDXFLQ4Fd6gvNUoAIxXYI,2013-07-28,2019-03-28
P-d630f02d,JadeFang475,abraxas,BC1400B61D3A262F9C5F8BB34AF08603BF7D660B,1jwgZbRrrnydwmI5y2q3K8wj73olc2mcQ,2014-05-14,2021-03-20
P-d302b62a,JadeFang475,evolution,BC1400B61D3A262F9C5F8BB34AF08603BF7D660B,1jwgZbRrrnydwmI5y2q3K8wj73olc2mcQ,2017-05-19,2019-09-23
P-207b5e74,JadeFang475,nucleus,BC1400B61D3A262F9C5F8BB34AF08603BF7D660B,1jwgZbRrrnydwmI5y2q3K8wj73olc2mcQ,2016-05-07,2018-03-15
P-631047a9,JadeFang475,wall_street,BC1400B61D3A262F9C5F8BB34AF08603BF7D660B,1jwgZbRrrnydwmI5y2q3K8wj73olc2mcQ,2014-07-20,2020-09-11
P-09527901,JadeFang475,1776,BC1400B61D3A262F9C5F8BB34AF08603BF7D660B,1jwgZbRrrnydwmI5y2q3K8wj73olc2mcQ,2018-08-15,2022-10-02
P-8fca176b,ViperByte514,agora,9DE3ED5CFA3560D8EDD2589D41810FF39731BA7A,1A7sBPvwLwtwtwLSkZBCWYboSvzC7pgci,2013-05-21,2021-06-23
P-12e94aa3,ViperByte514,evolution,9DE3ED5CFA3560D8EDD2589D41810FF39731BA7A,1A7sBPvwLwtwtwLSkZBCWYboSvzC7pgci,2015-07-20,2019-07-08
P-4c2f62ef,ViperByte514,silkroad2,9DE3ED5CFA3560D8EDD2589D41810FF39731BA7A,1A7sBPvwLwtwtwLSkZBCWYboSvzC7pgci,2014-10-24,2021-08-13
P-dd71c1d6,VoidTiger156,agora,E168D5AC3FEB14F94BB1B8D7A2D571AD66519AA1,13tBZrBwkopgmsLSxrRO9OfpBXszpzQ9Y,2014-12-19,2018-07-23
P-072f2072,VoidTiger156,evolution,E168D5AC3FEB14F94BB1B8D7A2D571AD66519AA1,13tBZrBwkopgmsLSxrRO9OfpBXszpzQ9Y,2013-04-28,2019-05-21
P-dfed8d66,VoidTiger156,nucleus,E168D5AC3FEB14F94BB1B8D7A2D571AD66519AA1,13tBZrBwkopgmsLSxrRO9OfpBXszpzQ9Y,2017-05-22,2018-12-24
P-4df497db,VoidTiger156,1776,E168D5AC3FEB14F94BB1B8D7A2D571AD66519AA1,13tBZrBwkopgmsLSxrRO9OfpBXszpzQ9Y,2015-08-14,2019-06-03
P-8a9cf2d3,VoidTiger156,cannahome,E168D5AC3FEB14F94BB1B8D7A2D571AD66519AA1,13tBZrBwkopgmsLSxrRO9OfpBXszpzQ9Y,2014-09-25,2021-07-15
P-a403d7eb,CobaltTiger502,agora,951023B333573D7C9B628F121D39815E39E6A59A,1FORJkmtd8rjUwz0eLnRyXztxzOmkLBgs,2014-05-07,2018-08-01
P-23a6b01c,CobaltTiger502,evolution,951023B333573D7C9B628F121D39815E39E6A59A,1FORJkmtd8rjUwz0eLnRyXztxzOmkLBgs,2013-11-23,2021-07-11
P-e96ab61d,CobaltTiger502,outlaw_market,951023B333573D7C9B628F121D39815E39E6A59A,1FORJkmtd8rjUwz0eLnRyXztxzOmkLBgs,2016-04-13,2018-01-09
P-b83f0468,EmberWolf103,agora,4D14CBE3E49D4A42C1602AA6C18E07305B4C45FF,1yUQsnEdGaFKxgtNgoL1Ki8Tf7drwLoaR,2013-12-05,2020-11-24
P-3a09b954,EmberWolf103,evolution,4D14CBE3E49D4A42C1602AA6C18E07305B4C45FF,1yUQsnEdGaFKxgtNgoL1Ki8Tf7drwLoaR,2016-08-15,2018-02-18
P-603bc5f7,EmberWolf103,nucleus,4D14CBE3E49D4A42C1602AA6C18E07305B4C45FF,1yUQsnEdGaFKxgtNgoL1Ki8Tf7drwLoaR,2014-12-15,2019-08-27
P-ddc5e6ca,LunarReaper122,agora,5ECA369ECB292E509B6E88E2152E8ACFD38587E7,1aSCKuxZy7xMYC60Nue0Txpn1IIyaxngN,2015-03-06,2018-10-04
P-a2d5f4d3,LunarReaper122,evolution,5ECA369ECB292E509B6E88E2152E8ACFD38587E7,1aSCKuxZy7xMYC60Nue0Txpn1IIyaxngN,2014-05-04,2021-03-03
P-b81bc9ba,LunarReaper122,nucleus,5ECA369ECB292E509B6E88E2152E8ACFD38587E7,1aSCKuxZy7xMYC60Nue0Txpn1IIyaxngN,2013-11-09,2019-08-12
P-f5c665fa,LunarReaper122,versus,5ECA369ECB292E509B6E88E2152E8ACFD38587E7,1aSCKuxZy7xMYC60Nue0Txpn1IIyaxngN,2015-04-23,2019-11-18
P-404f86b9,LunarReaper122,empire,5ECA369ECB292E509B6E88E2152E8ACFD38587E7,1aSCKuxZy7xMYC60Nue0Txpn1IIyaxngN,2015-08-23,2019-11-26
P-66269a47,ZeroFlux354,agora,4A2CD26DB11D45A1901BFEB6D7861EFE5B50C869,1G94YFvFrwQKJ7QjhlkHlBLYws8rpg1a6,2017-11-22,2018-07-23
P-5f38f71e,ZeroFlux354,evolution,4A2CD26DB11D45A1901BFEB6D7861EFE5B50C869,1G94YFvFrwQKJ7QjhlkHlBLYws8rpg1a6,2015-08-02,2018-01-25
P-ea7dea10,ZeroFlux354,silkroad2,4A2CD26DB11D45A1901BFEB6D7861EFE5B50C869,1G94YFvFrwQKJ7QjhlkHlBLYws8rpg1a6,2016-04-08,2020-04-07
P-823e2ed2,CobaltArc198,agora,AC6ECAD31C58E8E0491EFF22145D3A7298E816D0,1coYaajmJwSKSx3WuoV9ditteEIKy2eB0,2013-01-14,2018-01-11
P-9c349940,CobaltArc198,evolution,AC6ECAD31C58E8E0491EFF22145D3A7298E816D0,1coYaajmJwSKSx3WuoV9ditteEIKy2eB0,2014-11-22,2018-04-04
P-234ad182,CobaltArc198,nucleus,AC6ECAD31C58E8E0491EFF22145D3A7298E816D0,1coYaajmJwSKSx3WuoV9ditteEIKy2eB0,2014-12-06,2018-07-17
P-deb451f0,CobaltArc198,dark0de,AC6ECAD31C58E8E0491EFF22145D3A7298E816D0,1coYaajmJwSKSx3WuoV9ditteEIKy2eB0,2014-06-11,2020-10-07
P-be1d0f32,DarkRaven352,agora,4810BA67BA74C60E75C7AF1CCFCD7BA7DD608654,19jjF77MxaBVFuM02wbTmiu0VLCpcfpM2,2017-07-14,2018-04-07
P-fb2b0a07,DarkRaven352,nucleus,4810BA67BA74C60E75C7AF1CCFCD7BA7DD608654,19jjF77MxaBVFuM02wbTmiu0VLCpcfpM2,2013-06-11,2019-01-13
P-55237ab7,DarkRaven352,silkroad2,4810BA67BA74C60E75C7AF1CCFCD7BA7DD608654,19jjF77MxaBVFuM02wbTmiu0VLCpcfpM2,2015-01-13,2019-08-08
P-d2b21a98,ObsidianFang185,agora,B4947A4DCCCB242778E03ADF8B395A4417565965,1OBcYVffJ1NryVGZ2gv1UT9fU1bJkrJfE,2013-11-27,2020-11-20
P-f91b2371,ObsidianFang185,evolution,B4947A4DCCCB242778E03ADF8B395A4417565965,1OBcYVffJ1NryVGZ2gv1UT9fU1bJkrJfE,2015-01-03,2019-07-10
P-6c7f34e5,ObsidianFang185,nucleus,B4947A4DCCCB242778E03ADF8B395A4417565965,1OBcYVffJ1NryVGZ2gv1UT9fU1bJkrJfE,2017-08-04,2019-05-04
P-d44fe048,VoidFlux68,agora,52AEBB0B7B30ECF8C78DF8AF6045BA97DB5A5838,1ZSZe6fLbIH1gTbuQT9tz19m57kPk4h03,2017-06-21,2021-11-25
P-8aaf2639,VoidFlux68,evolution,52AEBB0B7B30ECF8C78DF8AF6045BA97DB5A5838,1ZSZe6fLbIH1gTbuQT9tz19m57kPk4h03,2014-06-06,2020-11-16
P-252c3108,VoidFlux68,nucleus,52AEBB0B7B30ECF8C78DF8AF6045BA97DB5A5838,1ZSZe6fLbIH1gTbuQT9tz19m57kPk4h03,2013-06-01,2021-07-17
P-f32b85be,VoidFlux68,vice_city,52AEBB0B7B30ECF8C78DF8AF6045BA97DB5A5838,1ZSZe6fLbIH1gTbuQT9tz19m57kPk4h03,2015-09-19,2019-04-01
P-d44149b1,VoidTrader457,agora,403A9101B35E9BC5A0F03B3C7A3A322FB4F09355,1OUUOmBcaSBtzAHgmUMAlpHpnzSNVNCwi,2017-02-10,2019-12-14
P-fefe2d1e,VoidTrader457,evolution,403A9101B35E9BC5A0F03B3C7A3A322FB4F09355,1OUUOmBcaSBtzAHgmUMAlpHpnzSNVNCwi,2014-10-03,2018-03-12
P-4a5bc509,VoidTrader457,nucleus,403A9101B35E9BC5A0F03B3C7A3A322FB4F09355,1OUUOmBcaSBtzAHgmUMAlpHpnzSNVNCwi,2016-05-07,2019-07-07
P-75f4c7fa,VoidPulse362,agora,DD226FED14F7F8DBCA5DD5F3614E3E392F24ADBB,1NEeOmY17DsPIDpAQkFZXLVBbWjPxO1KH,2013-04-24,2021-12-11
P-02ba1f24,VoidPulse362,evolution,DD226FED14F7F8DBCA5DD5F3614E3E392F24ADBB,1NEeOmY17DsPIDpAQkFZXLVBbWjPxO1KH,2014-05-11,2018-09-26
P-c155f1b1,VoidPulse362,nucleus,DD226FED14F7F8DBCA5DD5F3614E3E392F24ADBB,1NEeOmY17DsPIDpAQkFZXLVBbWjPxO1KH,2016-11-27,2020-01-08
P-1a652f77,GhostReaper149,abraxas,84B3DEBB1A89725514A8E771DC6EF2E7AD98AC1B,1Z4iQ0GXDTwxdhXIeKJJKqdyHFBGice3u,2015-06-08,2019-09-02
P-00ac1df6,GhostReaper149,agora,84B3DEBB1A89725514A8E771DC6EF2E7AD98AC1B,1Z4iQ0GXDTwxdhXIeKJJKqdyHFBGice3u,2014-11-23,2019-10-28
P-fd0b4daf,GhostReaper149,nucleus,84B3DEBB1A89725514A8E771DC6EF2E7AD98AC1B,1Z4iQ0GXDTwxdhXIeKJJKqdyHFBGice3u,2016-09-11,2019-08-21
P-b0bd96e7,GhostReaper149,dream_market,84B3DEBB1A89725514A8E771DC6EF2E7AD98AC1B,1Z4iQ0GXDTwxdhXIeKJJKqdyHFBGice3u,2014-02-28,2022-02-07
P-c83ca98e,GhostReaper149,cannazon,84B3DEBB1A89725514A8E771DC6EF2E7AD98AC1B,1Z4iQ0GXDTwxdhXIeKJJKqdyHFBGice3u,2014-11-05,2020-03-03
P-a9cf3a18,CrimsonCore49,abraxas,D9BA0159AB182D84AC88DE7AAA46272CC9AFC4EF,1yHy6dKzLZtMv7A4wXENnO1eXH9qYybwa,2014-10-18,2019-04-17
P-37a96872,CrimsonCore49,evolution,D9BA0159AB182D84AC88DE7AAA46272CC9AFC4EF,1yHy6dKzLZtMv7A4wXENnO1eXH9qYybwa,2013-07-24,2021-05-06
P-d54d9d18,CrimsonCore49,nucleus,D9BA0159AB182D84AC88DE7AAA46272CC9AFC4EF,1yHy6dKzLZtMv7A4wXENnO1eXH9qYybwa,2014-04-14,2019-10-08
P-c249a4c2,JadeWolf319,agora,159CFCC5D66FD33FAF13C07327F948E47A20DD71,1Mafxy6PbNaMCYnamxLpwceGvLI11rhc5,2015-05-19,2021-11-07
P-315c492f,JadeWolf319,evolution,159CFCC5D66FD33FAF13C07327F948E47A20DD71,1Mafxy6PbNaMCYnamxLpwceGvLI11rhc5,2015-08-03,2020-07-13
P-852904dd,JadeWolf319,nucleus,159CFCC5D66FD33FAF13C07327F948E47A20DD71,1Mafxy6PbNaMCYnamxLpwceGvLI11rhc5,2014-08-15,2021-09-20
P-16469cff,LunarPulse331,abraxas,48D2C2A2245E80B2C8DF6832F547FD6C6749F3E7,1coAwDZP47R2XAjgOgoV9rAu3xj06iVCu,2016-03-27,2021-01-25
P-1f4ed952,LunarPulse331,agora,48D2C2A2245E80B2C8DF6832F547FD6C6749F3E7,1coAwDZP47R2XAjgOgoV9rAu3xj06iVCu,2016-07-28,2018-05-20
P-fa49883e,LunarPulse331,evolution,48D2C2A2245E80B2C8DF6832F547FD6C6749F3E7,1coAwDZP47R2XAjgOgoV9rAu3xj06iVCu,2017-03-18,2019-05-13
P-ce874f90,LunarPulse331,dream_market,48D2C2A2245E80B2C8DF6832F547FD6C6749F3E7,1coAwDZP47R2XAjgOgoV9rAu3xj06iVCu,2017-05-15,2021-07-18
P-0d731163,ShadowWraith41,agora,DCCA980D08E75898E6E4220CC3187A330DBF44D3,1WvY9Y2VZwOiA8gmmuWzzEm35RpQJEFaw,2017-08-03,2020-03-23
P-2fe980c2,ShadowWraith41,nucleus,DCCA980D08E75898E6E4220CC3187A330DBF44D3,1WvY9Y2VZwOiA8gmmuWzzEm35RpQJEFaw,2016-04-05,2019-01-01
P-d8bcdf79,ShadowWraith41,outlaw_market,DCCA980D08E75898E6E4220CC3187A330DBF44D3,1WvY9Y2VZwOiA8gmmuWzzEm35RpQJEFaw,2017-12-24,2020-08-13
P-5fc5fb18,ShadowWraith41,silkroad2,DCCA980D08E75898E6E4220CC3187A330DBF44D3,1WvY9Y2VZwOiA8gmmuWzzEm35RpQJEFaw,2017-07-24,2021-07-16
P-6e7bed87,CrimsonSpecter628,evolution,A9D926A242B3EC0C2DF0F4F015FD2EC8809DA966,1PqXVlFzJ0789S2VLx3mJkVglUE1CNo3a,2015-11-19,2018-07-02
P-02d64b1f,CrimsonSpecter628,nucleus,A9D926A242B3EC0C2DF0F4F015FD2EC8809DA966,1PqXVlFzJ0789S2VLx3mJkVglUE1CNo3a,2013-07-19,2019-04-25
P-7c80ea9e,CrimsonSpecter628,outlaw_market,A9D926A242B3EC0C2DF0F4F015FD2EC8809DA966,1PqXVlFzJ0789S2VLx3mJkVglUE1CNo3a,2016-05-25,2020-09-23
P-5da21d22,CrimsonSpecter628,darkfox,A9D926A242B3EC0C2DF0F4F015FD2EC8809DA966,1PqXVlFzJ0789S2VLx3mJkVglUE1CNo3a,2017-11-23,2021-12-02
P-9a142ba2,IronRonin642,agora,C4BB0B375FE1479D1E6B9FE4374F2EAA9108E91C,1qzuuo9CNVFzI89dZ4WUOF1SbOaZEkod3,2016-07-24,2019-04-16
P-f7b11bb1,IronRonin642,evolution,C4BB0B375FE1479D1E6B9FE4374F2EAA9108E91C,1qzuuo9CNVFzI89dZ4WUOF1SbOaZEkod3,2013-06-21,2018-12-22
P-2b0f063d,IronRonin642,nucleus,C4BB0B375FE1479D1E6B9FE4374F2EAA9108E91C,1qzuuo9CNVFzI89dZ4WUOF1SbOaZEkod3,2014-05-20,2021-11-05
P-70f2409b,IronRonin642,cannazon,C4BB0B375FE1479D1E6B9FE4374F2EAA9108E91C,1qzuuo9CNVFzI89dZ4WUOF1SbOaZEkod3,2016-04-20,2020-01-04
P-1cd14ecb,IronRonin642,world_market,C4BB0B375FE1479D1E6B9FE4374F2EAA9108E91C,1qzuuo9CNVFzI89dZ4WUOF1SbOaZEkod3,2014-11-23,2022-07-23
P-0c3d8b9a,VoidSpecter688,agora,C211DF81EB6EE5865F63F759670ACC985308384C,1CyFR4JaeUGKg0ANF2Gy6kMPhTYxDoygM,2017-02-17,2019-07-06
P-a3d0baae,VoidSpecter688,evolution,C211DF81EB6EE5865F63F759670ACC985308384C,1CyFR4JaeUGKg0ANF2Gy6kMPhTYxDoygM,2016-05-23,2020-09-18
P-b0bf984f,VoidSpecter688,nucleus,C211DF81EB6EE5865F63F759670ACC985308384C,1CyFR4JaeUGKg0ANF2Gy6kMPhTYxDoygM,2016-10-10,2021-12-28
P-058666ee,VoidSpecter688,empire,C211DF81EB6EE5865F63F759670ACC985308384C,1CyFR4JaeUGKg0ANF2Gy6kMPhTYxDoygM,2014-02-21,2021-03-09
P-7081ee25,ChaosFang423,agora,5C6885D435BEE3D41B27E4EEE27E09974202A4AD,1Pu7336FKr8T4TMTE4QUlcGBC4gsrjWVl,2014-12-13,2020-01-06
P-39ae25f2,ChaosFang423,evolution,5C6885D435BEE3D41B27E4EEE27E09974202A4AD,1Pu7336FKr8T4TMTE4QUlcGBC4gsrjWVl,2016-01-04,2018-12-14
P-ca6a7592,ChaosFang423,nucleus,5C6885D435BEE3D41B27E4EEE27E09974202A4AD,1Pu7336FKr8T4TMTE4QUlcGBC4gsrjWVl,2017-07-21,2020-12-14
P-6f0b5aad,ChaosFang423,world_market,5C6885D435BEE3D41B27E4EEE27E09974202A4AD,1Pu7336FKr8T4TMTE4QUlcGBC4gsrjWVl,2015-03-12,2020-12-05
P-595ed6ae,AzurePulse150,agora,BAA1268B9C571669C5D39A6F22969F14887BDAA6,1u8OXdBeeU8X1sq1jQUSDSftF8LaRXhc7,2014-08-06,2018-08-19
P-9cf1621d,AzurePulse150,evolution,BAA1268B9C571669C5D39A6F22969F14887BDAA6,1u8OXdBeeU8X1sq1jQUSDSftF8LaRXhc7,2014-03-07,2018-12-06
P-085669be,AzurePulse150,silkroad2,BAA1268B9C571669C5D39A6F22969F14887BDAA6,1u8OXdBeeU8X1sq1jQUSDSftF8LaRXhc7,2014-05-28,2021-08-21
P-4391dbbc,SilentCrypt86,agora,653D1FD39905D0FB16B6A64CD966D2CA1D1EC1F0,1QiBMVggbSG5N2XaXUsOcJdEIA7Wx6HxC,2017-02-28,2019-02-10
P-551cfb80,SilentCrypt86,evolution,653D1FD39905D0FB16B6A64CD966D2CA1D1EC1F0,1QiBMVggbSG5N2XaXUsOcJdEIA7Wx6HxC,2013-07-04,2020-02-11
P-b2e0f77b,SilentCrypt86,nucleus,653D1FD39905D0FB16B6A64CD966D2CA1D1EC1F0,1QiBMVggbSG5N2XaXUsOcJdEIA7Wx6HxC,2013-10-08,2021-08-22
P-623e2314,ShadowSpecter927,agora,B15BB140DD035641FAE8A2BCC96D93C91F5EE928,1bHN8ST0NsMUGZKRlXsRC9cePEDtEGRnE,2013-01-02,2020-01-22
P-634866b8,ShadowSpecter927,evolution,B15BB140DD035641FAE8A2BCC96D93C91F5EE928,1bHN8ST0NsMUGZKRlXsRC9cePEDtEGRnE,2017-01-04,2019-09-26
P-dc2e5e8d,ShadowSpecter927,nucleus,B15BB140DD035641FAE8A2BCC96D93C91F5EE928,1bHN8ST0NsMUGZKRlXsRC9cePEDtEGRnE,2013-07-20,2020-08-16
P-05d008f7,HexSerpent213,agora,521539786A3EDD6DA606470495C76D48ADB5AE71,10thP4tDCZxfZ6Ws9x97fwcr702L1qbMc,2015-10-14,2020-06-22
P-945da897,HexSerpent213,evolution,521539786A3EDD6DA606470495C76D48ADB5AE71,10thP4tDCZxfZ6Ws9x97fwcr702L1qbMc,2015-06-27,2019-06-22
P-d02b9b70,HexSerpent213,nucleus,521539786A3EDD6DA606470495C76D48ADB5AE71,10thP4tDCZxfZ6Ws9x97fwcr702L1qbMc,2016-07-20,2018-06-28
P-be8d0cf9,HexSerpent213,world_market,521539786A3EDD6DA606470495C76D48ADB5AE71,10thP4tDCZxfZ6Ws9x97fwcr702L1qbMc,2016-02-01,2022-12-13
P-35799382,NightRonin117,agora,60F7FF9B0AA2EE82FE4BF7C7155D78A5ECF7B202,1c0QpkFr9YNydo7QosMRf0fInVEyG4gMQ,2014-01-20,2018-09-09
P-e9624433,NightRonin117,evolution,60F7FF9B0AA2EE82FE4BF7C7155D78A5ECF7B202,1c0QpkFr9YNydo7QosMRf0fInVEyG4gMQ,2014-06-15,2021-09-14
P-db06a2da,NightRonin117,nucleus,60F7FF9B0AA2EE82FE4BF7C7155D78A5ECF7B202,1c0QpkFr9YNydo7QosMRf0fInVEyG4gMQ,2014-01-21,2020-01-21
P-f6d7309e,NightPulse206,agora,87D0E415CEF6F33585DE49804379308F7CE346EE,13foYzIMQK5pNuDDGh5MGBBczs5c0cAi4,2015-01-26,2020-11-15
P-7aaf2da5,NightPulse206,silkroad2,87D0E415CEF6F33585DE49804379308F7CE346EE,13foYzIMQK5pNuDDGh5MGBBczs5c0cAi4,2014-10-16,2021-12-20
P-9e604761,NightPulse206,themarketplace,87D0E415CEF6F33585DE49804379308F7CE346EE,13foYzIMQK5pNuDDGh5MGBBczs5c0cAi4,2013-06-14,2021-11-28
P-8801755d,PyroLotus512,agora,9E3C99669833D4D1EDAA5625968FDABC2F27CB07,10Oho5wGXUgeyq8nB5j6jHkNSBkJgUTBv,2013-12-13,2020-10-07
P-0077bc39,PyroLotus512,evolution,9E3C99669833D4D1EDAA5625968FDABC2F27CB07,10Oho5wGXUgeyq8nB5j6jHkNSBkJgUTBv,2014-09-19,2018-03-16
P-006a3c20,PyroLotus512,nucleus,9E3C99669833D4D1EDAA5625968FDABC2F27CB07,10Oho5wGXUgeyq8nB5j6jHkNSBkJgUTBv,2013-05-27,2021-03-15
P-1cf32e26,PyroLotus512,world_market,9E3C99669833D4D1EDAA5625968FDABC2F27CB07,10Oho5wGXUgeyq8nB5j6jHkNSBkJgUTBv,2014-08-22,2020-04-07
P-25067d4b,PyroLotus512,hansa,9E3C99669833D4D1EDAA5625968FDABC2F27CB07,10Oho5wGXUgeyq8nB5j6jHkNSBkJgUTBv,2015-11-23,2019-02-14
P-91b68f25,ViperFox86,agora,8840DC1F99A2220E106F193A2437149B494128F1,19QYQcaewKoxbsyBFHcggYxwk3zfevoO1,2013-03-11,2021-05-08
P-32ec1af2,ViperFox86,evolution,8840DC1F99A2220E106F193A2437149B494128F1,19QYQcaewKoxbsyBFHcggYxwk3zfevoO1,2015-11-16,2018-11-05
P-604b8ddb,ViperFox86,silkroad2,8840DC1F99A2220E106F193A2437149B494128F1,19QYQcaewKoxbsyBFHcggYxwk3zfevoO1,2017-11-24,2021-02-26
P-61296dce,FrostHunter935,abraxas,2DA32907A587C67534E7B414F2459D531D274D56,1GM7zbaIzpRE4Y2G6rbWewZLU6UO0LAoc,2015-04-19,2018-11-11
P-1114de2a,FrostHunter935,evolution,2DA32907A587C67534E7B414F2459D531D274D56,1GM7zbaIzpRE4Y2G6rbWewZLU6UO0LAoc,2016-12-24,2021-11-21
P-d2a725e1,FrostHunter935,nucleus,2DA32907A587C67534E7B414F2459D531D274D56,1GM7zbaIzpRE4Y2G6rbWewZLU6UO0LAoc,2017-07-26,2019-04-09
P-3f7240bf,FrostHunter935,hydra,2DA32907A587C67534E7B414F2459D531D274D56,1GM7zbaIzpRE4Y2G6rbWewZLU6UO0LAoc,2014-05-03,2019-02-11
P-b4ce0fa2,FrostHunter935,agora,2DA32907A587C67534E7B414F2459D531D274D56,1GM7zbaIzpRE4Y2G6rbWewZLU6UO0LAoc,2018-04-24,2019-10-12
P-88848dbf,CrimsonWraith895,abraxas,1424241604A1DE0C15EAB099723421F4AE1FD300,16Up39Wb66G9G8S4ZLnppeMJINmKWzEdS,2014-06-13,2018-05-02
P-2aac9c99,CrimsonWraith895,evolution,1424241604A1DE0C15EAB099723421F4AE1FD300,16Up39Wb66G9G8S4ZLnppeMJINmKWzEdS,2017-09-07,2021-07-11
P-bcfa8750,CrimsonWraith895,nucleus,1424241604A1DE0C15EAB099723421F4AE1FD300,16Up39Wb66G9G8S4ZLnppeMJINmKWzEdS,2015-11-26,2019-09-22
P-98ced6c6,PyroOrbit682,agora,E7FDA6AAB8590C9386E70AC362C7E4D96E601957,16J89eO4JBcNEDZ66E06dsboDNtuDD92p,2017-10-08,2018-07-01
P-0bd976eb,PyroOrbit682,evolution,E7FDA6AAB8590C9386E70AC362C7E4D96E601957,16J89eO4JBcNEDZ66E06dsboDNtuDD92p,2017-08-11,2019-05-27
P-e65ecaed,PyroOrbit682,silkroad2,E7FDA6AAB8590C9386E70AC362C7E4D96E601957,16J89eO4JBcNEDZ66E06dsboDNtuDD92p,2014-08-22,2021-03-20
P-9f948902,PyroOrbit682,themarketplace,E7FDA6AAB8590C9386E70AC362C7E4D96E601957,16J89eO4JBcNEDZ66E06dsboDNtuDD92p,2016-03-24,2019-10-11
P-01505e1c,PyroOrbit682,dark0de,E7FDA6AAB8590C9386E70AC362C7E4D96E601957,16J89eO4JBcNEDZ66E06dsboDNtuDD92p,2016-09-23,2019-05-28
P-b6650ec6,ScarletCipher732,agora,1BA9E5ECBBC890785E8835227FC6507049DB4DF2,1dU62P2xyd2JwSQKGTYTe1KspY9u5OzKk,2017-08-21,2019-08-10
P-ee7c8437,ScarletCipher732,evolution,1BA9E5ECBBC890785E8835227FC6507049DB4DF2,1dU62P2xyd2JwSQKGTYTe1KspY9u5OzKk,2016-01-26,2020-03-27
P-ff7a5488,ScarletCipher732,nucleus,1BA9E5ECBBC890785E8835227FC6507049DB4DF2,1dU62P2xyd2JwSQKGTYTe1KspY9u5OzKk,2014-12-26,2019-12-24
P-5cfeb9e7,RoguePulse931,agora,945DB1C80E3E4BE5C26749F6E22BA39BC474F4CA,1231wl0hhctcRplCz9rAPZSLzQNaOT3Rr,2013-03-28,2021-12-13
P-f5e9657c,RoguePulse931,evolution,945DB1C80E3E4BE5C26749F6E22BA39BC474F4CA,1231wl0hhctcRplCz9rAPZSLzQNaOT3Rr,2015-11-28,2019-01-18
P-5c5fdb15,RoguePulse931,silkroad2,945DB1C80E3E4BE5C26749F6E22BA39BC474F4CA,1231wl0hhctcRplCz9rAPZSLzQNaOT3Rr,2016-06-14,2021-06-25
P-db90311b,RoguePulse931,empire,945DB1C80E3E4BE5C26749F6E22BA39BC474F4CA,1231wl0hhctcRplCz9rAPZSLzQNaOT3Rr,2017-07-03,2021-05-23
P-ad76c32c,RoguePulse931,1776,945DB1C80E3E4BE5C26749F6E22BA39BC474F4CA,1231wl0hhctcRplCz9rAPZSLzQNaOT3Rr,2015-12-28,2022-02-05
P-b661e905,ViperHawk34,agora,543DA46651D93EAB47C0E86F3CA357CFA7102594,1uPYEAAj1vuIbLpoozLTp2CBWsWqEpjKH,2015-10-28,2018-12-10
P-9fdb80d6,ViperHawk34,evolution,543DA46651D93EAB47C0E86F3CA357CFA7102594,1uPYEAAj1vuIbLpoozLTp2CBWsWqEpjKH,2016-11-06,2019-08-23
P-95655d7a,ViperHawk34,outlaw_market,543DA46651D93EAB47C0E86F3CA357CFA7102594,1uPYEAAj1vuIbLpoozLTp2CBWsWqEpjKH,2016-05-05,2019-04-26
P-1bcd2ea1,ViperHawk34,vice_city,543DA46651D93EAB47C0E86F3CA357CFA7102594,1uPYEAAj1vuIbLpoozLTp2CBWsWqEpjKH,2015-12-21,2019-06-24
P-89860e93,GrimHunter764,agora,FBFD724808BA59A446B53700D1ADAB5D60B6934C,1UYhhjupvdWc2gl6Nv16nLcfqh9WsfE3i,2017-02-22,2019-07-14
P-b0637a64,GrimHunter764,evolution,FBFD724808BA59A446B53700D1ADAB5D60B6934C,1UYhhjupvdWc2gl6Nv16nLcfqh9WsfE3i,2014-01-04,2020-08-06
P-eadaef50,GrimHunter764,silkroad2,FBFD724808BA59A446B53700D1ADAB5D60B6934C,1UYhhjupvdWc2gl6Nv16nLcfqh9WsfE3i,2013-02-17,2020-10-14
P-b5908138,IronShade49,agora,4856A3B98F2B34218B037522272857AC095E7E3F,1miRyVxvvVwbcSZG3IGsZmZKIgNgJdtaG,2014-11-24,2021-04-02
P-9cf857d1,IronShade49,evolution,4856A3B98F2B34218B037522272857AC095E7E3F,1miRyVxvvVwbcSZG3IGsZmZKIgNgJdtaG,2013-04-13,2021-05-23
P-19c4a29f,IronShade49,nucleus,4856A3B98F2B34218B037522272857AC095E7E3F,1miRyVxvvVwbcSZG3IGsZmZKIgNgJdtaG,2017-03-21,2021-12-26
P-965ec57a,SilentHunter937,abraxas,C38D802525DABCEB95A60A15C1A27C8391A75BDF,1a5KntUxgEGyQvJNwKeFibQ4YRimTBXwP,2013-08-28,2021-05-21
P-f3f2d5f2,SilentHunter937,agora,C38D802525DABCEB95A60A15C1A27C8391A75BDF,1a5KntUxgEGyQvJNwKeFibQ4YRimTBXwP,2016-06-01,2018-02-03
P-77e7b813,SilentHunter937,nucleus,C38D802525DABCEB95A60A15C1A27C8391A75BDF,1a5KntUxgEGyQvJNwKeFibQ4YRimTBXwP,2013-08-21,2019-01-19
P-c5bdb434,OnyxRonin410,agora,F1E1C1D8DE1459C357E4FAC9C6B2C0FBE3D01943,17cp36E82C7F4I4ubTNqHELA8pmEUS5dn,2017-10-16,2020-12-24
P-d9b379fb,OnyxRonin410,evolution,F1E1C1D8DE1459C357E4FAC9C6B2C0FBE3D01943,17cp36E82C7F4I4ubTNqHELA8pmEUS5dn,2013-10-06,2021-08-21
P-0f216f81,OnyxRonin410,silkroad2,F1E1C1D8DE1459C357E4FAC9C6B2C0FBE3D01943,17cp36E82C7F4I4ubTNqHELA8pmEUS5dn,2016-05-19,2019-02-11
P-34b431be,OnyxRonin410,wall_street,F1E1C1D8DE1459C357E4FAC9C6B2C0FBE3D01943,17cp36E82C7F4I4ubTNqHELA8pmEUS5dn,2014-12-28,2020-07-27
P-c156f1d3,LunarEcho166,agora,3061C9DB84D634F78F037EDE976C7D54F40FF81A,1IW9wXuw9EcdyxM5t5BwQc1VVBx1GgBrR,2013-07-18,2021-02-17
P-f4f2d9da,LunarEcho166,evolution,3061C9DB84D634F78F037EDE976C7D54F40FF81A,1IW9wXuw9EcdyxM5t5BwQc1VVBx1GgBrR,2017-09-23,2018-04-22
P-f8c4e6c0,LunarEcho166,silkroad2,3061C9DB84D634F78F037EDE976C7D54F40FF81A,1IW9wXuw9EcdyxM5t5BwQc1VVBx1GgBrR,2013-03-28,2019-01-18
P-d9097dea,LunarEcho166,cannazon,3061C9DB84D634F78F037EDE976C7D54F40FF81A,1IW9wXuw9EcdyxM5t5BwQc1VVBx1GgBrR,2017-06-04,2019-03-19
P-2d934bce,NightBlade906,abraxas,0E6399E206EDA4A7648259D21ADA0E38879BCD8E,1lbCXUwdfcunMxdUqrpwj7ARVAxxRsPxS,2014-11-06,2018-09-09
P-99249469,NightBlade906,agora,0E6399E206EDA4A7648259D21ADA0E38879BCD8E,1lbCXUwdfcunMxdUqrpwj7ARVAxxRsPxS,2013-02-04,2020-06-18
P-be71431b,NightBlade906,evolution,0E6399E206EDA4A7648259D21ADA0E38879BCD8E,1lbCXUwdfcunMxdUqrpwj7ARVAxxRsPxS,2014-07-22,2018-04-10
P-5af64377,NoirRaven9,agora,142650635BE2BD2AB21EB6E2CDBAEB6F4BCE81F1,1REDV3hT6QkaNTLlkHP1TmfZuGnNRszpT,2013-09-26,2020-11-18
P-224d2951,NoirRaven9,evolution,142650635BE2BD2AB21EB6E2CDBAEB6F4BCE81F1,1REDV3hT6QkaNTLlkHP1TmfZuGnNRszpT,2016-03-19,2021-12-11
P-9410650b,NoirRaven9,outlaw_market,142650635BE2BD2AB21EB6E2CDBAEB6F4BCE81F1,1REDV3hT6QkaNTLlkHP1TmfZuGnNRszpT,2017-06-20,2019-12-04
P-267667f1,NoirRaven9,abraxas,142650635BE2BD2AB21EB6E2CDBAEB6F4BCE81F1,1REDV3hT6QkaNTLlkHP1TmfZuGnNRszpT,2014-04-02,2020-03-10
P-e59d1a51,NoirRaven9,darkfox,142650635BE2BD2AB21EB6E2CDBAEB6F4BCE81F1,1REDV3hT6QkaNTLlkHP1TmfZuGnNRszpT,2015-03-20,2020-10-12
P-256323d8,HexTiger69,agora,0C211965AC167CD783CFA3F4C579259A63A8C592,1EydypVljpHwSu3bxhEquMqxr8iqIAIAG,2015-03-24,2021-02-18
P-812e58b1,HexTiger69,evolution,0C211965AC167CD783CFA3F4C579259A63A8C592,1EydypVljpHwSu3bxhEquMqxr8iqIAIAG,2015-05-13,2019-07-15
P-df2cd2ba,HexTiger69,silkroad2,0C211965AC167CD783CFA3F4C579259A63A8C592,1EydypVljpHwSu3bxhEquMqxr8iqIAIAG,2013-05-22,2021-12-05
P-4be8d842,SilentShade893,agora,48EFB13C1C858F19EAC922238269C4B3F7CC0CE8,174MjuoeJnkQFxHsXkPlmL8tOLbF8HZhk,2017-04-03,2020-11-23
P-f8cf7485,SilentShade893,evolution,48EFB13C1C858F19EAC922238269C4B3F7CC0CE8,174MjuoeJnkQFxHsXkPlmL8tOLbF8HZhk,2014-12-12,2019-07-27
P-5cb95d6b,SilentShade893,nucleus,48EFB13C1C858F19EAC922238269C4B3F7CC0CE8,174MjuoeJnkQFxHsXkPlmL8tOLbF8HZhk,2014-06-26,2021-07-01
P-82302b93,SilentShade893,hydra,48EFB13C1C858F19EAC922238269C4B3F7CC0CE8,174MjuoeJnkQFxHsXkPlmL8tOLbF8HZhk,2018-04-03,2021-02-18
P-b310cac5,SilentPhoenix782,agora,8956CA023D344D67483E5FDE614AFBE4BB67A9F2,1c5uO1B2RkrTFELVZvfcH3eKmgyqQdtnL,2013-11-18,2021-02-11
P-9f2ab523,SilentPhoenix782,evolution,8956CA023D344D67483E5FDE614AFBE4BB67A9F2,1c5uO1B2RkrTFELVZvfcH3eKmgyqQdtnL,2013-06-11,2020-03-28
P-cb9c64c7,SilentPhoenix782,nucleus,8956CA023D344D67483E5FDE614AFBE4BB67A9F2,1c5uO1B2RkrTFELVZvfcH3eKmgyqQdtnL,2014-05-01,2018-07-08
P-984f69af,SilentPhoenix782,world_market,8956CA023D344D67483E5FDE614AFBE4BB67A9F2,1c5uO1B2RkrTFELVZvfcH3eKmgyqQdtnL,2017-02-26,2019-03-17
P-6c1c7bea,SilentPhoenix782,themarketplace,8956CA023D344D67483E5FDE614AFBE4BB67A9F2,1c5uO1B2RkrTFELVZvfcH3eKmgyqQdtnL,2016-10-27,2022-02-17
P-0a51b511,HexEcho250,agora,A3827F01FE6BFD9E49134A8D6A5FEF7B9BF5931A,1zRLGkicMLYmclvwmYOOKKhaiYu6IhZwY,2015-12-19,2020-09-09
P-21237cdf,HexEcho250,evolution,A3827F01FE6BFD9E49134A8D6A5FEF7B9BF5931A,1zRLGkicMLYmclvwmYOOKKhaiYu6IhZwY,2017-02-02,2019-06-25
P-efa43ace,HexEcho250,nucleus,A3827F01FE6BFD9E49134A8D6A5FEF7B9BF5931A,1zRLGkicMLYmclvwmYOOKKhaiYu6IhZwY,2016-03-12,2021-08-19
P-e3a7506c,HexEcho250,dream_market,A3827F01FE6BFD9E49134A8D6A5FEF7B9BF5931A,1zRLGkicMLYmclvwmYOOKKhaiYu6IhZwY,2015-05-01,2020-11-05
P-0530575d,HexEcho250,cannazon,A3827F01FE6BFD9E49134A8D6A5FEF7B9BF5931A,1zRLGkicMLYmclvwmYOOKKhaiYu6IhZwY,2015-07-19,2021-01-24
P-dd629649,IronArc447,abraxas,4E5F6745A4B81B5B67687934DAA595B7A5114C3B,1j2Xq9Sw2cH5RL5GV9vh7dVJHwfzSUHli,2015-12-25,2019-11-20
P-1c6565e6,IronArc447,evolution,4E5F6745A4B81B5B67687934DAA595B7A5114C3B,1j2Xq9Sw2cH5RL5GV9vh7dVJHwfzSUHli,2016-12-15,2019-08-12
P-375a9b40,IronArc447,nucleus,4E5F6745A4B81B5B67687934DAA595B7A5114C3B,1j2Xq9Sw2cH5RL5GV9vh7dVJHwfzSUHli,2016-09-10,2020-07-17
P-f40bd470,HexLotus878,evolution,42A0AE865F4440CE1F1313381DBFE234267F0FE2,1ZmsVHxduz8URfajY4FVteqRJYFb1Nc3Y,2014-05-21,2018-05-14
P-0044adec,HexLotus878,nucleus,42A0AE865F4440CE1F1313381DBFE234267F0FE2,1ZmsVHxduz8URfajY4FVteqRJYFb1Nc3Y,2015-02-21,2018-02-24
P-7417573a,HexLotus878,outlaw_market,42A0AE865F4440CE1F1313381DBFE234267F0FE2,1ZmsVHxduz8URfajY4FVteqRJYFb1Nc3Y,2014-02-06,2018-02-24
P-0fc41554,HexLotus878,vice_city,42A0AE865F4440CE1F1313381DBFE234267F0FE2,1ZmsVHxduz8URfajY4FVteqRJYFb1Nc3Y,2016-09-16,2019-07-22
P-3b0110e4,LunarCore420,agora,49D5A8170BA2E9B2C524613822F01B20F1B35505,1G1CcJhcPUn7kBNcWn8A0rs2G7ib3bZvF,2017-12-05,2021-08-17
P-09fd6d93,LunarCore420,evolution,49D5A8170BA2E9B2C524613822F01B20F1B35505,1G1CcJhcPUn7kBNcWn8A0rs2G7ib3bZvF,2017-12-04,2021-01-20
P-44a1b511,LunarCore420,silkroad2,49D5A8170BA2E9B2C524613822F01B20F1B35505,1G1CcJhcPUn7kBNcWn8A0rs2G7ib3bZvF,2014-12-01,2021-12-18
P-e2ade7f5,VoidOrbit453,agora,D60BFF609717D0C9F9BCDA6F5CDF761C94815230,1HgLSDToOhSxyPEFKEhZXV9I0nTMNOJ3e,2015-04-24,2018-10-15
P-91ccbcac,VoidOrbit453,evolution,D60BFF609717D0C9F9BCDA6F5CDF761C94815230,1HgLSDToOhSxyPEFKEhZXV9I0nTMNOJ3e,2014-11-25,2019-03-03
P-133e4a08,VoidOrbit453,nucleus,D60BFF609717D0C9F9BCDA6F5CDF761C94815230,1HgLSDToOhSxyPEFKEhZXV9I0nTMNOJ3e,2015-03-17,2020-01-14
P-2ef0458f,VoidOrbit453,abraxas,D60BFF609717D0C9F9BCDA6F5CDF761C94815230,1HgLSDToOhSxyPEFKEhZXV9I0nTMNOJ3e,2017-07-06,2021-02-11
P-0d67e8a4,VoidOrbit453,hansa,D60BFF609717D0C9F9BCDA6F5CDF761C94815230,1HgLSDToOhSxyPEFKEhZXV9I0nTMNOJ3e,2015-09-28,2019-05-10
P-2fda4515,IronNexus194,agora,B783707A19A94CD508494316EE630D3186099AB7,19FC6aO72X6cWag6KMyLPpowFHDnIE38u,2016-05-09,2019-01-24
P-1e75ec5e,IronNexus194,evolution,B783707A19A94CD508494316EE630D3186099AB7,19FC6aO72X6cWag6KMyLPpowFHDnIE38u,2017-07-07,2020-11-17
P-f19edea1,IronNexus194,nucleus,B783707A19A94CD508494316EE630D3186099AB7,19FC6aO72X6cWag6KMyLPpowFHDnIE38u,2013-08-20,2021-01-12
P-7a3a2cc3,ViperDragon166,agora,9C889ED2E51D1D3A26FEE63060A1BF560C33ABDD,1xibEfxUCQ1eha3bZh5qrrpfgUo8dYYLN,2013-10-15,2020-05-12
P-dbcfe78b,ViperDragon166,evolution,9C889ED2E51D1D3A26FEE63060A1BF560C33ABDD,1xibEfxUCQ1eha3bZh5qrrpfgUo8dYYLN,2013-01-12,2019-07-12
P-7dfbdc57,ViperDragon166,nucleus,9C889ED2E51D1D3A26FEE63060A1BF560C33ABDD,1xibEfxUCQ1eha3bZh5qrrpfgUo8dYYLN,2013-02-14,2021-04-03
P-9b7ac2e7,ObsidianHelix321,agora,D885E25388996E757D18215A0ED2B0F86F435247,1KDYtjWQmNOnAWRYRV4ZLMcmUQYLBLMHn,2017-09-05,2021-02-16
P-e3a96667,ObsidianHelix321,evolution,D885E25388996E757D18215A0ED2B0F86F435247,1KDYtjWQmNOnAWRYRV4ZLMcmUQYLBLMHn,2013-03-25,2020-04-16
P-e68d7b2d,ObsidianHelix321,silkroad2,D885E25388996E757D18215A0ED2B0F86F435247,1KDYtjWQmNOnAWRYRV4ZLMcmUQYLBLMHn,2016-06-10,2020-07-06
P-99a1e473,EmberRaven158,agora,EEFAF464C92805DCF43EB0032158ABAE9DB7DBC3,1hlyRAzmMOlS3WIGkX7edrDGYcn7PYPDT,2017-05-04,2021-11-27
P-d38591ec,EmberRaven158,evolution,EEFAF464C92805DCF43EB0032158ABAE9DB7DBC3,1hlyRAzmMOlS3WIGkX7edrDGYcn7PYPDT,2016-03-05,2020-12-14
P-ebd9407e,EmberRaven158,silkroad2,EEFAF464C92805DCF43EB0032158ABAE9DB7DBC3,1hlyRAzmMOlS3WIGkX7edrDGYcn7PYPDT,2013-06-28,2019-02-07
P-3ad3ab47,HexCrypt75,agora,D628A9835C89EB911607759E00F24B6060575E0C,10iBH5j16P7ljZrJQdY6kpe7m5HUeplzq,2015-01-05,2021-07-24
P-1d1b3c50,HexCrypt75,evolution,D628A9835C89EB911607759E00F24B6060575E0C,10iBH5j16P7ljZrJQdY6kpe7m5HUeplzq,2015-01-06,2019-08-22
P-f9524ead,HexCrypt75,silkroad2,D628A9835C89EB911607759E00F24B6060575E0C,10iBH5j16P7ljZrJQdY6kpe7m5HUeplzq,2015-02-14,2021-09-16
P-3187de64,HexCrypt75,berlusconi,D628A9835C89EB911607759E00F24B6060575E0C,10iBH5j16P7ljZrJQdY6kpe7m5HUeplzq,2015-06-25,2022-09-24
P-d9e37c4b,CyberHawk210,abraxas,52CC89F8592591688E798C984F28547B8E8BB901,1XzJFrX12OlewcoCDsIJbYRCaxrWGvkKo,2016-03-04,2018-01-05
P-cc5f3da4,CyberHawk210,agora,52CC89F8592591688E798C984F28547B8E8BB901,1XzJFrX12OlewcoCDsIJbYRCaxrWGvkKo,2014-06-17,2018-11-08
P-3b268618,CyberHawk210,nucleus,52CC89F8592591688E798C984F28547B8E8BB901,1XzJFrX12OlewcoCDsIJbYRCaxrWGvkKo,2013-11-27,2020-07-20
P-983ef1c3,CyberHawk210,outlaw_market,52CC89F8592591688E798C984F28547B8E8BB901,1XzJFrX12OlewcoCDsIJbYRCaxrWGvkKo,2014-07-16,2021-05-16
P-18b07dc3,CyberHawk210,cannazon,52CC89F8592591688E798C984F28547B8E8BB901,1XzJFrX12OlewcoCDsIJbYRCaxrWGvkKo,2014-07-08,2020-12-17
P-ce3433fc,GhostWraith8,agora,5DFAA0B1CEEB0870DBE4C5E75D4D8FAC5FFDE9BF,1o2reLh3zJNe7Mn7hLPR4gGKTdvHHiLal,2014-04-09,2018-05-23
P-99cbae99,GhostWraith8,evolution,5DFAA0B1CEEB0870DBE4C5E75D4D8FAC5FFDE9BF,1o2reLh3zJNe7Mn7hLPR4gGKTdvHHiLal,2014-11-27,2021-04-16
P-253a47d4,GhostWraith8,nucleus,5DFAA0B1CEEB0870DBE4C5E75D4D8FAC5FFDE9BF,1o2reLh3zJNe7Mn7hLPR4gGKTdvHHiLal,2013-12-24,2019-04-28
P-1520249f,GhostWraith8,themarketplace,5DFAA0B1CEEB0870DBE4C5E75D4D8FAC5FFDE9BF,1o2reLh3zJNe7Mn7hLPR4gGKTdvHHiLal,2018-11-21,2020-04-04
P-ebf2f4d7,VoidBlade405,agora,A7F759777A5C1B52AF8878EF78E3BC5CE2499925,17VnExeKQAON885rrSm54AIsWhk7iPm90,2014-07-02,2020-04-05
P-5b2fef60,VoidBlade405,evolution,A7F759777A5C1B52AF8878EF78E3BC5CE2499925,17VnExeKQAON885rrSm54AIsWhk7iPm90,2016-01-20,2019-02-28
P-286f1bc5,VoidBlade405,silkroad2,A7F759777A5C1B52AF8878EF78E3BC5CE2499925,17VnExeKQAON885rrSm54AIsWhk7iPm90,2013-07-14,2020-12-21
P-64bdc57a,PyroRonin995,abraxas,E8670A851394F9A9F3DC29E5C39051C5AFCA575B,1D28LHcaiB4GRsJp2I0JdzFdkQxu2RBfH,2014-04-11,2021-08-02
P-0e528f6e,PyroRonin995,evolution,E8670A851394F9A9F3DC29E5C39051C5AFCA575B,1D28LHcaiB4GRsJp2I0JdzFdkQxu2RBfH,2017-07-21,2018-05-04
P-2b3f16dc,PyroRonin995,nucleus,E8670A851394F9A9F3DC29E5C39051C5AFCA575B,1D28LHcaiB4GRsJp2I0JdzFdkQxu2RBfH,2015-06-09,2020-12-14
P-21530d13,ViperDragon801,agora,DE5F6BE6FE3765FB8F43AC706683CB709226D043,1x709YJrm7YjSxI1zNPzjKfmd6Vo3EyVm,2014-06-02,2019-01-01
P-708fbd2b,ViperDragon801,evolution,DE5F6BE6FE3765FB8F43AC706683CB709226D043,1x709YJrm7YjSxI1zNPzjKfmd6Vo3EyVm,2013-11-24,2020-04-10
P-06c5fb76,ViperDragon801,nucleus,DE5F6BE6FE3765FB8F43AC706683CB709226D043,1x709YJrm7YjSxI1zNPzjKfmd6Vo3EyVm,2016-05-20,2018-07-06
P-c274eb5e,ViperDragon801,silkroad2,DE5F6BE6FE3765FB8F43AC706683CB709226D043,1x709YJrm7YjSxI1zNPzjKfmd6Vo3EyVm,2016-08-12,2021-05-04
P-7b23e594,ViperDragon801,alphabay,DE5F6BE6FE3765FB8F43AC706683CB709226D043,1x709YJrm7YjSxI1zNPzjKfmd6Vo3EyVm,2014-11-01,2020-06-12
P-85b538c4,NoirNexus41,agora,681CCEE7E8FE650421E1DDA50B29B181DE1B1E6B,1b4rJCbreXBclFcCbPhlbmaQKxCCw71Dc,2015-12-25,2020-04-21
P-b263e278,NoirNexus41,evolution,681CCEE7E8FE650421E1DDA50B29B181DE1B1E6B,1b4rJCbreXBclFcCbPhlbmaQKxCCw71Dc,2015-04-19,2021-02-04
P-69e61e41,NoirNexus41,nucleus,681CCEE7E8FE650421E1DDA50B29B181DE1B1E6B,1b4rJCbreXBclFcCbPhlbmaQKxCCw71Dc,2014-11-24,2018-01-19
P-5ebdfd43,NoirNexus41,outlaw_market,681CCEE7E8FE650421E1DDA50B29B181DE1B1E6B,1b4rJCbreXBclFcCbPhlbmaQKxCCw71Dc,2015-04-23,2022-02-03
P-f403c36d,NoirNexus41,abraxas,681CCEE7E8FE650421E1DDA50B29B181DE1B1E6B,1b4rJCbreXBclFcCbPhlbmaQKxCCw71Dc,2018-10-11,2021-12-16
P-f71409ee,BlazeFang833,agora,C452825CA6D988779EF4F72DF6291A43D961F523,10OvPJW2Qbb0Cy7YBvNjqH2foRvLy9PPB,2014-09-24,2019-01-05
P-1d8f18c1,BlazeFang833,evolution,C452825CA6D988779EF4F72DF6291A43D961F523,10OvPJW2Qbb0Cy7YBvNjqH2foRvLy9PPB,2014-07-18,2020-09-12
P-587beec6,BlazeFang833,silkroad2,C452825CA6D988779EF4F72DF6291A43D961F523,10OvPJW2Qbb0Cy7YBvNjqH2foRvLy9PPB,2015-08-21,2018-07-03
P-f6c068ef,BlazeBlade597,agora,47EE6D7600AA15F666314BFC7C2377B41BF3CC98,1sBgfgzCtnODv2eTyc6eqGU29pDrh3Uhh,2016-07-17,2018-03-20
P-7bccc9c5,BlazeBlade597,evolution,47EE6D7600AA15F666314BFC7C2377B41BF3CC98,1sBgfgzCtnODv2eTyc6eqGU29pDrh3Uhh,2015-12-05,2020-01-19
P-9b9f55b1,BlazeBlade597,silkroad2,47EE6D7600AA15F666314BFC7C2377B41BF3CC98,1sBgfgzCtnODv2eTyc6eqGU29pDrh3Uhh,2013-12-07,2021-08-22
P-84701739,BlazeBlade597,wall_street,47EE6D7600AA15F666314BFC7C2377B41BF3CC98,1sBgfgzCtnODv2eTyc6eqGU29pDrh3Uhh,2018-09-03,2020-08-25
P-4d1d1789,BlazeBlade597,vice_city,47EE6D7600AA15F666314BFC7C2377B41BF3CC98,1sBgfgzCtnODv2eTyc6eqGU29pDrh3Uhh,2018-07-18,2022-07-20
P-21d8766e,NeonFox807,agora,DFAC340B9D361530266711F401EC7FC59F7E46D2,1QQ2CMAUcdc3ni8HX8zWCKUsrFc120BSn,2015-04-06,2018-03-19
P-ca42553e,NeonFox807,evolution,DFAC340B9D361530266711F401EC7FC59F7E46D2,1QQ2CMAUcdc3ni8HX8zWCKUsrFc120BSn,2014-10-23,2018-09-15
P-11f7f70f,NeonFox807,silkroad2,DFAC340B9D361530266711F401EC7FC59F7E46D2,1QQ2CMAUcdc3ni8HX8zWCKUsrFc120BSn,2017-12-24,2020-05-28
P-77cdc12c,ObsidianDragon937,agora,E3AC606357D2196F78C5B895727CAD6EFF99614A,13raFggHgGFIbd9zJHxD298jRIZTq5ScJ,2014-05-23,2020-09-04
P-0e043db6,ObsidianDragon937,evolution,E3AC606357D2196F78C5B895727CAD6EFF99614A,13raFggHgGFIbd9zJHxD298jRIZTq5ScJ,2014-04-02,2019-05-02
P-ccdc1182,ObsidianDragon937,silkroad2,E3AC606357D2196F78C5B895727CAD6EFF99614A,13raFggHgGFIbd9zJHxD298jRIZTq5ScJ,2014-05-05,2020-01-21
P-66bbb5dd,ObsidianDragon937,berlusconi,E3AC606357D2196F78C5B895727CAD6EFF99614A,13raFggHgGFIbd9zJHxD298jRIZTq5ScJ,2015-04-18,2019-01-21
P-1d3d947f,RogueByte411,abraxas,9F50EB1E908FD09BED5BCF8D2C78893C032EC05A,12iIizv83IKxlrIhJIhcuePrQYopcW8Er,2015-11-20,2020-06-03
P-83f41984,RogueByte411,evolution,9F50EB1E908FD09BED5BCF8D2C78893C032EC05A,12iIizv83IKxlrIhJIhcuePrQYopcW8Er,2017-05-24,2019-07-20
P-9e9294f5,RogueByte411,nucleus,9F50EB1E908FD09BED5BCF8D2C78893C032EC05A,12iIizv83IKxlrIhJIhcuePrQYopcW8Er,2015-06-02,2018-06-08
P-0096b5f9,PhantomBroker259,agora,48417661F6EBE6001FE36C6617C8F206954AADB8,1guen9O4ZsJ8dRTAOene2cp3ldsK64Dmi,2015-03-09,2018-09-22
P-605bff56,PhantomBroker259,evolution,48417661F6EBE6001FE36C6617C8F206954AADB8,1guen9O4ZsJ8dRTAOene2cp3ldsK64Dmi,2017-02-24,2021-11-09
P-c1f4f006,PhantomBroker259,silkroad2,48417661F6EBE6001FE36C6617C8F206954AADB8,1guen9O4ZsJ8dRTAOene2cp3ldsK64Dmi,2017-09-07,2021-04-11
P-6965b23e,PhantomBroker259,dream_market,48417661F6EBE6001FE36C6617C8F206954AADB8,1guen9O4ZsJ8dRTAOene2cp3ldsK64Dmi,2016-04-19,2022-03-15
P-a08a2345,PhantomBroker259,dark0de,48417661F6EBE6001FE36C6617C8F206954AADB8,1guen9O4ZsJ8dRTAOene2cp3ldsK64Dmi,2015-12-24,2022-06-05
P-fbf1557a,CyberHunter68,agora,69F73A23052772EBB11AE2392F07B3428DFFD5E9,1YfkR9MKA0hEanagqo7IkbnQh9XffDwKl,2016-02-16,2019-08-06
P-7fe097a9,CyberHunter68,evolution,69F73A23052772EBB11AE2392F07B3428DFFD5E9,1YfkR9MKA0hEanagqo7IkbnQh9XffDwKl,2014-04-19,2021-12-06
P-08609474,CyberHunter68,nucleus,69F73A23052772EBB11AE2392F07B3428DFFD5E9,1YfkR9MKA0hEanagqo7IkbnQh9XffDwKl,2015-01-10,2019-03-27
P-865581eb,CyberHunter68,versus,69F73A23052772EBB11AE2392F07B3428DFFD5E9,1YfkR9MKA0hEanagqo7IkbnQh9XffDwKl,2017-11-20,2020-02-05
P-ed7c1c9a,CyberHunter68,torrez,69F73A23052772EBB11AE2392F07B3428DFFD5E9,1YfkR9MKA0hEanagqo7IkbnQh9XffDwKl,2014-07-08,2022-11-13
P-ddd19375,OnyxVenom11,abraxas,9A84CF35355AF0B3AC582751CA0ECBF983C2A2CC,1g45uiToxfVkAhwYMDDBr8XdCPDr8cxMP,2013-12-17,2019-12-25
P-237f7ca5,OnyxVenom11,agora,9A84CF35355AF0B3AC582751CA0ECBF983C2A2CC,1g45uiToxfVkAhwYMDDBr8XdCPDr8cxMP,2013-10-04,2021-07-01
P-8e05aa9a,OnyxVenom11,evolution,9A84CF35355AF0B3AC582751CA0ECBF983C2A2CC,1g45uiToxfVkAhwYMDDBr8XdCPDr8cxMP,2013-01-25,2018-03-08
P-d36c9813,OnyxVenom11,cannazon,9A84CF35355AF0B3AC582751CA0ECBF983C2A2CC,1g45uiToxfVkAhwYMDDBr8XdCPDr8cxMP,2014-05-05,2019-01-26
P-bb0364b9,SilentBroker833,agora,E7610515080579C1D39A36334AF86FC089443DF3,1piBTTUEefl0ZweHbyJfnyyspeVNm85ZP,2013-09-24,2020-12-03
P-0fcfa502,SilentBroker833,evolution,E7610515080579C1D39A36334AF86FC089443DF3,1piBTTUEefl0ZweHbyJfnyyspeVNm85ZP,2014-03-16,2021-03-10
P-2c320783,SilentBroker833,silkroad2,E7610515080579C1D39A36334AF86FC089443DF3,1piBTTUEefl0ZweHbyJfnyyspeVNm85ZP,2015-08-05,2019-01-18
P-778535b3,SilentBroker833,empire,E7610515080579C1D39A36334AF86FC089443DF3,1piBTTUEefl0ZweHbyJfnyyspeVNm85ZP,2016-11-18,2019-01-27
P-52d7df14,EmberCore946,agora,D77FE02D7CF6E99FA98181EDD4ACAE2C719D286F,1UhzUTbCuobPSNgZgx6EGgK4cq6vjfjwW,2013-02-18,2020-02-17
P-ca0ac05d,EmberCore946,evolution,D77FE02D7CF6E99FA98181EDD4ACAE2C719D286F,1UhzUTbCuobPSNgZgx6EGgK4cq6vjfjwW,2016-03-01,2019-01-08
P-e1b06979,EmberCore946,nucleus,D77FE02D7CF6E99FA98181EDD4ACAE2C719D286F,1UhzUTbCuobPSNgZgx6EGgK4cq6vjfjwW,2016-07-05,2020-11-10
P-56616a7b,EmberCore946,abraxas,D77FE02D7CF6E99FA98181EDD4ACAE2C719D286F,1UhzUTbCuobPSNgZgx6EGgK4cq6vjfjwW,2015-11-13,2019-08-06
P-fd0c5fc4,EmberArc94,agora,45F6183F02F78968C36693983733375B1CF4181C,13DjfUSgXK6Vk8Pn86PicFmSfb4HVce5r,2013-04-04,2020-06-03
P-4a5013ef,EmberArc94,evolution,45F6183F02F78968C36693983733375B1CF4181C,13DjfUSgXK6Vk8Pn86PicFmSfb4HVce5r,2017-06-04,2020-02-02
P-f38b5827,EmberArc94,silkroad2,45F6183F02F78968C36693983733375B1CF4181C,13DjfUSgXK6Vk8Pn86PicFmSfb4HVce5r,2017-03-06,2021-09-11
P-05b7bedd,OnyxTiger935,agora,FA0856008353DBC6E25E3A6A1D6D8D77008ACA5E,1hruJSLlyIXhDaPNhDr4y4JSQJly08Z2S,2017-03-22,2021-03-22
P-c3ccd650,OnyxTiger935,evolution,FA0856008353DBC6E25E3A6A1D6D8D77008ACA5E,1hruJSLlyIXhDaPNhDr4y4JSQJly08Z2S,2015-10-27,2020-06-04
P-9ef94a71,OnyxTiger935,silkroad2,FA0856008353DBC6E25E3A6A1D6D8D77008ACA5E,1hruJSLlyIXhDaPNhDr4y4JSQJly08Z2S,2015-08-22,2020-05-26
P-640bca1d,OnyxTiger935,nucleus,FA0856008353DBC6E25E3A6A1D6D8D77008ACA5E,1hruJSLlyIXhDaPNhDr4y4JSQJly08Z2S,2014-01-28,2020-11-05
P-3211e610,ViperWraith818,abraxas,66B4593D3ADC48DD3E25A0ED4841008FCE06E416,16BNK4Fith0AWdLZEqimAnXeF466lMzYS,2015-03-13,2021-12-26
P-054ace7e,ViperWraith818,agora,66B4593D3ADC48DD3E25A0ED4841008FCE06E416,16BNK4Fith0AWdLZEqimAnXeF466lMzYS,2016-02-04,2021-12-09
P-a9aaf44b,ViperWraith818,evolution,66B4593D3ADC48DD3E25A0ED4841008FCE06E416,16BNK4Fith0AWdLZEqimAnXeF466lMzYS,2014-02-11,2019-03-25
P-f1fc01f8,ViperWraith818,cannazon,66B4593D3ADC48DD3E25A0ED4841008FCE06E416,16BNK4Fith0AWdLZEqimAnXeF466lMzYS,2017-06-11,2022-07-16
P-5e8f2fd5,ViperWraith818,versus,66B4593D3ADC48DD3E25A0ED4841008FCE06E416,16BNK4Fith0AWdLZEqimAnXeF466lMzYS,2017-10-26,2021-03-26
P-496af118,HexSpecter204,agora,65196C59D211521E7C65E05BE17CB10AF2B8BE06,1xVPg2nDjlpfd5LkwZqUlUzYsA1hzWKoh,2014-07-14,2021-09-18
P-85ad62ea,HexSpecter204,evolution,65196C59D211521E7C65E05BE17CB10AF2B8BE06,1xVPg2nDjlpfd5LkwZqUlUzYsA1hzWKoh,2016-09-18,2019-07-03
P-63aa4ea6,HexSpecter204,silkroad2,65196C59D211521E7C65E05BE17CB10AF2B8BE06,1xVPg2nDjlpfd5LkwZqUlUzYsA1hzWKoh,2017-12-14,2019-12-03
P-2c1840b8,HexSpecter204,cannahome,65196C59D211521E7C65E05BE17CB10AF2B8BE06,1xVPg2nDjlpfd5LkwZqUlUzYsA1hzWKoh,2015-06-01,2020-01-12
P-794f8b99,HexSpecter204,darkfox,65196C59D211521E7C65E05BE17CB10AF2B8BE06,1xVPg2nDjlpfd5LkwZqUlUzYsA1hzWKoh,2018-08-05,2019-01-12
P-69a6fcc9,JadeCipher955,agora,D4B2040C75D703E5D65604F7ACD24BBDDCCE35A4,19r9U1HYx5uhJOdm2hGOS9wAtyK4fW6fh,2015-03-10,2021-03-27
P-08a61d6d,JadeCipher955,evolution,D4B2040C75D703E5D65604F7ACD24BBDDCCE35A4,19r9U1HYx5uhJOdm2hGOS9wAtyK4fW6fh,2017-07-08,2019-04-02
P-d44ff121,JadeCipher955,silkroad2,D4B2040C75D703E5D65604F7ACD24BBDDCCE35A4,19r9U1HYx5uhJOdm2hGOS9wAtyK4fW6fh,2014-02-23,2019-07-24
P-6b9de2aa,JadeCipher955,dream_market,D4B2040C75D703E5D65604F7ACD24BBDDCCE35A4,19r9U1HYx5uhJOdm2hGOS9wAtyK4fW6fh,2014-12-14,2021-01-23
P-398b6dd4,NoirPulse170,evolution,6C5323E01EC7CE702C4C0BB634AC783F33DC9857,1TVVcR8m8noJcoZkOsC8BULNobG8N7ADy,2013-11-19,2018-08-27
P-f4f082e4,NoirPulse170,nucleus,6C5323E01EC7CE702C4C0BB634AC783F33DC9857,1TVVcR8m8noJcoZkOsC8BULNobG8N7ADy,2017-03-01,2019-06-05
P-642f75cf,NoirPulse170,silkroad2,6C5323E01EC7CE702C4C0BB634AC783F33DC9857,1TVVcR8m8noJcoZkOsC8BULNobG8N7ADy,2013-04-03,2018-10-27
P-bd3243c9,NoirPulse170,themarketplace,6C5323E01EC7CE702C4C0BB634AC783F33DC9857,1TVVcR8m8noJcoZkOsC8BULNobG8N7ADy,2017-03-25,2020-08-24
P-526e364c,GhostSerpent518,agora,15FDB73B479B23FDE7D6358D4320BB0683D4295E,12tnxyc49X4d8wORCnh1aiPvd4TaWdMib,2014-12-17,2020-08-14
P-6c00ce8e,GhostSerpent518,evolution,15FDB73B479B23FDE7D6358D4320BB0683D4295E,12tnxyc49X4d8wORCnh1aiPvd4TaWdMib,2015-08-26,2018-05-04
P-5ed24415,GhostSerpent518,silkroad2,15FDB73B479B23FDE7D6358D4320BB0683D4295E,12tnxyc49X4d8wORCnh1aiPvd4TaWdMib,2014-01-21,2018-10-25
P-2c743ca1,GhostSerpent518,1776,15FDB73B479B23FDE7D6358D4320BB0683D4295E,12tnxyc49X4d8wORCnh1aiPvd4TaWdMib,2015-09-06,2019-07-27
P-19492ddb,FrostOrbit803,agora,665308F7B0FFF626755A7E8F80C279710FD31E41,1atg0c38rWNKaqgUROsb4U2datV69TBPh,2016-11-15,2020-10-17
P-efaeb7bb,FrostOrbit803,evolution,665308F7B0FFF626755A7E8F80C279710FD31E41,1atg0c38rWNKaqgUROsb4U2datV69TBPh,2015-12-08,2021-03-09
P-bb6ec096,FrostOrbit803,silkroad2,665308F7B0FFF626755A7E8F80C279710FD31E41,1atg0c38rWNKaqgUROsb4U2datV69TBPh,2013-09-13,2019-12-07
P-e18f4c60,FrostOrbit803,1776,665308F7B0FFF626755A7E8F80C279710FD31E41,1atg0c38rWNKaqgUROsb4U2datV69TBPh,2017-10-02,2020-07-06
P-b80098f8,SilentFang247,agora,B5BEB4E2E161A97E602B0C5F7D04FFC4DE58873A,1aXPlwN02ZOhJY1qgcu8oPCYHQr7AtAuM,2017-10-27,2018-12-15
P-a90819dc,SilentFang247,evolution,B5BEB4E2E161A97E602B0C5F7D04FFC4DE58873A,1aXPlwN02ZOhJY1qgcu8oPCYHQr7AtAuM,2016-06-21,2021-07-06
P-47b9e6d2,SilentFang247,nucleus,B5BEB4E2E161A97E602B0C5F7D04FFC4DE58873A,1aXPlwN02ZOhJY1qgcu8oPCYHQr7AtAuM,2013-06-21,2021-04-09
P-8200a2d7,SilentFang247,torrez,B5BEB4E2E161A97E602B0C5F7D04FFC4DE58873A,1aXPlwN02ZOhJY1qgcu8oPCYHQr7AtAuM,2014-02-03,2021-10-25
P-d9605ead,SilentFang247,hansa,B5BEB4E2E161A97E602B0C5F7D04FFC4DE58873A,1aXPlwN02ZOhJY1qgcu8oPCYHQr7AtAuM,2016-01-08,2021-03-18
P-20a3a173,HexRonin687,abraxas,491BCD7F0AFBF5B78FB38D0FB46A8414A7CC2729,1eLePhMn2tJ1JkoPW4lOZ5uJ9epx6FXe7,2013-02-07,2018-05-07
P-158522c5,HexRonin687,agora,491BCD7F0AFBF5B78FB38D0FB46A8414A7CC2729,1eLePhMn2tJ1JkoPW4lOZ5uJ9epx6FXe7,2017-04-21,2018-04-09
P-8231aa3f,HexRonin687,evolution,491BCD7F0AFBF5B78FB38D0FB46A8414A7CC2729,1eLePhMn2tJ1JkoPW4lOZ5uJ9epx6FXe7,2013-10-19,2018-10-26
P-c46aa5cd,HexRonin687,hansa,491BCD7F0AFBF5B78FB38D0FB46A8414A7CC2729,1eLePhMn2tJ1JkoPW4lOZ5uJ9epx6FXe7,2017-01-02,2021-02-10
P-a9dab1dc,HexRonin687,cannahome,491BCD7F0AFBF5B78FB38D0FB46A8414A7CC2729,1eLePhMn2tJ1JkoPW4lOZ5uJ9epx6FXe7,2014-06-25,2021-07-17
P-bafc6bed,GrimWraith954,evolution,52C29BCD5C701E9B26E4A1F158E72B86B1B2C8AE,1hbrAW4UkjcXxseNricchEqFeWu0FfBIW,2014-06-25,2021-12-12
P-29d9c0db,GrimWraith954,outlaw_market,52C29BCD5C701E9B26E4A1F158E72B86B1B2C8AE,1hbrAW4UkjcXxseNricchEqFeWu0FfBIW,2014-12-22,2018-06-14
P-4ad60579,GrimWraith954,silkroad2,52C29BCD5C701E9B26E4A1F158E72B86B1B2C8AE,1hbrAW4UkjcXxseNricchEqFeWu0FfBIW,2017-02-17,2019-01-19
P-654150a9,GrimWraith954,empire,52C29BCD5C701E9B26E4A1F158E72B86B1B2C8AE,1hbrAW4UkjcXxseNricchEqFeWu0FfBIW,2017-08-19,2019-05-06
P-511d061c,GhostPulse95,agora,42E31E2B3CA60A2C999ECBD8F597616F55283EC1,10l5lFILzwO632Sq2sacEn04Dq9uSIW8D,2014-11-15,2018-11-03
P-a78e73d7,GhostPulse95,evolution,42E31E2B3CA60A2C999ECBD8F597616F55283EC1,10l5lFILzwO632Sq2sacEn04Dq9uSIW8D,2014-04-26,2019-12-06
P-a5229d4f,GhostPulse95,nucleus,42E31E2B3CA60A2C999ECBD8F597616F55283EC1,10l5lFILzwO632Sq2sacEn04Dq9uSIW8D,2017-09-24,2020-08-26
P-bb401f24,GhostPulse95,dark0de,42E31E2B3CA60A2C999ECBD8F597616F55283EC1,10l5lFILzwO632Sq2sacEn04Dq9uSIW8D,2015-06-10,2021-10-28
P-ecadb3c2,GhostPulse95,hansa,42E31E2B3CA60A2C999ECBD8F597616F55283EC1,10l5lFILzwO632Sq2sacEn04Dq9uSIW8D,2017-01-23,2022-04-07
P-0d9ebce1,CyberCipher18,abraxas,3B69E3FB892E24B85ACD687A6117D5036CB25C42,12DPX5hRVRM5fZAkbp54cH2YoV8ocsbAQ,2017-10-03,2019-10-21
P-0d95af61,CyberCipher18,agora,3B69E3FB892E24B85ACD687A6117D5036CB25C42,12DPX5hRVRM5fZAkbp54cH2YoV8ocsbAQ,2016-02-26,2018-03-25
P-41602bfa,CyberCipher18,evolution,3B69E3FB892E24B85ACD687A6117D5036CB25C42,12DPX5hRVRM5fZAkbp54cH2YoV8ocsbAQ,2015-09-28,2018-08-04
P-40c186a5,ObsidianByte35,agora,F833F193D2B24FA6C87FBE84319E43C1CB8B73A2,1DZPWEQKaZAZcdpvdFTdaqLF4WvTFKZhY,2016-06-06,2020-03-03
P-b4b0b809,ObsidianByte35,evolution,F833F193D2B24FA6C87FBE84319E43C1CB8B73A2,1DZPWEQKaZAZcdpvdFTdaqLF4WvTFKZhY,2015-10-12,2020-02-03
P-398bdec6,ObsidianByte35,silkroad2,F833F193D2B24FA6C87FBE84319E43C1CB8B73A2,1DZPWEQKaZAZcdpvdFTdaqLF4WvTFKZhY,2014-12-25,2021-05-16
P-f51dd0a3,ObsidianByte35,themarketplace,F833F193D2B24FA6C87FBE84319E43C1CB8B73A2,1DZPWEQKaZAZcdpvdFTdaqLF4WvTFKZhY,2016-08-21,2020-02-19
P-a393cce8,ShadowPulse62,agora,E283502B51B1FFA6542232ACCFE0DEC104554BC7,1CB5GZFa7Pl3bwttoYV9QG9HAJthm2eXH,2016-01-12,2020-07-14
P-ded4b57b,ShadowPulse62,evolution,E283502B51B1FFA6542232ACCFE0DEC104554BC7,1CB5GZFa7Pl3bwttoYV9QG9HAJthm2eXH,2017-11-05,2021-06-17
P-8acab55d,ShadowPulse62,silkroad2,E283502B51B1FFA6542232ACCFE0DEC104554BC7,1CB5GZFa7Pl3bwttoYV9QG9HAJthm2eXH,2017-06-12,2018-11-14
P-2e199fee,GrimTrader608,agora,98F9E9FCAB6D8DFDA01385E35AEBA04C41DE9EB4,1xc9JzQbAKaBVVdJzL58K73lU0hg93CvX,2017-08-09,2018-10-21
P-9a3053bb,GrimTrader608,evolution,98F9E9FCAB6D8DFDA01385E35AEBA04C41DE9EB4,1xc9JzQbAKaBVVdJzL58K73lU0hg93CvX,2013-12-26,2019-12-27
P-c3e17855,GrimTrader608,nucleus,98F9E9FCAB6D8DFDA01385E35AEBA04C41DE9EB4,1xc9JzQbAKaBVVdJzL58K73lU0hg93CvX,2017-01-05,2018-05-13
P-972ecc1c,GrimTrader608,wall_street,98F9E9FCAB6D8DFDA01385E35AEBA04C41DE9EB4,1xc9JzQbAKaBVVdJzL58K73lU0hg93CvX,2015-10-13,2019-04-13
P-3c037beb,RogueFox54,agora,6D5C54230135D642DE870F163D3F3F873B615942,1xssG8dCYYRLqmNClgIns75TrnKh62xo4,2016-11-03,2020-08-15
P-00fbac73,RogueFox54,evolution,6D5C54230135D642DE870F163D3F3F873B615942,1xssG8dCYYRLqmNClgIns75TrnKh62xo4,2017-08-04,2018-03-24
P-7d81883f,RogueFox54,silkroad2,6D5C54230135D642DE870F163D3F3F873B615942,1xssG8dCYYRLqmNClgIns75TrnKh62xo4,2013-07-25,2021-04-13
P-51a25c2d,ScarletSerpent839,abraxas,D6B36F5D62074D1F17616326C619E6685A4C31B2,1xjwyb50ZUudxU1zrnr5xrLPZE32RiOqM,2015-02-11,2020-10-16
P-41f5d294,ScarletSerpent839,agora,D6B36F5D62074D1F17616326C619E6685A4C31B2,1xjwyb50ZUudxU1zrnr5xrLPZE32RiOqM,2014-12-24,2021-02-09
P-953d22f6,ScarletSerpent839,evolution,D6B36F5D62074D1F17616326C619E6685A4C31B2,1xjwyb50ZUudxU1zrnr5xrLPZE32RiOqM,2016-01-18,2019-08-05
P-4f09b3ce,ScarletSerpent839,darkfox,D6B36F5D62074D1F17616326C619E6685A4C31B2,1xjwyb50ZUudxU1zrnr5xrLPZE32RiOqM,2015-06-19,2019-10-25
P-9f7dd67e,ChaosDragon559,agora,CC7C0F3C3762725E7F0E7201BDF4C97B61473A09,1v5Y2sAysy66nVITjiCDiVjL86UZyOfFv,2016-01-26,2020-07-16
P-1c8889c5,ChaosDragon559,evolution,CC7C0F3C3762725E7F0E7201BDF4C97B61473A09,1v5Y2sAysy66nVITjiCDiVjL86UZyOfFv,2014-01-07,2018-11-14
P-12c5393d,ChaosDragon559,silkroad2,CC7C0F3C3762725E7F0E7201BDF4C97B61473A09,1v5Y2sAysy66nVITjiCDiVjL86UZyOfFv,2015-05-21,2019-02-05
P-8f12f53e,ChaosDragon559,empire,CC7C0F3C3762725E7F0E7201BDF4C97B61473A09,1v5Y2sAysy66nVITjiCDiVjL86UZyOfFv,2014-05-13,2019-05-28
P-e54749d8,BlazeFang143,abraxas,8B6FAE13B8474B9053C0F0C8F5240F9E314BDC48,1lgePRCPCVkQmvBfgQh2vjGQKYakcqVbO,2016-07-17,2019-11-09
P-e5f1cd89,BlazeFang143,agora,8B6FAE13B8474B9053C0F0C8F5240F9E314BDC48,1lgePRCPCVkQmvBfgQh2vjGQKYakcqVbO,2014-01-03,2021-06-25
P-265ce36e,BlazeFang143,evolution,8B6FAE13B8474B9053C0F0C8F5240F9E314BDC48,1lgePRCPCVkQmvBfgQh2vjGQKYakcqVbO,2015-03-07,2020-07-16
P-2716ebfc,BlazeFang143,cannazon,8B6FAE13B8474B9053C0F0C8F5240F9E314BDC48,1lgePRCPCVkQmvBfgQh2vjGQKYakcqVbO,2017-09-23,2020-12-14
P-275beda0,AshenWolf832,abraxas,FF248F906D92C405A66D8ABA62E259A203BD7F87,1ipquUGavZXQJmZkZMDgBnclr7YXrIqKK,2015-12-19,2021-01-18
P-4a9e4755,AshenWolf832,agora,FF248F906D92C405A66D8ABA62E259A203BD7F87,1ipquUGavZXQJmZkZMDgBnclr7YXrIqKK,2017-04-03,2019-06-22
P-6ec89e0b,AshenWolf832,nucleus,FF248F906D92C405A66D8ABA62E259A203BD7F87,1ipquUGavZXQJmZkZMDgBnclr7YXrIqKK,2015-01-05,2021-03-16
P-da030cfc,AshenWolf832,themarketplace,FF248F906D92C405A66D8ABA62E259A203BD7F87,1ipquUGavZXQJmZkZMDgBnclr7YXrIqKK,2016-02-26,2022-05-17
P-9c1bc517,AshenWolf832,dream_market,FF248F906D92C405A66D8ABA62E259A203BD7F87,1ipquUGavZXQJmZkZMDgBnclr7YXrIqKK,2014-08-27,2020-11-15
P-c0c93382,NoirLotus822,abraxas,E85A78A36C72F99E8C74936A470D19C140528BDA,1EA2OCP5qP6SukIbxwbiHdwjDoCaWzrcU,2017-02-02,2019-12-07
P-617e3229,NoirLotus822,agora,E85A78A36C72F99E8C74936A470D19C140528BDA,1EA2OCP5qP6SukIbxwbiHdwjDoCaWzrcU,2016-12-18,2019-10-13
P-90373a36,NoirLotus822,evolution,E85A78A36C72F99E8C74936A470D19C140528BDA,1EA2OCP5qP6SukIbxwbiHdwjDoCaWzrcU,2014-06-07,2019-11-19
P-b68a46b3,NoirLotus822,themarketplace,E85A78A36C72F99E8C74936A470D19C140528BDA,1EA2OCP5qP6SukIbxwbiHdwjDoCaWzrcU,2014-06-27,2021-01-10
P-e3a2e35e,SilentSpecter948,agora,BABCC2B681CE1A1B5A9FAB3C2B3F6495DEA3D64F,1xJV3pGB5dY9971PjX5rYZMrUVr6Q25CS,2015-09-27,2018-12-16
P-b640ced7,SilentSpecter948,evolution,BABCC2B681CE1A1B5A9FAB3C2B3F6495DEA3D64F,1xJV3pGB5dY9971PjX5rYZMrUVr6Q25CS,2016-07-14,2020-06-27
P-11348c3b,SilentSpecter948,silkroad2,BABCC2B681CE1A1B5A9FAB3C2B3F6495DEA3D64F,1xJV3pGB5dY9971PjX5rYZMrUVr6Q25CS,2017-07-17,2020-02-06
P-09a9dac9,PyroCipher747,agora,A2034065DBA60469794E842FCC6D5A0E36AE9BDF,1Zo0yIT61ji034kORzRzHClHwn2cLYm7P,2016-07-12,2019-09-20
P-aca2b9af,PyroCipher747,evolution,A2034065DBA60469794E842FCC6D5A0E36AE9BDF,1Zo0yIT61ji034kORzRzHClHwn2cLYm7P,2014-09-14,2021-05-28
P-4e988321,PyroCipher747,nucleus,A2034065DBA60469794E842FCC6D5A0E36AE9BDF,1Zo0yIT61ji034kORzRzHClHwn2cLYm7P,2016-11-10,2018-02-26
P-dbdfe56e,ObsidianVenom139,abraxas,F317F54A80FBBA1D722758378C1F33C35F67E0D7,1RbvemuSigr6dgKVA9ejDsROfftxFLLfl,2013-02-21,2018-10-14
P-02ab899a,ObsidianVenom139,agora,F317F54A80FBBA1D722758378C1F33C35F67E0D7,1RbvemuSigr6dgKVA9ejDsROfftxFLLfl,2013-08-24,2018-11-15
P-19c7dd37,ObsidianVenom139,evolution,F317F54A80FBBA1D722758378C1F33C35F67E0D7,1RbvemuSigr6dgKVA9ejDsROfftxFLLfl,2017-10-26,2018-11-10
P-711655af,ObsidianVenom139,empire,F317F54A80FBBA1D722758378C1F33C35F67E0D7,1RbvemuSigr6dgKVA9ejDsROfftxFLLfl,2017-04-08,2022-09-13
P-8a00e62f,StormBroker206,evolution,BB355FCC48D59477627A37151119634F5D427D2D,1qjdwdvhPjP18R3PbMsia0D70OkSqjFZc,2013-04-28,2021-02-12
P-18ce807d,StormBroker206,nucleus,BB355FCC48D59477627A37151119634F5D427D2D,1qjdwdvhPjP18R3PbMsia0D70OkSqjFZc,2016-07-27,2021-01-12
P-8c662eb7,StormBroker206,silkroad2,BB355FCC48D59477627A37151119634F5D427D2D,1qjdwdvhPjP18R3PbMsia0D70OkSqjFZc,2014-09-10,2020-11-09
P-3b13f129,StormBroker206,torrez,BB355FCC48D59477627A37151119634F5D427D2D,1qjdwdvhPjP18R3PbMsia0D70OkSqjFZc,2016-07-22,2020-01-14
P-4a3f5c00,StormBroker206,darkfox,BB355FCC48D59477627A37151119634F5D427D2D,1qjdwdvhPjP18R3PbMsia0D70OkSqjFZc,2014-01-01,2020-06-27
P-11729ff6,JadePulse828,agora,438432720B639C66191F90F64A43583EE764E19E,1eqW7EaXAQ1QC4qSuZIJWtfpUlZozywtU,2017-12-20,2020-06-06
P-ea52f949,JadePulse828,evolution,438432720B639C66191F90F64A43583EE764E19E,1eqW7EaXAQ1QC4qSuZIJWtfpUlZozywtU,2017-07-08,2021-04-20
P-ca7f9b58,JadePulse828,silkroad2,438432720B639C66191F90F64A43583EE764E19E,1eqW7EaXAQ1QC4qSuZIJWtfpUlZozywtU,2016-01-26,2021-03-21
P-c2f50f2d,LunarReaper588,agora,A92EB11FF4C60F0A8127A4E08E340B4667ED7BE0,1QRcLbMQyqKiTfhDrlDlv5z6WI9zPMI1l,2016-12-06,2021-06-17
P-c3752bb5,LunarReaper588,evolution,A92EB11FF4C60F0A8127A4E08E340B4667ED7BE0,1QRcLbMQyqKiTfhDrlDlv5z6WI9zPMI1l,2014-07-08,2018-12-26
P-6540cc20,LunarReaper588,silkroad2,A92EB11FF4C60F0A8127A4E08E340B4667ED7BE0,1QRcLbMQyqKiTfhDrlDlv5z6WI9zPMI1l,2014-09-04,2021-11-09
P-56983c56,CobaltArc527,agora,68E088A4A5472D2ED4E8461D732A44364A0E77F4,1KIOL2Y2iIFqsw6dkmtOOsWSE0m0q1ho8,2017-03-11,2019-02-03
P-36f38fde,CobaltArc527,evolution,68E088A4A5472D2ED4E8461D732A44364A0E77F4,1KIOL2Y2iIFqsw6dkmtOOsWSE0m0q1ho8,2013-07-01,2019-01-20
P-a8841f02,CobaltArc527,silkroad2,68E088A4A5472D2ED4E8461D732A44364A0E77F4,1KIOL2Y2iIFqsw6dkmtOOsWSE0m0q1ho8,2017-02-19,2021-01-24
P-494210fa,OnyxCrypt682,abraxas,3174C93E24A64B6CB07854984F84AFC73ADA3D35,1NDlg42bnEvc2JOMvuxgGf1uOj8dsfHv6,2014-08-21,2020-03-08
P-d5f57cfc,OnyxCrypt682,agora,3174C93E24A64B6CB07854984F84AFC73ADA3D35,1NDlg42bnEvc2JOMvuxgGf1uOj8dsfHv6,2014-05-07,2019-12-25
P-56f40981,OnyxCrypt682,outlaw_market,3174C93E24A64B6CB07854984F84AFC73ADA3D35,1NDlg42bnEvc2JOMvuxgGf1uOj8dsfHv6,2016-05-22,2018-05-03
P-dcbb2a74,OnyxCrypt682,nucleus,3174C93E24A64B6CB07854984F84AFC73ADA3D35,1NDlg42bnEvc2JOMvuxgGf1uOj8dsfHv6,2015-11-01,2019-02-15
P-ca4f7134,OnyxCrypt682,alphabay,3174C93E24A64B6CB07854984F84AFC73ADA3D35,1NDlg42bnEvc2JOMvuxgGf1uOj8dsfHv6,2018-02-04,2020-05-09
P-97fcd6b6,PhantomHunter305,abraxas,E7052E1A9672DC795D3296053D7CE9D301E13E08,1u2AnuTKedyhBZxBwWNLkXe760VAS5oMf,2014-02-03,2021-06-27
P-5d9bedb7,PhantomHunter305,agora,E7052E1A9672DC795D3296053D7CE9D301E13E08,1u2AnuTKedyhBZxBwWNLkXe760VAS5oMf,2014-07-04,2021-01-14
P-5d5f1713,PhantomHunter305,evolution,E7052E1A9672DC795D3296053D7CE9D301E13E08,1u2AnuTKedyhBZxBwWNLkXe760VAS5oMf,2013-08-21,2018-04-22
P-7c18d0dc,IronCipher196,agora,9A985C4472BA7C17FA017DD74A48F48B2F975CF4,1i3L2nR0WWqOO7OwxUFvSPcYDQJx0W9xu,2016-07-11,2021-03-06
P-960f793b,IronCipher196,evolution,9A985C4472BA7C17FA017DD74A48F48B2F975CF4,1i3L2nR0WWqOO7OwxUFvSPcYDQJx0W9xu,2015-01-06,2018-02-11
P-7ce42ba0,IronCipher196,silkroad2,9A985C4472BA7C17FA017DD74A48F48B2F975CF4,1i3L2nR0WWqOO7OwxUFvSPcYDQJx0W9xu,2015-08-20,2018-03-17
P-a930806c,JadeFlux114,agora,2A53EB3DEAA100F3CABF5D91923B91B23B93C61F,1aDKmPRq6FRJqDUcbE7HP6vrGf5JNh7XV,2015-02-07,2018-09-01
P-2385fe80,JadeFlux114,evolution,2A53EB3DEAA100F3CABF5D91923B91B23B93C61F,1aDKmPRq6FRJqDUcbE7HP6vrGf5JNh7XV,2017-09-25,2019-04-28
P-cdf7d93f,JadeFlux114,silkroad2,2A53EB3DEAA100F3CABF5D91923B91B23B93C61F,1aDKmPRq6FRJqDUcbE7HP6vrGf5JNh7XV,2015-02-07,2018-06-05
P-1e86ee8a,VoidRaven583,agora,D77AA52107A77AC16B0AE49B600D7036AE48AA2D,1Y8CLD8wzwLus1ccEZmACis1efqKK7KzL,2014-02-24,2019-05-09
P-15525eda,VoidRaven583,evolution,D77AA52107A77AC16B0AE49B600D7036AE48AA2D,1Y8CLD8wzwLus1ccEZmACis1efqKK7KzL,2016-04-03,2020-12-18
P-7cee3b90,VoidRaven583,nucleus,D77AA52107A77AC16B0AE49B600D7036AE48AA2D,1Y8CLD8wzwLus1ccEZmACis1efqKK7KzL,2015-08-24,2021-07-17
P-0edefbdd,VoidRaven583,outlaw_market,D77AA52107A77AC16B0AE49B600D7036AE48AA2D,1Y8CLD8wzwLus1ccEZmACis1efqKK7KzL,2017-04-09,2020-04-22
P-bf146088,VoidRaven583,world_market,D77AA52107A77AC16B0AE49B600D7036AE48AA2D,1Y8CLD8wzwLus1ccEZmACis1efqKK7KzL,2016-07-04,2021-03-26
P-44353261,BlazeShade981,agora,B763EC7601D6515D2E0129D2C5729BB42154EC0A,1fK6mcRdgPEMjj5sQGW1qK6HSkyvfLsLU,2014-12-16,2021-08-14
P-797f1e08,BlazeShade981,outlaw_market,B763EC7601D6515D2E0129D2C5729BB42154EC0A,1fK6mcRdgPEMjj5sQGW1qK6HSkyvfLsLU,2017-12-09,2020-10-04
P-d65e7f44,BlazeShade981,silkroad2,B763EC7601D6515D2E0129D2C5729BB42154EC0A,1fK6mcRdgPEMjj5sQGW1qK6HSkyvfLsLU,2017-07-14,2019-10-12
P-24020be1,DarkEcho107,agora,31AEA502F91A5FFDBF9D4E80577BC97DE88EE2E4,1SqgwYFXuv7wKj0CsjBg8GbCKbhvU3SKP,2015-11-27,2018-08-06
P-9387d580,DarkEcho107,evolution,31AEA502F91A5FFDBF9D4E80577BC97DE88EE2E4,1SqgwYFXuv7wKj0CsjBg8GbCKbhvU3SKP,2013-09-09,2021-05-20
P-7311afad,DarkEcho107,nucleus,31AEA502F91A5FFDBF9D4E80577BC97DE88EE2E4,1SqgwYFXuv7wKj0CsjBg8GbCKbhvU3SKP,2017-06-13,2018-02-06
P-1319b567,DarkEcho107,hansa,31AEA502F91A5FFDBF9D4E80577BC97DE88EE2E4,1SqgwYFXuv7wKj0CsjBg8GbCKbhvU3SKP,2016-07-26,2020-06-08
P-193d28e5,CobaltSerpent639,agora,8B964BE43C4C4FF888A97460D2BC81EFC865CF70,1vRSmlKIeOdmzFd5hgXFvDllzX5eudpGn,2013-04-22,2020-06-05
P-8498a570,CobaltSerpent639,evolution,8B964BE43C4C4FF888A97460D2BC81EFC865CF70,1vRSmlKIeOdmzFd5hgXFvDllzX5eudpGn,2015-02-01,2020-12-01
P-98d0fa98,CobaltSerpent639,nucleus,8B964BE43C4C4FF888A97460D2BC81EFC865CF70,1vRSmlKIeOdmzFd5hgXFvDllzX5eudpGn,2015-04-15,2020-04-18
P-a7e56438,PyroArc821,agora,A476598B35C86062162645C20862CFF412212C58,1imjPsFLBXnaOO1S6J0GAcdtUlE1EdiJN,2013-07-10,2019-09-07
P-2df7cafb,PyroArc821,evolution,A476598B35C86062162645C20862CFF412212C58,1imjPsFLBXnaOO1S6J0GAcdtUlE1EdiJN,2013-09-09,2018-10-21
P-e98977ec,PyroArc821,silkroad2,A476598B35C86062162645C20862CFF412212C58,1imjPsFLBXnaOO1S6J0GAcdtUlE1EdiJN,2016-11-25,2021-06-27
P-a046b2a1,ZeroTrader985,agora,56E6E5285BC87C0259D1E997DD9109E8299C6781,1a3EP0rwUiFqTLg7R0Ugr8nSFdJ2gts82,2015-04-07,2018-08-16
P-f8df5eb8,ZeroTrader985,evolution,56E6E5285BC87C0259D1E997DD9109E8299C6781,1a3EP0rwUiFqTLg7R0Ugr8nSFdJ2gts82,2013-05-14,2018-02-15
P-5fe1e3d8,ZeroTrader985,silkroad2,56E6E5285BC87C0259D1E997DD9109E8299C6781,1a3EP0rwUiFqTLg7R0Ugr8nSFdJ2gts82,2014-10-11,2021-04-19
P-19bbb059,ZeroTrader985,abraxas,56E6E5285BC87C0259D1E997DD9109E8299C6781,1a3EP0rwUiFqTLg7R0Ugr8nSFdJ2gts82,2014-05-01,2019-08-10
P-71a65af3,ZeroTrader985,cannahome,56E6E5285BC87C0259D1E997DD9109E8299C6781,1a3EP0rwUiFqTLg7R0Ugr8nSFdJ2gts82,2015-07-02,2019-06-21
P-c2e0df5f,IronShade413,abraxas,8D4F3BFA8FAD2AE29A0608BA2F67ABE6BDF666ED,1SptK3KZYDfyCxqycPT8avyDQepHg13lo,2013-02-16,2018-07-24
P-dea29123,IronShade413,agora,8D4F3BFA8FAD2AE29A0608BA2F67ABE6BDF666ED,1SptK3KZYDfyCxqycPT8avyDQepHg13lo,2015-05-11,2020-07-03
P-427b688c,IronShade413,silkroad2,8D4F3BFA8FAD2AE29A0608BA2F67ABE6BDF666ED,1SptK3KZYDfyCxqycPT8avyDQepHg13lo,2017-06-16,2018-07-10
P-a3f7f652,ToxicWolf567,agora,0472B1D6826AA46851C55416FFC3386A8065CEB0,1gJE38HiCpJW3xdvj7H3xvdDuoDUjDbwP,2016-08-28,2018-06-20
P-a729f00f,ToxicWolf567,evolution,0472B1D6826AA46851C55416FFC3386A8065CEB0,1gJE38HiCpJW3xdvj7H3xvdDuoDUjDbwP,2013-01-08,2018-01-05
P-9a1b392d,ToxicWolf567,nucleus,0472B1D6826AA46851C55416FFC3386A8065CEB0,1gJE38HiCpJW3xdvj7H3xvdDuoDUjDbwP,2013-06-28,2021-04-06
P-2c325dc5,StormFox188,agora,23DB630855E19A658BEC6DAEFA8CB578692649FA,1qfJ3cAIOFTwML88rZbpEXfgCpmFCymgW,2013-04-24,2020-09-01
P-7fe818c5,StormFox188,silkroad2,23DB630855E19A658BEC6DAEFA8CB578692649FA,1qfJ3cAIOFTwML88rZbpEXfgCpmFCymgW,2013-05-26,2018-02-02
P-3b0632c4,StormFox188,themarketplace,23DB630855E19A658BEC6DAEFA8CB578692649FA,1qfJ3cAIOFTwML88rZbpEXfgCpmFCymgW,2015-02-09,2020-12-20
P-e25daab0,StormFox188,hydra,23DB630855E19A658BEC6DAEFA8CB578692649FA,1qfJ3cAIOFTwML88rZbpEXfgCpmFCymgW,2017-05-23,2020-03-19
P-7c7c7be5,StormFox188,1776,23DB630855E19A658BEC6DAEFA8CB578692649FA,1qfJ3cAIOFTwML88rZbpEXfgCpmFCymgW,2017-02-05,2021-03-25
P-115abcf6,OnyxPhoenix568,agora,0DD4887C0F819D058A804750AAE594C0A53160A9,1ptLcEfho6O24hzIGogcwXgc3fTePl0JE,2017-07-21,2021-11-04
P-0d536f56,OnyxPhoenix568,evolution,0DD4887C0F819D058A804750AAE594C0A53160A9,1ptLcEfho6O24hzIGogcwXgc3fTePl0JE,2017-09-08,2021-11-16
P-281b984c,OnyxPhoenix568,nucleus,0DD4887C0F819D058A804750AAE594C0A53160A9,1ptLcEfho6O24hzIGogcwXgc3fTePl0JE,2015-06-25,2021-04-03
P-9924e211,StormHunter76,abraxas,29CC5CC974404556DF78895580ACC915E1946A78,1QrMvCD7zSxHXO2vP7Zo4BUYGjdxdFrvn,2015-05-23,2018-06-18
P-9d7ad2e5,StormHunter76,agora,29CC5CC974404556DF78895580ACC915E1946A78,1QrMvCD7zSxHXO2vP7Zo4BUYGjdxdFrvn,2014-11-21,2019-12-03
P-6b640378,StormHunter76,evolution,29CC5CC974404556DF78895580ACC915E1946A78,1QrMvCD7zSxHXO2vP7Zo4BUYGjdxdFrvn,2013-08-02,2019-01-22
P-2b55dc02,ChaosHawk54,agora,3985D808253B9009B4D4A460AA70A2B0E3DF5183,1QixaX7cvrxZdqoUvx5LHmYtwxIsMJtgX,2014-08-27,2021-04-16
P-ab7d8e1c,ChaosHawk54,evolution,3985D808253B9009B4D4A460AA70A2B0E3DF5183,1QixaX7cvrxZdqoUvx5LHmYtwxIsMJtgX,2013-06-07,2020-05-23
P-1c6c1c56,ChaosHawk54,silkroad2,3985D808253B9009B4D4A460AA70A2B0E3DF5183,1QixaX7cvrxZdqoUvx5LHmYtwxIsMJtgX,2016-11-05,2018-03-08
P-32812cd3,EmberSerpent325,agora,BA9758AED2F21998ABB6813AA697581DC0CD38DA,1XsF9ncOHomKLTe3Q0Ve60EoJa1hdBx4Z,2015-07-15,2019-07-07
P-828cc0bc,EmberSerpent325,evolution,BA9758AED2F21998ABB6813AA697581DC0CD38DA,1XsF9ncOHomKLTe3Q0Ve60EoJa1hdBx4Z,2013-05-14,2019-11-10
P-240fda62,EmberSerpent325,nucleus,BA9758AED2F21998ABB6813AA697581DC0CD38DA,1XsF9ncOHomKLTe3Q0Ve60EoJa1hdBx4Z,2017-11-04,2019-08-04
P-a2be6baa,NightTiger936,agora,3C6D8FCBBA40F328BD4FCDE07DFF4133F2A528A8,1InwfZ7eoSh3feEulUHN8H8dZcOstSKO4,2013-04-01,2021-03-09
P-4019da29,NightTiger936,silkroad2,3C6D8FCBBA40F328BD4FCDE07DFF4133F2A528A8,1InwfZ7eoSh3feEulUHN8H8dZcOstSKO4,2013-08-22,2021-06-09
P-c6e334ec,NightTiger936,themarketplace,3C6D8FCBBA40F328BD4FCDE07DFF4133F2A528A8,1InwfZ7eoSh3feEulUHN8H8dZcOstSKO4,2013-09-03,2020-07-07
P-c0c5e68b,NightTiger936,dark0de,3C6D8FCBBA40F328BD4FCDE07DFF4133F2A528A8,1InwfZ7eoSh3feEulUHN8H8dZcOstSKO4,2015-07-17,2022-09-11
P-afa1ebc3,NightTiger936,evolution,3C6D8FCBBA40F328BD4FCDE07DFF4133F2A528A8,1InwfZ7eoSh3feEulUHN8H8dZcOstSKO4,2014-08-09,2021-02-02
P-19b2cd4f,BlazeArc385,abraxas,4B8EC793AD31D5A5F92EC517718986FBE4B23DE9,1oad51hZFpugsLajTl8HtjhP8N7Iwf8Gx,2016-12-14,2019-05-07
P-20426c9d,BlazeArc385,agora,4B8EC793AD31D5A5F92EC517718986FBE4B23DE9,1oad51hZFpugsLajTl8HtjhP8N7Iwf8Gx,2016-03-20,2020-09-20
P-7dbd9fb0,BlazeArc385,nucleus,4B8EC793AD31D5A5F92EC517718986FBE4B23DE9,1oad51hZFpugsLajTl8HtjhP8N7Iwf8Gx,2016-09-14,2018-11-02
P-ccdec047,BlazeArc385,hydra,4B8EC793AD31D5A5F92EC517718986FBE4B23DE9,1oad51hZFpugsLajTl8HtjhP8N7Iwf8Gx,2015-02-08,2019-01-02
P-c8470533,BlazeArc385,torrez,4B8EC793AD31D5A5F92EC517718986FBE4B23DE9,1oad51hZFpugsLajTl8HtjhP8N7Iwf8Gx,2018-05-08,2019-09-04
P-390e89ac,PhantomFlux132,agora,C8E6B5C0FE8CC2FCA7FFA4ACB032D9A399577A0B,1K7yfzws63bSY19eRd6f18frE1Qso447H,2015-04-20,2021-07-13
P-a4290588,PhantomFlux132,evolution,C8E6B5C0FE8CC2FCA7FFA4ACB032D9A399577A0B,1K7yfzws63bSY19eRd6f18frE1Qso447H,2013-04-24,2020-08-07
P-6e02119a,PhantomFlux132,nucleus,C8E6B5C0FE8CC2FCA7FFA4ACB032D9A399577A0B,1K7yfzws63bSY19eRd6f18frE1Qso447H,2014-04-12,2020-12-20
P-4c23df8a,PhantomFlux132,versus,C8E6B5C0FE8CC2FCA7FFA4ACB032D9A399577A0B,1K7yfzws63bSY19eRd6f18frE1Qso447H,2016-12-01,2019-03-17
P-72208ee4,PhantomFlux132,world_market,C8E6B5C0FE8CC2FCA7FFA4ACB032D9A399577A0B,1K7yfzws63bSY19eRd6f18frE1Qso447H,2018-08-24,2021-12-08
P-fb807eee,LunarReaper405,abraxas,1A056B19984B5B6A35AEDE0864BC10ADEC6DFC5E,1QwGpQYVryBPOh2gFcOW6shMXsYb4xN0y,2014-06-22,2018-03-06
P-7330410c,LunarReaper405,evolution,1A056B19984B5B6A35AEDE0864BC10ADEC6DFC5E,1QwGpQYVryBPOh2gFcOW6shMXsYb4xN0y,2015-08-05,2018-11-16
P-06c0a0b5,LunarReaper405,nucleus,1A056B19984B5B6A35AEDE0864BC10ADEC6DFC5E,1QwGpQYVryBPOh2gFcOW6shMXsYb4xN0y,2016-06-01,2019-05-03
P-d3692190,CyberRaven671,abraxas,EEFC31C39A3AEBF7B641BCD67D82455EC75F1F06,13iK8HN9bHxwVlQjTFGeRjT39mIfaBhdE,2014-11-25,2018-10-12
P-e25ed659,CyberRaven671,agora,EEFC31C39A3AEBF7B641BCD67D82455EC75F1F06,13iK8HN9bHxwVlQjTFGeRjT39mIfaBhdE,2016-10-01,2021-04-16
P-7ddc9f34,CyberRaven671,outlaw_market,EEFC31C39A3AEBF7B641BCD67D82455EC75F1F06,13iK8HN9bHxwVlQjTFGeRjT39mIfaBhdE,2013-01-27,2018-10-22
P-6da67092,CyberRaven671,darkfox,EEFC31C39A3AEBF7B641BCD67D82455EC75F1F06,13iK8HN9bHxwVlQjTFGeRjT39mIfaBhdE,2016-04-17,2020-03-25
P-61c3a29c,CyberRaven671,hansa,EEFC31C39A3AEBF7B641BCD67D82455EC75F1F06,13iK8HN9bHxwVlQjTFGeRjT39mIfaBhdE,2014-02-10,2021-08-16
P-f20b4f38,AshenArc682,abraxas,31E89F00C90EF16A50BDD0D2A2DF53A13E62D110,1dB8EoC6dSvQ9DgYQVTN0f4nyHRIuhYYC,2015-09-09,2021-05-12
P-76fbeaa5,AshenArc682,agora,31E89F00C90EF16A50BDD0D2A2DF53A13E62D110,1dB8EoC6dSvQ9DgYQVTN0f4nyHRIuhYYC,2016-01-27,2020-05-23
P-d06af2e3,AshenArc682,evolution,31E89F00C90EF16A50BDD0D2A2DF53A13E62D110,1dB8EoC6dSvQ9DgYQVTN0f4nyHRIuhYYC,2015-09-25,2021-02-09
P-48aa4d79,AshenArc682,cannahome,31E89F00C90EF16A50BDD0D2A2DF53A13E62D110,1dB8EoC6dSvQ9DgYQVTN0f4nyHRIuhYYC,2018-12-21,2019-03-14
P-4f6f1948,PhantomShade549,agora,54A67B319235D5AF2BA2B9FE29880CD163E22E18,13ZijUcnqqBOFou5OvAf0MrmTnENeEZae,2014-11-05,2020-08-01
P-487f319e,PhantomShade549,evolution,54A67B319235D5AF2BA2B9FE29880CD163E22E18,13ZijUcnqqBOFou5OvAf0MrmTnENeEZae,2014-10-24,2021-06-07
P-eff7a161,PhantomShade549,outlaw_market,54A67B319235D5AF2BA2B9FE29880CD163E22E18,13ZijUcnqqBOFou5OvAf0MrmTnENeEZae,2013-04-13,2018-05-21
P-99af2687,JadeRaven594,agora,28EE59CB73797B514962158F9DC3EFF834D77494,1hvW4Lm9G1JWBazjTE7h7skPbwAUnlU5E,2017-08-17,2019-05-22
P-fd394ddb,JadeRaven594,evolution,28EE59CB73797B514962158F9DC3EFF834D77494,1hvW4Lm9G1JWBazjTE7h7skPbwAUnlU5E,2015-06-13,2021-05-10
P-1de44c91,JadeRaven594,nucleus,28EE59CB73797B514962158F9DC3EFF834D77494,1hvW4Lm9G1JWBazjTE7h7skPbwAUnlU5E,2014-01-19,2020-10-04
P-acca04be,JadeRaven594,dream_market,28EE59CB73797B514962158F9DC3EFF834D77494,1hvW4Lm9G1JWBazjTE7h7skPbwAUnlU5E,2017-08-19,2021-05-04
P-7192595a,JadeRaven594,world_market,28EE59CB73797B514962158F9DC3EFF834D77494,1hvW4Lm9G1JWBazjTE7h7skPbwAUnlU5E,2014-08-22,2020-08-22
P-c926bca7,GrimOrbit250,agora,2556F43FE7F22D5F2C7930A30ECF410E0D38F027,1CDL7rI0dqjBohtZpspHWpHCvVGsS9o2Z,2014-09-10,2019-05-16
P-1762283a,GrimOrbit250,evolution,2556F43FE7F22D5F2C7930A30ECF410E0D38F027,1CDL7rI0dqjBohtZpspHWpHCvVGsS9o2Z,2015-02-26,2020-01-15
P-5667f422,GrimOrbit250,silkroad2,2556F43FE7F22D5F2C7930A30ECF410E0D38F027,1CDL7rI0dqjBohtZpspHWpHCvVGsS9o2Z,2013-04-10,2018-01-16
P-8f6704f0,ChaosEcho168,agora,48164D036CC700DA9AA17C10903155543D014F4E,1PF7DiF7grwFI0tGelqxkVAnl4jkcDRBk,2015-01-14,2020-11-27
P-ce4ddf3e,ChaosEcho168,evolution,48164D036CC700DA9AA17C10903155543D014F4E,1PF7DiF7grwFI0tGelqxkVAnl4jkcDRBk,2013-01-09,2019-06-10
P-22db6375,ChaosEcho168,silkroad2,48164D036CC700DA9AA17C10903155543D014F4E,1PF7DiF7grwFI0tGelqxkVAnl4jkcDRBk,2017-11-25,2019-02-23
P-d55bb40b,ChaosEcho168,dream_market,48164D036CC700DA9AA17C10903155543D014F4E,1PF7DiF7grwFI0tGelqxkVAnl4jkcDRBk,2016-03-24,2020-07-19
P-ea92b685,LunarCipher264,agora,950E5C6D49DCAAA3F6085941DC6ACD20325C11C1,17hBXbOI48aY4mwgZuQeiUIg2M9DRKMcZ,2013-05-08,2018-08-12
P-4185a3ce,LunarCipher264,evolution,950E5C6D49DCAAA3F6085941DC6ACD20325C11C1,17hBXbOI48aY4mwgZuQeiUIg2M9DRKMcZ,2014-11-21,2021-07-13
P-1eeb4e34,LunarCipher264,nucleus,950E5C6D49DCAAA3F6085941DC6ACD20325C11C1,17hBXbOI48aY4mwgZuQeiUIg2M9DRKMcZ,2013-05-10,2020-03-19
P-1dfdc457,LunarCipher264,1776,950E5C6D49DCAAA3F6085941DC6ACD20325C11C1,17hBXbOI48aY4mwgZuQeiUIg2M9DRKMcZ,2017-11-11,2020-11-25
P-21176e55,LunarCipher264,berlusconi,950E5C6D49DCAAA3F6085941DC6ACD20325C11C1,17hBXbOI48aY4mwgZuQeiUIg2M9DRKMcZ,2015-05-05,2022-09-07
P-83097648,EmberSpecter534,agora,FDD2A520F83ABA4C69BE2BEBFAEC8FE4B4907055,1gu14KJ1YSyosUp1xznRiJWy21lhPf09x,2015-05-03,2020-10-21
P-0ac52a59,EmberSpecter534,evolution,FDD2A520F83ABA4C69BE2BEBFAEC8FE4B4907055,1gu14KJ1YSyosUp1xznRiJWy21lhPf09x,2016-09-06,2021-07-04
P-c27b4718,EmberSpecter534,themarketplace,FDD2A520F83ABA4C69BE2BEBFAEC8FE4B4907055,1gu14KJ1YSyosUp1xznRiJWy21lhPf09x,2014-09-15,2020-09-22
P-cb8e160b,AzureTiger152,abraxas,469193D40FA49A28537FFCEDBB2937963D71BED6,14dKOcanRiYjIpn7NK0JnYWVGmS9ZHzzp,2015-08-12,2021-08-14
P-076e5b48,AzureTiger152,agora,469193D40FA49A28537FFCEDBB2937963D71BED6,14dKOcanRiYjIpn7NK0JnYWVGmS9ZHzzp,2016-08-01,2018-07-03
P-208870ea,AzureTiger152,evolution,469193D40FA49A28537FFCEDBB2937963D71BED6,14dKOcanRiYjIpn7NK0JnYWVGmS9ZHzzp,2014-10-10,2019-10-17
P-45db1d1e,AzureTiger152,alphabay,469193D40FA49A28537FFCEDBB2937963D71BED6,14dKOcanRiYjIpn7NK0JnYWVGmS9ZHzzp,2016-03-20,2021-01-25
P-ee7fbee2,AzureTiger152,empire,469193D40FA49A28537FFCEDBB2937963D71BED6,14dKOcanRiYjIpn7NK0JnYWVGmS9ZHzzp,2017-03-13,2019-08-26
P-1bcb1a8c,GhostRaven31,agora,D18B7EC65A5492C903CC1D584A5ED2D6DBF8FF9B,1ATvFHp9BD79e7xUmGRSoKRM6gRE1biPv,2017-08-27,2018-02-02
P-28d986c8,GhostRaven31,evolution,D18B7EC65A5492C903CC1D584A5ED2D6DBF8FF9B,1ATvFHp9BD79e7xUmGRSoKRM6gRE1biPv,2015-11-04,2020-10-04
P-b06c9c2c,GhostRaven31,nucleus,D18B7EC65A5492C903CC1D584A5ED2D6DBF8FF9B,1ATvFHp9BD79e7xUmGRSoKRM6gRE1biPv,2015-10-16,2020-01-04
P-0801fb54,ZeroWolf794,agora,379286289A4B3F573DA7870BC4BFD4B0C723FC64,163UbU6U0MzvJHiY8zYWNYdNL9HsbZR0O,2017-11-17,2018-12-07
P-ba0c818d,ZeroWolf794,evolution,379286289A4B3F573DA7870BC4BFD4B0C723FC64,163UbU6U0MzvJHiY8zYWNYdNL9HsbZR0O,2017-03-18,2021-03-08
P-1b778867,ZeroWolf794,silkroad2,379286289A4B3F573DA7870BC4BFD4B0C723FC64,163UbU6U0MzvJHiY8zYWNYdNL9HsbZR0O,2014-05-21,2020-12-01
P-5f1826f6,ZeroWolf794,world_market,379286289A4B3F573DA7870BC4BFD4B0C723FC64,163UbU6U0MzvJHiY8zYWNYdNL9HsbZR0O,2017-10-23,2020-02-03
P-56d1d4aa,ZeroWolf794,darkfox,379286289A4B3F573DA7870BC4BFD4B0C723FC64,163UbU6U0MzvJHiY8zYWNYdNL9HsbZR0O,2014-03-20,2019-09-04
P-d0fa3736,ScarletPhoenix327,evolution,DCFB140791B778CE60215693277284A793552060,1V1eUIicncwZlXqqfx93Vi1qTDhEYMU6p,2014-04-04,2021-01-27
P-1ff13942,ScarletPhoenix327,outlaw_market,DCFB140791B778CE60215693277284A793552060,1V1eUIicncwZlXqqfx93Vi1qTDhEYMU6p,2017-08-13,2018-02-10
P-b7096fca,ScarletPhoenix327,silkroad2,DCFB140791B778CE60215693277284A793552060,1V1eUIicncwZlXqqfx93Vi1qTDhEYMU6p,2016-08-06,2019-09-09
P-25c94d1c,ShadowRaven141,abraxas,94830EA0B9214203899CDCF3FF203D61D1181676,122Mh4QlB5QWevf52LHklMiDDqxADWGs7,2017-11-15,2018-07-05
P-02b363fe,ShadowRaven141,agora,94830EA0B9214203899CDCF3FF203D61D1181676,122Mh4QlB5QWevf52LHklMiDDqxADWGs7,2013-03-05,2019-03-17
P-91035a59,ShadowRaven141,evolution,94830EA0B9214203899CDCF3FF203D61D1181676,122Mh4QlB5QWevf52LHklMiDDqxADWGs7,2017-04-16,2021-05-10
P-006a74ce,LunarWraith490,agora,0B9053E588F008623E828689B7B9E14B77C3CBD0,17gHgacB5f5Riks21XLSK2rTKIImhUAWL,2013-10-16,2020-11-09
P-3e8064e8,LunarWraith490,nucleus,0B9053E588F008623E828689B7B9E14B77C3CBD0,17gHgacB5f5Riks21XLSK2rTKIImhUAWL,2016-07-23,2018-08-14
P-b783df66,LunarWraith490,outlaw_market,0B9053E588F008623E828689B7B9E14B77C3CBD0,17gHgacB5f5Riks21XLSK2rTKIImhUAWL,2016-03-01,2020-08-04
P-5fee46ff,LunarWraith490,wall_street,0B9053E588F008623E828689B7B9E14B77C3CBD0,17gHgacB5f5Riks21XLSK2rTKIImhUAWL,2018-07-01,2021-01-21
P-19e07bbf,CobaltRaven898,agora,28E910EB0FF96B714EBF4AF345326992D820670B,1faTVmEnpI6oV2zt2I1aSnGDMkqDWC5YR,2017-08-02,2020-03-15
P-1306d309,CobaltRaven898,evolution,28E910EB0FF96B714EBF4AF345326992D820670B,1faTVmEnpI6oV2zt2I1aSnGDMkqDWC5YR,2016-05-01,2019-06-17
P-bf38de91,CobaltRaven898,silkroad2,28E910EB0FF96B714EBF4AF345326992D820670B,1faTVmEnpI6oV2zt2I1aSnGDMkqDWC5YR,2017-04-12,2021-09-03
P-1e310c41,GrimBroker639,abraxas,4EEEF3D5C5AB83EE9BC859DEEB8A89A80DA146E8,10El9qVUQlwk73FRoXLiqXdch1jql4wRp,2014-11-05,2020-11-24
P-6e33495e,GrimBroker639,agora,4EEEF3D5C5AB83EE9BC859DEEB8A89A80DA146E8,10El9qVUQlwk73FRoXLiqXdch1jql4wRp,2017-06-15,2019-05-26
P-91181f06,GrimBroker639,evolution,4EEEF3D5C5AB83EE9BC859DEEB8A89A80DA146E8,10El9qVUQlwk73FRoXLiqXdch1jql4wRp,2015-07-03,2021-07-16
P-ad6036c1,GrimBroker639,alphabay,4EEEF3D5C5AB83EE9BC859DEEB8A89A80DA146E8,10El9qVUQlwk73FRoXLiqXdch1jql4wRp,2018-11-06,2021-03-23
P-94a4b870,ShadowBlade465,agora,B99CC281547DB3FF3E9806A961F877CD9EA5DA99,1NVJ2qeyUtdgPemmTrzIyj29SZ60dcLYE,2015-10-19,2020-10-20
P-8788fc55,ShadowBlade465,evolution,B99CC281547DB3FF3E9806A961F877CD9EA5DA99,1NVJ2qeyUtdgPemmTrzIyj29SZ60dcLYE,2016-02-02,2018-12-06
P-53971916,ShadowBlade465,nucleus,B99CC281547DB3FF3E9806A961F877CD9EA5DA99,1NVJ2qeyUtdgPemmTrzIyj29SZ60dcLYE,2014-02-22,2018-08-22
P-18fc5bcf,GrimLotus831,agora,7E016BF08A7970815DFDC41C64335EEA2951F4FC,1uc27Y5zCRSwSNAbufpmp8uuj2HB0TFsM,2016-06-25,2019-12-26
P-ed002cb3,GrimLotus831,evolution,7E016BF08A7970815DFDC41C64335EEA2951F4FC,1uc27Y5zCRSwSNAbufpmp8uuj2HB0TFsM,2014-02-06,2021-07-03
P-1b192c93,GrimLotus831,outlaw_market,7E016BF08A7970815DFDC41C64335EEA2951F4FC,1uc27Y5zCRSwSNAbufpmp8uuj2HB0TFsM,2013-10-09,2018-01-28
P-fa7d8f90,AzureHawk831,agora,F44EC2349EBDAA2767502E1C7267C57BF1186CA0,1BIpN3qnsWoXcsq0Mx8cYXRBiVScAbhSM,2013-08-25,2020-10-21
P-fbf815af,AzureHawk831,evolution,F44EC2349EBDAA2767502E1C7267C57BF1186CA0,1BIpN3qnsWoXcsq0Mx8cYXRBiVScAbhSM,2013-03-11,2018-12-15
P-c068ad49,AzureHawk831,silkroad2,F44EC2349EBDAA2767502E1C7267C57BF1186CA0,1BIpN3qnsWoXcsq0Mx8cYXRBiVScAbhSM,2016-03-21,2019-04-09
P-43143e6a,AzureHawk831,vice_city,F44EC2349EBDAA2767502E1C7267C57BF1186CA0,1BIpN3qnsWoXcsq0Mx8cYXRBiVScAbhSM,2017-08-22,2021-04-07
P-a8d9c3ff,AzureHawk831,alphabay,F44EC2349EBDAA2767502E1C7267C57BF1186CA0,1BIpN3qnsWoXcsq0Mx8cYXRBiVScAbhSM,2015-07-27,2020-02-19
P-adb3ab88,EmberPulse540,1776,4C094FD00DB375FE4257BC295C6F9FAF520D72EE,1uAArgtVzIQDG5CIjLSYE770upWnzs9HS,2013-11-22,2018-04-02
P-54d31d40,EmberPulse540,agora,4C094FD00DB375FE4257BC295C6F9FAF520D72EE,1uAArgtVzIQDG5CIjLSYE770upWnzs9HS,2014-01-12,2021-10-18
P-f64d024f,EmberPulse540,nucleus,4C094FD00DB375FE4257BC295C6F9FAF520D72EE,1uAArgtVzIQDG5CIjLSYE770upWnzs9HS,2013-06-06,2021-04-27
P-dd049996,EmberPulse540,cannahome,4C094FD00DB375FE4257BC295C6F9FAF520D72EE,1uAArgtVzIQDG5CIjLSYE770upWnzs9HS,2015-10-27,2022-09-12
P-b5f4d214,EmberPulse540,wall_street,4C094FD00DB375FE4257BC295C6F9FAF520D72EE,1uAArgtVzIQDG5CIjLSYE770upWnzs9HS,2016-10-18,2020-02-15
P-213aed28,ToxicReaper72,evolution,6D1B3BBBC8C6D0368A5AD448CD11BACFC87E6200,13Lskwd0gzpIWJBkfqMVsNLSuFoxVFcge,2016-11-13,2018-10-03
P-cb1ad452,ToxicReaper72,nucleus,6D1B3BBBC8C6D0368A5AD448CD11BACFC87E6200,13Lskwd0gzpIWJBkfqMVsNLSuFoxVFcge,2014-09-10,2018-02-16
P-c86fc4f1,ToxicReaper72,silkroad2,6D1B3BBBC8C6D0368A5AD448CD11BACFC87E6200,13Lskwd0gzpIWJBkfqMVsNLSuFoxVFcge,2014-01-20,2020-01-08
P-6a722692,ToxicReaper72,empire,6D1B3BBBC8C6D0368A5AD448CD11BACFC87E6200,13Lskwd0gzpIWJBkfqMVsNLSuFoxVFcge,2016-05-13,2021-02-28
P-aa4061fa,ToxicReaper72,berlusconi,6D1B3BBBC8C6D0368A5AD448CD11BACFC87E6200,13Lskwd0gzpIWJBkfqMVsNLSuFoxVFcge,2015-05-03,2020-09-20
P-ed497f8a,ToxicFox514,agora,0B93F4CF6A085827DFFC9B2D369469E2786ABE23,14pkmE3zedYQq09fLmKhoEf47uixLiyLm,2017-05-13,2018-09-23
P-c7045c40,ToxicFox514,evolution,0B93F4CF6A085827DFFC9B2D369469E2786ABE23,14pkmE3zedYQq09fLmKhoEf47uixLiyLm,2013-10-16,2020-11-01
P-ed576d06,ToxicFox514,outlaw_market,0B93F4CF6A085827DFFC9B2D369469E2786ABE23,14pkmE3zedYQq09fLmKhoEf47uixLiyLm,2013-06-14,2020-04-11
P-4bb71b11,ViperCipher39,agora,71E96E048A97F4318AB4533D98ACFF3712628F09,1HDXR3Zb2ikxL5fglCPsKjCteYMuXCffZ,2013-03-07,2020-11-02
P-7649197d,ViperCipher39,evolution,71E96E048A97F4318AB4533D98ACFF3712628F09,1HDXR3Zb2ikxL5fglCPsKjCteYMuXCffZ,2014-08-03,2018-06-03
P-36354a25,ViperCipher39,silkroad2,71E96E048A97F4318AB4533D98ACFF3712628F09,1HDXR3Zb2ikxL5fglCPsKjCteYMuXCffZ,2016-10-24,2018-09-16
P-fa2170ae,SilentHawk975,agora,7B1E4309EBFBF0F016EAE546D2950856005CB270,1QHHeToaeM8ib67GBbQx9K5sgdSvxDAvx,2014-05-24,2018-02-02
P-bf93d686,SilentHawk975,evolution,7B1E4309EBFBF0F016EAE546D2950856005CB270,1QHHeToaeM8ib67GBbQx9K5sgdSvxDAvx,2016-09-08,2020-07-16
P-7d3b4546,SilentHawk975,nucleus,7B1E4309EBFBF0F016EAE546D2950856005CB270,1QHHeToaeM8ib67GBbQx9K5sgdSvxDAvx,2015-04-01,2018-01-25
P-fa46eff8,SilentHawk975,darkfox,7B1E4309EBFBF0F016EAE546D2950856005CB270,1QHHeToaeM8ib67GBbQx9K5sgdSvxDAvx,2015-09-20,2022-11-22
P-6b479c05,SilentHawk975,versus,7B1E4309EBFBF0F016EAE546D2950856005CB270,1QHHeToaeM8ib67GBbQx9K5sgdSvxDAvx,2014-09-16,2019-07-25
P-9d139682,EmberWolf789,abraxas,DE67048B35DF951B3248ADF4BF7257C9D63FF263,12haP3qeopmfXWeuSNlkJ9gRlhAwlGnpZ,2016-12-05,2021-12-14
P-acc9a769,EmberWolf789,agora,DE67048B35DF951B3248ADF4BF7257C9D63FF263,12haP3qeopmfXWeuSNlkJ9gRlhAwlGnpZ,2017-03-04,2021-02-20
P-84fde374,EmberWolf789,evolution,DE67048B35DF951B3248ADF4BF7257C9D63FF263,12haP3qeopmfXWeuSNlkJ9gRlhAwlGnpZ,2015-06-07,2020-07-02
P-75cad834,EmberWolf789,wall_street,DE67048B35DF951B3248ADF4BF7257C9D63FF263,12haP3qeopmfXWeuSNlkJ9gRlhAwlGnpZ,2015-04-03,2019-04-14
P-08e9af7b,CobaltReaper539,agora,6552DF7C5C4F3D9F190A1F2A7CB14839C90BF7B9,1zgMIx26jBaHohJCzc72kgKRf6eeKdMw3,2017-10-02,2018-12-08
P-be69d1f2,CobaltReaper539,evolution,6552DF7C5C4F3D9F190A1F2A7CB14839C90BF7B9,1zgMIx26jBaHohJCzc72kgKRf6eeKdMw3,2013-02-02,2019-08-06
P-80601c63,CobaltReaper539,nucleus,6552DF7C5C4F3D9F190A1F2A7CB14839C90BF7B9,1zgMIx26jBaHohJCzc72kgKRf6eeKdMw3,2015-01-11,2020-10-21
P-69dd79ec,CobaltReaper539,hansa,6552DF7C5C4F3D9F190A1F2A7CB14839C90BF7B9,1zgMIx26jBaHohJCzc72kgKRf6eeKdMw3,2015-05-05,2022-08-22
P-528706a7,CobaltReaper539,darkfox,6552DF7C5C4F3D9F190A1F2A7CB14839C90BF7B9,1zgMIx26jBaHohJCzc72kgKRf6eeKdMw3,2014-11-03,2019-05-18
P-8897987c,IronOrbit647,abraxas,2AEB76487C8600445D951E4259E951BDC2CD2625,1NZxpAJCr1cQ5GOjQ8Hh4vwF4LvegfUIs,2014-08-23,2020-04-15
P-287c64c2,IronOrbit647,agora,2AEB76487C8600445D951E4259E951BDC2CD2625,1NZxpAJCr1cQ5GOjQ8Hh4vwF4LvegfUIs,2015-06-25,2020-11-08
P-cbcf16ad,IronOrbit647,evolution,2AEB76487C8600445D951E4259E951BDC2CD2625,1NZxpAJCr1cQ5GOjQ8Hh4vwF4LvegfUIs,2017-05-11,2018-01-12
P-74bb5c39,EmberByte95,agora,249F7B737BB803E67E3840C36F78B665CB0016A2,1gnShquUbNGElDKTaktBq42e5W4VFBU5a,2016-12-20,2021-05-03
P-05da85b4,EmberByte95,outlaw_market,249F7B737BB803E67E3840C36F78B665CB0016A2,1gnShquUbNGElDKTaktBq42e5W4VFBU5a,2014-03-27,2019-05-24
P-c67611aa,EmberByte95,silkroad2,249F7B737BB803E67E3840C36F78B665CB0016A2,1gnShquUbNGElDKTaktBq42e5W4VFBU5a,2017-04-04,2020-12-27
P-92bf89f5,EmberByte95,hydra,249F7B737BB803E67E3840C36F78B665CB0016A2,1gnShquUbNGElDKTaktBq42e5W4VFBU5a,2015-01-08,2022-11-25
P-b89c0397,GrimHawk108,1776,D948D02DCE9A2FA3A319418F741C1AD2232E24FD,1cvr49kpR7cHzOCWtnOyTg5FYwr1LMlci,2016-02-01,2021-01-09
P-db6031ce,GrimHawk108,agora,D948D02DCE9A2FA3A319418F741C1AD2232E24FD,1cvr49kpR7cHzOCWtnOyTg5FYwr1LMlci,2015-10-13,2020-02-02
P-bdc1f708,GrimHawk108,outlaw_market,D948D02DCE9A2FA3A319418F741C1AD2232E24FD,1cvr49kpR7cHzOCWtnOyTg5FYwr1LMlci,2015-10-13,2021-01-28
P-5cc9b02d,GrimHawk108,silkroad2,D948D02DCE9A2FA3A319418F741C1AD2232E24FD,1cvr49kpR7cHzOCWtnOyTg5FYwr1LMlci,2017-07-15,2019-04-07
P-2ee2508a,NoirFang273,agora,F260CEF76A44F1CCA9BDB9A373B4C0183295710A,1tbZirOFsmn3B0hSmgeKdQ4OFrZey7Ii0,2016-03-22,2021-09-02
P-44db6a2b,NoirFang273,evolution,F260CEF76A44F1CCA9BDB9A373B4C0183295710A,1tbZirOFsmn3B0hSmgeKdQ4OFrZey7Ii0,2015-01-18,2020-01-20
P-09eb834a,NoirFang273,nucleus,F260CEF76A44F1CCA9BDB9A373B4C0183295710A,1tbZirOFsmn3B0hSmgeKdQ4OFrZey7Ii0,2015-05-26,2019-01-11
P-60449715,OnyxNexus357,evolution,A5C367590A06D44A8A8E0BA80F3F5A16D05A302A,1T6YWwwunT5RszNqOfvmObwLRjHMtIdkg,2017-07-28,2021-12-24
P-f518b282,OnyxNexus357,nucleus,A5C367590A06D44A8A8E0BA80F3F5A16D05A302A,1T6YWwwunT5RszNqOfvmObwLRjHMtIdkg,2013-02-18,2021-12-22
P-5a0d22d1,OnyxNexus357,silkroad2,A5C367590A06D44A8A8E0BA80F3F5A16D05A302A,1T6YWwwunT5RszNqOfvmObwLRjHMtIdkg,2015-09-15,2021-10-24
P-8906109d,OnyxNexus357,hansa,A5C367590A06D44A8A8E0BA80F3F5A16D05A302A,1T6YWwwunT5RszNqOfvmObwLRjHMtIdkg,2018-09-09,2020-07-15
P-9097b36e,SilentSpecter695,evolution,5EFCC1A6A36426510B2F5C358E83E14CEC9D69CB,10tYZDZqBApRTgw2xDejFJnm6yZUfheBE,2014-03-01,2020-11-09
P-77abc7e2,SilentSpecter695,nucleus,5EFCC1A6A36426510B2F5C358E83E14CEC9D69CB,10tYZDZqBApRTgw2xDejFJnm6yZUfheBE,2013-04-25,2020-06-19
P-b6931bf2,SilentSpecter695,outlaw_market,5EFCC1A6A36426510B2F5C358E83E14CEC9D69CB,10tYZDZqBApRTgw2xDejFJnm6yZUfheBE,2016-01-20,2020-06-09
P-ed0034b4,SilentSpecter695,versus,5EFCC1A6A36426510B2F5C358E83E14CEC9D69CB,10tYZDZqBApRTgw2xDejFJnm6yZUfheBE,2016-11-26,2019-02-10
P-efcb8143,StormPulse885,evolution,C73D7514360E017D436D9FB188FA6BD5F43EE7AB,1YzK6q0dASE3OnGOxuG1gCUxNK3gomPeX,2017-11-11,2020-03-15
P-792f7a4a,StormPulse885,nucleus,C73D7514360E017D436D9FB188FA6BD5F43EE7AB,1YzK6q0dASE3OnGOxuG1gCUxNK3gomPeX,2016-01-15,2018-08-02
P-ca53ccae,StormPulse885,outlaw_market,C73D7514360E017D436D9FB188FA6BD5F43EE7AB,1YzK6q0dASE3OnGOxuG1gCUxNK3gomPeX,2015-08-21,2019-07-02
P-809fafd3,ViperDragon652,abraxas,431D08602F471B0B9C0455AEF786AD01BFE426BE,1tbq7FePcceom0htvB6On5JvioeqWo2ev,2017-02-09,2020-02-15
P-cdc25a85,ViperDragon652,agora,431D08602F471B0B9C0455AEF786AD01BFE426BE,1tbq7FePcceom0htvB6On5JvioeqWo2ev,2014-05-25,2020-05-28
P-dd8a055b,ViperDragon652,evolution,431D08602F471B0B9C0455AEF786AD01BFE426BE,1tbq7FePcceom0htvB6On5JvioeqWo2ev,2016-03-08,2019-03-28
P-b0c9e533,ViperDragon652,themarketplace,431D08602F471B0B9C0455AEF786AD01BFE426BE,1tbq7FePcceom0htvB6On5JvioeqWo2ev,2018-11-02,2020-02-21
P-35ddab5b,ViperDragon652,cannahome,431D08602F471B0B9C0455AEF786AD01BFE426BE,1tbq7FePcceom0htvB6On5JvioeqWo2ev,2014-03-22,2022-10-11
P-4710d609,HexRaven413,agora,D8118EA1A61DCF62F5A2DA26F7EE97AD86D43F08,1gJgQwIIvQRxYBqJgDFThOxDg4135WVOu,2013-09-23,2019-01-23
P-8e5dd308,HexRaven413,nucleus,D8118EA1A61DCF62F5A2DA26F7EE97AD86D43F08,1gJgQwIIvQRxYBqJgDFThOxDg4135WVOu,2015-05-01,2020-09-23
P-f577b2f8,HexRaven413,themarketplace,D8118EA1A61DCF62F5A2DA26F7EE97AD86D43F08,1gJgQwIIvQRxYBqJgDFThOxDg4135WVOu,2013-10-08,2020-02-03
P-90b16e0e,LunarEcho945,agora,8318A2A7BAE1EE4A9B0DD3B2682B55134982BB3D,1tDhaOzvxT0GLfkE29oFIcoNDUQ1ajxGT,2017-08-04,2018-04-07
P-b80353ba,LunarEcho945,evolution,8318A2A7BAE1EE4A9B0DD3B2682B55134982BB3D,1tDhaOzvxT0GLfkE29oFIcoNDUQ1ajxGT,2015-10-12,2021-02-21
P-1269f450,LunarEcho945,nucleus,8318A2A7BAE1EE4A9B0DD3B2682B55134982BB3D,1tDhaOzvxT0GLfkE29oFIcoNDUQ1ajxGT,2016-05-05,2018-06-20
P-6e785710,LunarEcho945,wall_street,8318A2A7BAE1EE4A9B0DD3B2682B55134982BB3D,1tDhaOzvxT0GLfkE29oFIcoNDUQ1ajxGT,2016-06-14,2021-08-10
P-4f895de4,LunarEcho945,outlaw_market,8318A2A7BAE1EE4A9B0DD3B2682B55134982BB3D,1tDhaOzvxT0GLfkE29oFIcoNDUQ1ajxGT,2018-01-06,2021-01-10
P-e5caff6b,GhostCrypt680,agora,961CD1D9C51BD731306C5386FC327F09ADD7C350,1cckoGWKyx37z4RZV4OXnx8fn0eCT7yMd,2014-10-01,2018-10-07
P-b658d82e,GhostCrypt680,evolution,961CD1D9C51BD731306C5386FC327F09ADD7C350,1cckoGWKyx37z4RZV4OXnx8fn0eCT7yMd,2015-09-23,2020-04-13
P-68bfba2e,GhostCrypt680,silkroad2,961CD1D9C51BD731306C5386FC327F09ADD7C350,1cckoGWKyx37z4RZV4OXnx8fn0eCT7yMd,2017-01-22,2019-07-25
P-4d836902,GhostCrypt680,world_market,961CD1D9C51BD731306C5386FC327F09ADD7C350,1cckoGWKyx37z4RZV4OXnx8fn0eCT7yMd,2014-02-08,2022-09-24
P-bad0d374,RogueOrbit321,agora,4D6F2E55A9820980A1F5AA294E93AEE36531AE27,1whMlRnmN6vYLlLrZgR6MlOqrroRgWhAh,2013-09-26,2018-10-16
P-e5692c36,RogueOrbit321,evolution,4D6F2E55A9820980A1F5AA294E93AEE36531AE27,1whMlRnmN6vYLlLrZgR6MlOqrroRgWhAh,2017-09-15,2020-05-07
P-6d1bcc1c,RogueOrbit321,nucleus,4D6F2E55A9820980A1F5AA294E93AEE36531AE27,1whMlRnmN6vYLlLrZgR6MlOqrroRgWhAh,2017-05-08,2020-04-26
P-ac84d0d9,FrostSpecter239,abraxas,73D9F4645253196B22542F1F1927A9CCC868E274,1VHm5jckID0FT8UoreJoioaba2qqDbsbG,2015-04-15,2020-12-04
P-36f160e2,FrostSpecter239,agora,73D9F4645253196B22542F1F1927A9CCC868E274,1VHm5jckID0FT8UoreJoioaba2qqDbsbG,2014-08-24,2021-06-03
P-002e7d6c,FrostSpecter239,nucleus,73D9F4645253196B22542F1F1927A9CCC868E274,1VHm5jckID0FT8UoreJoioaba2qqDbsbG,2015-09-17,2018-06-21
P-a7c33e55,ViperShade439,agora,51C02F04DA9078F0F86AECD78D58E44C4FBDA503,1LJwG5kIx5iyIkYUReSIR2m8yWvAwSsoS,2016-10-08,2021-07-08
P-9c41e11d,ViperShade439,evolution,51C02F04DA9078F0F86AECD78D58E44C4FBDA503,1LJwG5kIx5iyIkYUReSIR2m8yWvAwSsoS,2017-03-18,2019-07-22
P-087abdbb,ViperShade439,outlaw_market,51C02F04DA9078F0F86AECD78D58E44C4FBDA503,1LJwG5kIx5iyIkYUReSIR2m8yWvAwSsoS,2017-11-05,2020-05-11
P-3b0529f8,ViperShade439,wall_street,51C02F04DA9078F0F86AECD78D58E44C4FBDA503,1LJwG5kIx5iyIkYUReSIR2m8yWvAwSsoS,2016-02-03,2022-07-17
P-ac367708,ViperShade439,world_market,51C02F04DA9078F0F86AECD78D58E44C4FBDA503,1LJwG5kIx5iyIkYUReSIR2m8yWvAwSsoS,2015-10-16,2020-03-15
P-7f67c0f3,SilentPulse735,agora,F31EF72BF7200C71CD70EAF4300C46395C95BE05,1hoDis2xABmcBzbJR9NLshOWY4n7mRSJT,2013-03-04,2021-05-25
P-24d384b2,SilentPulse735,evolution,F31EF72BF7200C71CD70EAF4300C46395C95BE05,1hoDis2xABmcBzbJR9NLshOWY4n7mRSJT,2017-12-16,2018-03-28
P-60b8f8ec,SilentPulse735,outlaw_market,F31EF72BF7200C71CD70EAF4300C46395C95BE05,1hoDis2xABmcBzbJR9NLshOWY4n7mRSJT,2013-07-01,2019-02-05
P-1a0c3022,ObsidianBroker945,agora,84F2393672E622B7820DE1A8C990C2ED3CAB5246,1R8k6FHTRzoh2FLBON93Ydx1PJ6zEKQh5,2017-09-13,2021-06-05
P-bdf70577,ObsidianBroker945,evolution,84F2393672E622B7820DE1A8C990C2ED3CAB5246,1R8k6FHTRzoh2FLBON93Ydx1PJ6zEKQh5,2016-12-18,2019-12-10
P-6b915d9e,ObsidianBroker945,silkroad2,84F2393672E622B7820DE1A8C990C2ED3CAB5246,1R8k6FHTRzoh2FLBON93Ydx1PJ6zEKQh5,2013-06-27,2020-10-20
P-92464dbb,GhostNexus857,agora,FC21BE7F46CF712B71B665F7B6027F23D1ACCC27,1TINBZJihL6j0cYwu1sPYAyMf3kypAyrm,2017-02-24,2018-02-24
P-87513f0d,GhostNexus857,outlaw_market,FC21BE7F46CF712B71B665F7B6027F23D1ACCC27,1TINBZJihL6j0cYwu1sPYAyMf3kypAyrm,2015-08-14,2021-12-27
P-bf1a0dcb,GhostNexus857,silkroad2,FC21BE7F46CF712B71B665F7B6027F23D1ACCC27,1TINBZJihL6j0cYwu1sPYAyMf3kypAyrm,2016-05-25,2021-12-05
P-033262ff,BlazeShade722,agora,A8A280E15400A92743A4B5286591358F32ABD8B1,1UeK7FD9sdu3dSbm0kuxtgi0kfO8yZPbn,2014-12-25,2018-03-01
P-e23a4002,BlazeShade722,evolution,A8A280E15400A92743A4B5286591358F32ABD8B1,1UeK7FD9sdu3dSbm0kuxtgi0kfO8yZPbn,2017-10-12,2021-07-11
P-889776a9,BlazeShade722,silkroad2,A8A280E15400A92743A4B5286591358F32ABD8B1,1UeK7FD9sdu3dSbm0kuxtgi0kfO8yZPbn,2016-03-17,2020-02-08
P-bdcec9ca,AzurePhoenix612,agora,EC79A213F00FCC3B4FD7C43A18B3FE9E48CDEAB0,1YcKUkvEtXBRqgM7v9TgquERIfZ9fR8RR,2015-08-11,2018-10-17
P-b5000344,AzurePhoenix612,evolution,EC79A213F00FCC3B4FD7C43A18B3FE9E48CDEAB0,1YcKUkvEtXBRqgM7v9TgquERIfZ9fR8RR,2017-10-17,2021-05-11
P-cbd474ea,AzurePhoenix612,nucleus,EC79A213F00FCC3B4FD7C43A18B3FE9E48CDEAB0,1YcKUkvEtXBRqgM7v9TgquERIfZ9fR8RR,2016-06-25,2019-03-02
P-a3ff8dcd,AzurePhoenix612,versus,EC79A213F00FCC3B4FD7C43A18B3FE9E48CDEAB0,1YcKUkvEtXBRqgM7v9TgquERIfZ9fR8RR,2015-07-17,2021-10-20
P-a1210a53,AzurePhoenix612,abraxas,EC79A213F00FCC3B4FD7C43A18B3FE9E48CDEAB0,1YcKUkvEtXBRqgM7v9TgquERIfZ9fR8RR,2016-02-12,2021-03-04
P-f69cc7f0,ShadowCipher801,agora,2CAA7BB51E0516D72A6205AD11A71B78541E2B30,1zi7qYEzjMOnRXjqhfkpJLoVQSpJDINu9,2015-05-16,2021-04-06
P-343c7fed,ShadowCipher801,evolution,2CAA7BB51E0516D72A6205AD11A71B78541E2B30,1zi7qYEzjMOnRXjqhfkpJLoVQSpJDINu9,2015-05-20,2018-04-22
P-015a4388,ShadowCipher801,silkroad2,2CAA7BB51E0516D72A6205AD11A71B78541E2B30,1zi7qYEzjMOnRXjqhfkpJLoVQSpJDINu9,2015-03-04,2019-09-27
P-d94b4382,ShadowCipher801,versus,2CAA7BB51E0516D72A6205AD11A71B78541E2B30,1zi7qYEzjMOnRXjqhfkpJLoVQSpJDINu9,2018-03-01,2019-09-18
P-1b8de482,HexBlade559,evolution,2073188C3A89C2FDC5AF2E04B28D6B9FC781DE98,13dOrWwua4wao2oqEu7risGcwXMJb9BKv,2014-01-16,2018-06-07
P-d41054b4,HexBlade559,nucleus,2073188C3A89C2FDC5AF2E04B28D6B9FC781DE98,13dOrWwua4wao2oqEu7risGcwXMJb9BKv,2015-10-14,2021-09-05
P-c1eadacf,HexBlade559,outlaw_market,2073188C3A89C2FDC5AF2E04B28D6B9FC781DE98,13dOrWwua4wao2oqEu7risGcwXMJb9BKv,2016-05-04,2018-08-14
P-8d73efbd,ChaosSpecter634,agora,C7A4ADF073179B287516E57D5087B68712A6757C,1bCJeOzPriOJd60YQ4dinZEAbkoVnH3V3,2016-05-03,2019-05-24
P-8fbcd6e9,ChaosSpecter634,evolution,C7A4ADF073179B287516E57D5087B68712A6757C,1bCJeOzPriOJd60YQ4dinZEAbkoVnH3V3,2013-06-26,2018-12-26
P-a5d9fcda,ChaosSpecter634,nucleus,C7A4ADF073179B287516E57D5087B68712A6757C,1bCJeOzPriOJd60YQ4dinZEAbkoVnH3V3,2014-12-03,2020-03-17
P-d58aa58e,ChaosSpecter634,1776,C7A4ADF073179B287516E57D5087B68712A6757C,1bCJeOzPriOJd60YQ4dinZEAbkoVnH3V3,2016-05-15,2019-12-23
P-597261c2,HexRaven382,agora,A1C0D18AEB7A4ADFF009A86D3D7121E766A8D92B,1ttvr1WvVwbG5FqzlcQ0M8WAfin2haVr7,2015-01-14,2018-12-26
P-71031888,HexRaven382,evolution,A1C0D18AEB7A4ADFF009A86D3D7121E766A8D92B,1ttvr1WvVwbG5FqzlcQ0M8WAfin2haVr7,2017-06-07,2018-11-21
P-2a901f89,HexRaven382,silkroad2,A1C0D18AEB7A4ADFF009A86D3D7121E766A8D92B,1ttvr1WvVwbG5FqzlcQ0M8WAfin2haVr7,2013-04-05,2021-04-22
P-b765e8ee,HexRaven382,world_market,A1C0D18AEB7A4ADFF009A86D3D7121E766A8D92B,1ttvr1WvVwbG5FqzlcQ0M8WAfin2haVr7,2015-05-16,2020-08-27
P-9e052798,NoirDrift870,agora,7B82C1E38C52409BBC34662538B7F81EC2BA8E49,1VQ1GOwudG3htRKxPlahAk8XqhkAeh2h1,2014-12-16,2020-03-07
P-5d2548e0,NoirDrift870,evolution,7B82C1E38C52409BBC34662538B7F81EC2BA8E49,1VQ1GOwudG3htRKxPlahAk8XqhkAeh2h1,2013-09-28,2019-01-14
P-5833a75a,NoirDrift870,silkroad2,7B82C1E38C52409BBC34662538B7F81EC2BA8E49,1VQ1GOwudG3htRKxPlahAk8XqhkAeh2h1,2013-08-18,2019-12-06
P-fa13b9dd,NoirDrift870,empire,7B82C1E38C52409BBC34662538B7F81EC2BA8E49,1VQ1GOwudG3htRKxPlahAk8XqhkAeh2h1,2014-07-23,2021-10-13
P-655ac137,NoirDrift870,dark0de,7B82C1E38C52409BBC34662538B7F81EC2BA8E49,1VQ1GOwudG3htRKxPlahAk8XqhkAeh2h1,2018-04-21,2021-08-17
P-e8bacde0,AzureCrypt200,abraxas,C8FA7B3596D520E92C3C956DFFBAAA86C9DD63E3,12cDypwFpD380bJDs9Ixr1eN2HrWZrX0C,2014-05-27,2019-05-22
P-4b98f134,AzureCrypt200,agora,C8FA7B3596D520E92C3C956DFFBAAA86C9DD63E3,12cDypwFpD380bJDs9Ixr1eN2HrWZrX0C,2016-08-26,2021-10-12
P-bfff9e33,AzureCrypt200,nucleus,C8FA7B3596D520E92C3C956DFFBAAA86C9DD63E3,12cDypwFpD380bJDs9Ixr1eN2HrWZrX0C,2017-08-10,2018-04-04
P-fe1ac850,AzureCrypt200,themarketplace,C8FA7B3596D520E92C3C956DFFBAAA86C9DD63E3,12cDypwFpD380bJDs9Ixr1eN2HrWZrX0C,2016-07-15,2021-04-22
P-06a9c457,AshenTiger778,agora,19828AABFEB616DDE73F5A6683CD9307D5733F67,1lsLUHMvfIAPfopSSpK7zDEqk9Tt0reyT,2016-02-06,2021-06-22
P-14b041cb,AshenTiger778,evolution,19828AABFEB616DDE73F5A6683CD9307D5733F67,1lsLUHMvfIAPfopSSpK7zDEqk9Tt0reyT,2013-06-23,2021-12-05
P-d622f9ab,AshenTiger778,nucleus,19828AABFEB616DDE73F5A6683CD9307D5733F67,1lsLUHMvfIAPfopSSpK7zDEqk9Tt0reyT,2016-08-20,2021-11-08
P-36df875a,AshenTiger778,empire,19828AABFEB616DDE73F5A6683CD9307D5733F67,1lsLUHMvfIAPfopSSpK7zDEqk9Tt0reyT,2014-05-09,2020-07-02
P-1904235a,AshenTiger778,versus,19828AABFEB616DDE73F5A6683CD9307D5733F67,1lsLUHMvfIAPfopSSpK7zDEqk9Tt0reyT,2018-06-09,2021-07-13
P-6f2bab2d,AshenPhoenix19,agora,9A72D2BA3D8DEFF78FE32C8671172F43C17A624C,1q1w0Hx2c8BO8FkR1c9XpIhZEYqSppKIq,2016-07-13,2020-01-09
P-a7bdf6c1,AshenPhoenix19,nucleus,9A72D2BA3D8DEFF78FE32C8671172F43C17A624C,1q1w0Hx2c8BO8FkR1c9XpIhZEYqSppKIq,2016-12-08,2020-11-27
P-69296e89,AshenPhoenix19,silkroad2,9A72D2BA3D8DEFF78FE32C8671172F43C17A624C,1q1w0Hx2c8BO8FkR1c9XpIhZEYqSppKIq,2013-05-15,2021-04-19
P-4514e7de,AshenPhoenix19,hydra,9A72D2BA3D8DEFF78FE32C8671172F43C17A624C,1q1w0Hx2c8BO8FkR1c9XpIhZEYqSppKIq,2015-09-07,2019-10-20
P-0c136320,AshenPhoenix19,empire,9A72D2BA3D8DEFF78FE32C8671172F43C17A624C,1q1w0Hx2c8BO8FkR1c9XpIhZEYqSppKIq,2016-03-20,2019-12-01
P-fe2feebf,PyroFang597,agora,D1FDB789BEE5F77DC740255AEE27647FBDA88EF3,18solx356FlItps6nnrcXkBwljxMDjnlZ,2016-02-25,2020-06-25
P-237e39bd,PyroFang597,evolution,D1FDB789BEE5F77DC740255AEE27647FBDA88EF3,18solx356FlItps6nnrcXkBwljxMDjnlZ,2017-02-21,2018-09-07
P-646e6fba,PyroFang597,nucleus,D1FDB789BEE5F77DC740255AEE27647FBDA88EF3,18solx356FlItps6nnrcXkBwljxMDjnlZ,2015-09-07,2019-09-13
P-494a1c51,ShadowHelix557,evolution,91FDCD4D2A3A38BB407BA91F4103E40F14C0A3A6,1NUXC41dqMOZrLJekb2SORozow9fR5dSo,2014-05-26,2019-06-11
P-beae2f57,ShadowHelix557,nucleus,91FDCD4D2A3A38BB407BA91F4103E40F14C0A3A6,1NUXC41dqMOZrLJekb2SORozow9fR5dSo,2016-04-18,2019-01-02
P-a19724a6,ShadowHelix557,outlaw_market,91FDCD4D2A3A38BB407BA91F4103E40F14C0A3A6,1NUXC41dqMOZrLJekb2SORozow9fR5dSo,2013-09-04,2021-08-02
P-8cd19bbf,ObsidianFox110,agora,3AEA68A4719D1EA5AE8BEC5AD271FB225A530298,11UsheZ9VxgefvQnZtfI3fFmXkAmrHfdI,2014-05-10,2018-04-21
P-974dd806,ObsidianFox110,evolution,3AEA68A4719D1EA5AE8BEC5AD271FB225A530298,11UsheZ9VxgefvQnZtfI3fFmXkAmrHfdI,2014-01-09,2018-07-21
P-b7287df0,ObsidianFox110,silkroad2,3AEA68A4719D1EA5AE8BEC5AD271FB225A530298,11UsheZ9VxgefvQnZtfI3fFmXkAmrHfdI,2016-03-27,2020-02-03
P-d2d065ff,StormByte68,1776,9EFD094EC82A88C74990A1C1817613C95BA6E621,1O1MvmOWlTsDFPcSgtVnQuHo33Z72OwIB,2013-09-24,2021-01-01
P-47fc7c97,StormByte68,agora,9EFD094EC82A88C74990A1C1817613C95BA6E621,1O1MvmOWlTsDFPcSgtVnQuHo33Z72OwIB,2017-10-05,2018-12-19
P-095339d3,StormByte68,evolution,9EFD094EC82A88C74990A1C1817613C95BA6E621,1O1MvmOWlTsDFPcSgtVnQuHo33Z72OwIB,2016-04-27,2020-06-14
P-e53b36b9,StormByte68,hydra,9EFD094EC82A88C74990A1C1817613C95BA6E621,1O1MvmOWlTsDFPcSgtVnQuHo33Z72OwIB,2018-12-01,2021-05-15
P-342e6076,StormByte68,dark0de,9EFD094EC82A88C74990A1C1817613C95BA6E621,1O1MvmOWlTsDFPcSgtVnQuHo33Z72OwIB,2015-02-09,2022-07-10
P-4c57c767,PyroDrift820,agora,F37862608B7D12E6ECC56264BC238B3ADA30462B,17Ck6UMTr9H7J4N6feMe9Q5cQdZewz8sX,2016-02-08,2021-09-09
P-4b672a8d,PyroDrift820,evolution,F37862608B7D12E6ECC56264BC238B3ADA30462B,17Ck6UMTr9H7J4N6feMe9Q5cQdZewz8sX,2016-05-23,2019-07-01
P-dca944e1,PyroDrift820,silkroad2,F37862608B7D12E6ECC56264BC238B3ADA30462B,17Ck6UMTr9H7J4N6feMe9Q5cQdZewz8sX,2016-12-13,2020-09-23
P-7da3d2ec,PyroDrift820,hansa,F37862608B7D12E6ECC56264BC238B3ADA30462B,17Ck6UMTr9H7J4N6feMe9Q5cQdZewz8sX,2014-08-08,2019-07-25
P-8a97f417,PyroDrift820,torrez,F37862608B7D12E6ECC56264BC238B3ADA30462B,17Ck6UMTr9H7J4N6feMe9Q5cQdZewz8sX,2015-08-12,2022-10-04
P-390e74c8,VoidCore489,agora,1D679ACAD9C23B7F278DF8A90BE53EAE4E399F45,19ftplGqe9j14mdxtG354ROOaqLvQgikp,2015-06-05,2018-02-18
P-64a9defa,VoidCore489,evolution,1D679ACAD9C23B7F278DF8A90BE53EAE4E399F45,19ftplGqe9j14mdxtG354ROOaqLvQgikp,2014-04-28,2021-10-08
P-34633db3,VoidCore489,themarketplace,1D679ACAD9C23B7F278DF8A90BE53EAE4E399F45,19ftplGqe9j14mdxtG354ROOaqLvQgikp,2013-03-13,2021-09-24
P-dd1f15e2,AzureShade949,abraxas,675AF65E5D12FCB01AFE46BF8D876EC28AED7793,1GZeMByURMZpXXwcbBKmYE3wDQAGkoE1o,2017-04-02,2021-05-14
P-dab46ac4,AzureShade949,agora,675AF65E5D12FCB01AFE46BF8D876EC28AED7793,1GZeMByURMZpXXwcbBKmYE3wDQAGkoE1o,2015-12-11,2019-01-11
P-28a1138c,AzureShade949,evolution,675AF65E5D12FCB01AFE46BF8D876EC28AED7793,1GZeMByURMZpXXwcbBKmYE3wDQAGkoE1o,2017-10-14,2018-05-23
P-3e8461b8,StormPhoenix922,evolution,E267EA909AC44CCB28203249DA22B2480546FE4C,1DQVwWuGm1s42i5phANCfD38NJnOkCiU4,2014-09-26,2021-09-16
P-09b3fc91,StormPhoenix922,nucleus,E267EA909AC44CCB28203249DA22B2480546FE4C,1DQVwWuGm1s42i5phANCfD38NJnOkCiU4,2015-11-08,2020-08-23
P-e040e2cf,StormPhoenix922,silkroad2,E267EA909AC44CCB28203249DA22B2480546FE4C,1DQVwWuGm1s42i5phANCfD38NJnOkCiU4,2016-09-18,2018-02-14
P-bcc716c2,FrostWolf433,agora,54983369AFFB253E2168E044DC34FC1D5F81BAB0,1y9qijnJCwAJXnK0K82oNeHHN4BpTDvDY,2013-07-05,2018-03-17
P-522419c9,FrostWolf433,evolution,54983369AFFB253E2168E044DC34FC1D5F81BAB0,1y9qijnJCwAJXnK0K82oNeHHN4BpTDvDY,2013-03-07,2021-02-02
P-27d455d3,FrostWolf433,nucleus,54983369AFFB253E2168E044DC34FC1D5F81BAB0,1y9qijnJCwAJXnK0K82oNeHHN4BpTDvDY,2016-08-06,2021-03-24
P-6895d90d,VoidOrbit15,agora,893FDC8D9C7C8D843A59869FAB952182AF427619,1FngQq2obcLLse4JZUfPCpjO8WDir09fK,2017-07-13,2018-05-04
P-e0327c6f,VoidOrbit15,evolution,893FDC8D9C7C8D843A59869FAB952182AF427619,1FngQq2obcLLse4JZUfPCpjO8WDir09fK,2016-05-24,2020-09-11
P-30f992cb,VoidOrbit15,themarketplace,893FDC8D9C7C8D843A59869FAB952182AF427619,1FngQq2obcLLse4JZUfPCpjO8WDir09fK,2017-06-19,2019-03-10
P-d5e44554,ShadowOrbit382,abraxas,66C32322A78655B175F75C25D1BC506401E2AB6F,1TI8kbhxXGXlrzQdpSxwVmKxCbhPo7ZEP,2017-11-07,2020-09-20
P-98ae5139,ShadowOrbit382,agora,66C32322A78655B175F75C25D1BC506401E2AB6F,1TI8kbhxXGXlrzQdpSxwVmKxCbhPo7ZEP,2015-08-15,2019-06-24
P-29fefbd7,ShadowOrbit382,evolution,66C32322A78655B175F75C25D1BC506401E2AB6F,1TI8kbhxXGXlrzQdpSxwVmKxCbhPo7ZEP,2014-03-17,2021-01-11
P-de139427,EmberDragon817,agora,58FD1FABCC9BEB4330955855E48B11A9B6BA84DF,1A43oH1p78AJPl0OAsOBKXa9OO6BkHzQ9,2016-03-05,2021-02-01
P-41ed11c7,EmberDragon817,nucleus,58FD1FABCC9BEB4330955855E48B11A9B6BA84DF,1A43oH1p78AJPl0OAsOBKXa9OO6BkHzQ9,2015-12-07,2019-12-04
P-051b5793,EmberDragon817,silkroad2,58FD1FABCC9BEB4330955855E48B11A9B6BA84DF,1A43oH1p78AJPl0OAsOBKXa9OO6BkHzQ9,2017-08-11,2018-01-20
P-347a8967,ToxicShade392,abraxas,7FB34B79992007234BFB4FB9B54FF33F227BCE3A,1ID3LKhSmwu36NlVwFhveHs48tZIl9h7K,2016-10-06,2018-06-21
P-1f67f48f,ToxicShade392,agora,7FB34B79992007234BFB4FB9B54FF33F227BCE3A,1ID3LKhSmwu36NlVwFhveHs48tZIl9h7K,2017-04-12,2018-04-09
P-a0783be7,ToxicShade392,evolution,7FB34B79992007234BFB4FB9B54FF33F227BCE3A,1ID3LKhSmwu36NlVwFhveHs48tZIl9h7K,2015-07-19,2020-06-20
P-cff5c563,ToxicShade392,dark0de,7FB34B79992007234BFB4FB9B54FF33F227BCE3A,1ID3LKhSmwu36NlVwFhveHs48tZIl9h7K,2017-05-18,2020-02-19
P-0eeec7ab,ToxicShade392,1776,7FB34B79992007234BFB4FB9B54FF33F227BCE3A,1ID3LKhSmwu36NlVwFhveHs48tZIl9h7K,2015-02-24,2020-05-06
P-7ff08e82,VoidHunter424,agora,12A3C37045DF284B5D759177C639EC07E50E4E23,1P4OfKqC1iOfZCXx3RrkAHyLtWW8XUxey,2015-10-04,2019-09-19
P-590e19c2,VoidHunter424,evolution,12A3C37045DF284B5D759177C639EC07E50E4E23,1P4OfKqC1iOfZCXx3RrkAHyLtWW8XUxey,2016-06-19,2020-12-28
P-ac7ec788,VoidHunter424,themarketplace,12A3C37045DF284B5D759177C639EC07E50E4E23,1P4OfKqC1iOfZCXx3RrkAHyLtWW8XUxey,2017-11-16,2019-03-01
P-3a351233,VoidHunter424,silkroad2,12A3C37045DF284B5D759177C639EC07E50E4E23,1P4OfKqC1iOfZCXx3RrkAHyLtWW8XUxey,2015-04-03,2020-03-06
P-0bdccdc1,VoidHunter424,berlusconi,12A3C37045DF284B5D759177C639EC07E50E4E23,1P4OfKqC1iOfZCXx3RrkAHyLtWW8XUxey,2017-01-11,2019-01-05
P-1406599e,NoirHelix332,abraxas,974E03EE8C5A6159A56090E8DD3EF6E82DB78EE6,17LvDbYgspDmT3eiJ5UU3FPr0wuaq1eo4,2017-08-14,2021-06-10
P-103e2aab,NoirHelix332,agora,974E03EE8C5A6159A56090E8DD3EF6E82DB78EE6,17LvDbYgspDmT3eiJ5UU3FPr0wuaq1eo4,2017-02-08,2021-07-25
P-55eab69b,NoirHelix332,evolution,974E03EE8C5A6159A56090E8DD3EF6E82DB78EE6,17LvDbYgspDmT3eiJ5UU3FPr0wuaq1eo4,2016-12-16,2020-05-27
P-86e67a46,NoirHelix332,world_market,974E03EE8C5A6159A56090E8DD3EF6E82DB78EE6,17LvDbYgspDmT3eiJ5UU3FPr0wuaq1eo4,2018-06-17,2019-10-27
P-d13f14bc,GhostRaven634,agora,086AA89154DB7C6B6D429B21B2CDCE86DF95389D,14YQiUtMo4jiTzCwRf47beWFDo6PcP3Fw,2014-03-21,2020-12-05
P-7cea8e0d,GhostRaven634,evolution,086AA89154DB7C6B6D429B21B2CDCE86DF95389D,14YQiUtMo4jiTzCwRf47beWFDo6PcP3Fw,2016-09-15,2021-12-26
P-22a18c95,GhostRaven634,silkroad2,086AA89154DB7C6B6D429B21B2CDCE86DF95389D,14YQiUtMo4jiTzCwRf47beWFDo6PcP3Fw,2015-11-04,2021-11-12
P-3842fb00,NeonShade225,agora,792D9B25B1846C02D5658130525893C8C956DEDB,1paSDLLvCuRaoXz666QNmyQWxgymvVVcy,2014-01-28,2020-08-25
P-81c07e2c,NeonShade225,evolution,792D9B25B1846C02D5658130525893C8C956DEDB,1paSDLLvCuRaoXz666QNmyQWxgymvVVcy,2015-12-14,2019-10-18
P-256d7c69,NeonShade225,silkroad2,792D9B25B1846C02D5658130525893C8C956DEDB,1paSDLLvCuRaoXz666QNmyQWxgymvVVcy,2014-07-12,2019-12-01
P-54801814,AshenVenom826,agora,E368EEBD345E924FEB4545A0C6213898D946F6BC,1logsxFNKHjaWkRArdU2tN5mam7Y49etI,2014-08-12,2019-01-19
P-78720aa9,AshenVenom826,evolution,E368EEBD345E924FEB4545A0C6213898D946F6BC,1logsxFNKHjaWkRArdU2tN5mam7Y49etI,2015-06-04,2020-05-17
P-cdc1eaff,AshenVenom826,silkroad2,E368EEBD345E924FEB4545A0C6213898D946F6BC,1logsxFNKHjaWkRArdU2tN5mam7Y49etI,2013-10-09,2018-11-09
P-2a5b4b26,AshenVenom826,darkfox,E368EEBD345E924FEB4545A0C6213898D946F6BC,1logsxFNKHjaWkRArdU2tN5mam7Y49etI,2017-07-02,2021-05-21
P-305c777c,AshenVenom826,outlaw_market,E368EEBD345E924FEB4545A0C6213898D946F6BC,1logsxFNKHjaWkRArdU2tN5mam7Y49etI,2014-10-27,2019-12-16
P-e700cb2e,EmberBlade543,agora,56B9BFC7C53EA8EB908E56737DF4C0D3CDA96A6B,1l8iwO91iOhEqjTZjm3ffNsfmGONXIoYa,2017-11-15,2021-03-16
P-d16c23ce,EmberBlade543,evolution,56B9BFC7C53EA8EB908E56737DF4C0D3CDA96A6B,1l8iwO91iOhEqjTZjm3ffNsfmGONXIoYa,2017-02-02,2020-01-20
P-820a5384,EmberBlade543,nucleus,56B9BFC7C53EA8EB908E56737DF4C0D3CDA96A6B,1l8iwO91iOhEqjTZjm3ffNsfmGONXIoYa,2014-12-24,2019-03-03
P-dd39f3d5,EmberBlade543,cannahome,56B9BFC7C53EA8EB908E56737DF4C0D3CDA96A6B,1l8iwO91iOhEqjTZjm3ffNsfmGONXIoYa,2017-02-02,2022-11-23
P-007e9e7c,EmberBlade543,themarketplace,56B9BFC7C53EA8EB908E56737DF4C0D3CDA96A6B,1l8iwO91iOhEqjTZjm3ffNsfmGONXIoYa,2014-06-04,2021-04-21
P-99c1fe5e,HexHunter152,abraxas,A38FDA93FD72BA54AF2235F8A5718910982664AB,1i0U5AVDL6FgkZvIoOjaxWQfbIpa83CKO,2017-12-01,2020-11-28
P-a829a568,HexHunter152,agora,A38FDA93FD72BA54AF2235F8A5718910982664AB,1i0U5AVDL6FgkZvIoOjaxWQfbIpa83CKO,2015-12-06,2020-09-01
P-3b6c1798,HexHunter152,nucleus,A38FDA93FD72BA54AF2235F8A5718910982664AB,1i0U5AVDL6FgkZvIoOjaxWQfbIpa83CKO,2016-07-27,2018-02-07
P-45daf599,HexHunter152,versus,A38FDA93FD72BA54AF2235F8A5718910982664AB,1i0U5AVDL6FgkZvIoOjaxWQfbIpa83CKO,2018-03-24,2021-02-06
P-e024e54d,StormPulse199,agora,94221DD6F582C6733136C44F1D145519DDC513D2,1qSyv6B6jAVTJYrBazNilglCVlSa5zvua,2016-01-09,2019-12-17
P-96bfdeee,StormPulse199,evolution,94221DD6F582C6733136C44F1D145519DDC513D2,1qSyv6B6jAVTJYrBazNilglCVlSa5zvua,2016-03-21,2018-05-09
P-07a98eaa,StormPulse199,silkroad2,94221DD6F582C6733136C44F1D145519DDC513D2,1qSyv6B6jAVTJYrBazNilglCVlSa5zvua,2017-06-04,2020-08-19
P-1dcbf973,StormPulse199,hansa,94221DD6F582C6733136C44F1D145519DDC513D2,1qSyv6B6jAVTJYrBazNilglCVlSa5zvua,2014-10-15,2019-02-03
P-b0ae1335,LunarLotus774,agora,81FADBA54D964BBB69F373884D857CDBD4F06931,1Tf5m7aKyhv8wF79vp5n0Gmencr2gUfjC,2014-12-03,2019-06-19
P-1ea95c5a,LunarLotus774,evolution,81FADBA54D964BBB69F373884D857CDBD4F06931,1Tf5m7aKyhv8wF79vp5n0Gmencr2gUfjC,2013-03-26,2018-04-21
P-c300f75c,LunarLotus774,outlaw_market,81FADBA54D964BBB69F373884D857CDBD4F06931,1Tf5m7aKyhv8wF79vp5n0Gmencr2gUfjC,2015-08-03,2019-05-27
P-c9fe21bb,LunarLotus774,cannahome,81FADBA54D964BBB69F373884D857CDBD4F06931,1Tf5m7aKyhv8wF79vp5n0Gmencr2gUfjC,2015-12-25,2020-05-02
P-6a9471d1,LunarLotus774,cannazon,81FADBA54D964BBB69F373884D857CDBD4F06931,1Tf5m7aKyhv8wF79vp5n0Gmencr2gUfjC,2017-12-10,2020-05-05
P-7ec5b408,PhantomDrift7,agora,27432B58917023B8FB6C8617F742DCBED496F8BA,1qyZUCzupNrWjUpyfQNDJfoZyV5wD0rUX,2017-06-14,2019-04-09
P-982aa872,PhantomDrift7,evolution,27432B58917023B8FB6C8617F742DCBED496F8BA,1qyZUCzupNrWjUpyfQNDJfoZyV5wD0rUX,2014-03-10,2020-12-15
P-d4395dcf,PhantomDrift7,silkroad2,27432B58917023B8FB6C8617F742DCBED496F8BA,1qyZUCzupNrWjUpyfQNDJfoZyV5wD0rUX,2015-02-16,2020-10-12
P-8a6f8f77,AshenTrader207,abraxas,86A50CD0DA53DA4F036C1F63F8BD4CA18A41B028,1NoIsP42KKUsPKjpwoeZ9ngnFlkYLU7Cq,2015-11-17,2021-11-22
P-527ef369,AshenTrader207,agora,86A50CD0DA53DA4F036C1F63F8BD4CA18A41B028,1NoIsP42KKUsPKjpwoeZ9ngnFlkYLU7Cq,2014-01-27,2021-03-18
P-d6396075,AshenTrader207,evolution,86A50CD0DA53DA4F036C1F63F8BD4CA18A41B028,1NoIsP42KKUsPKjpwoeZ9ngnFlkYLU7Cq,2017-04-23,2021-06-21
P-d8b1352f,AshenTrader207,berlusconi,86A50CD0DA53DA4F036C1F63F8BD4CA18A41B028,1NoIsP42KKUsPKjpwoeZ9ngnFlkYLU7Cq,2016-04-11,2021-02-17
P-f61d3b72,AshenTrader207,world_market,86A50CD0DA53DA4F036C1F63F8BD4CA18A41B028,1NoIsP42KKUsPKjpwoeZ9ngnFlkYLU7Cq,2015-05-07,2022-05-02
P-2c22d618,PhantomByte568,agora,EAC4ECCA5FA7C4653AE976D3A435A2805191CEDE,1AhtkKFCMgwqI3YWNQWklqZ9lsw7aybXP,2013-09-22,2019-08-05
P-4c8e99d5,PhantomByte568,evolution,EAC4ECCA5FA7C4653AE976D3A435A2805191CEDE,1AhtkKFCMgwqI3YWNQWklqZ9lsw7aybXP,2016-10-11,2020-10-13
P-624b4c8e,PhantomByte568,silkroad2,EAC4ECCA5FA7C4653AE976D3A435A2805191CEDE,1AhtkKFCMgwqI3YWNQWklqZ9lsw7aybXP,2017-01-11,2018-11-12
P-4737d0c9,PhantomByte568,darkfox,EAC4ECCA5FA7C4653AE976D3A435A2805191CEDE,1AhtkKFCMgwqI3YWNQWklqZ9lsw7aybXP,2014-03-14,2022-06-11
P-9b7c9482,HexReaper596,agora,78F06540B6C3FCAFA6BE134B690077FE0E8E1F15,1cHbwRSh4rkL046luJqsJq5g1vwte6Rk7,2013-03-12,2020-03-15
P-954e81b4,HexReaper596,evolution,78F06540B6C3FCAFA6BE134B690077FE0E8E1F15,1cHbwRSh4rkL046luJqsJq5g1vwte6Rk7,2017-03-25,2018-08-26
P-e7a03d37,HexReaper596,nucleus,78F06540B6C3FCAFA6BE134B690077FE0E8E1F15,1cHbwRSh4rkL046luJqsJq5g1vwte6Rk7,2017-08-19,2021-12-13
P-c40e144f,HexReaper596,outlaw_market,78F06540B6C3FCAFA6BE134B690077FE0E8E1F15,1cHbwRSh4rkL046luJqsJq5g1vwte6Rk7,2017-04-09,2021-10-11
P-18a2ec16,HexReaper596,themarketplace,78F06540B6C3FCAFA6BE134B690077FE0E8E1F15,1cHbwRSh4rkL046luJqsJq5g1vwte6Rk7,2017-11-13,2021-01-08
P-71b80059,AshenHawk147,abraxas,BB0C4C9996D9B5D8170A6EEBBBEFFC234F1BC9AF,1693u0yfE1lV2nUhEKC5AadOoeEpBy3uc,2017-02-14,2021-05-19
P-49df113d,AshenHawk147,evolution,BB0C4C9996D9B5D8170A6EEBBBEFFC234F1BC9AF,1693u0yfE1lV2nUhEKC5AadOoeEpBy3uc,2016-10-01,2019-09-06
P-954bde8c,AshenHawk147,nucleus,BB0C4C9996D9B5D8170A6EEBBBEFFC234F1BC9AF,1693u0yfE1lV2nUhEKC5AadOoeEpBy3uc,2015-10-23,2019-10-25
P-dacb2577,AshenHawk147,themarketplace,BB0C4C9996D9B5D8170A6EEBBBEFFC234F1BC9AF,1693u0yfE1lV2nUhEKC5AadOoeEpBy3uc,2015-03-22,2021-01-03
P-dd4a1c3c,ShadowWraith729,agora,AEB21304243DF55BC73B52A0A39899C09E713FDC,1XE1BQI1KIaPxzPlSehCX2fBT0fUEgwRo,2015-03-26,2020-08-13
P-578191dc,ShadowWraith729,evolution,AEB21304243DF55BC73B52A0A39899C09E713FDC,1XE1BQI1KIaPxzPlSehCX2fBT0fUEgwRo,2014-08-01,2019-04-06
P-87cebe53,ShadowWraith729,silkroad2,AEB21304243DF55BC73B52A0A39899C09E713FDC,1XE1BQI1KIaPxzPlSehCX2fBT0fUEgwRo,2015-05-03,2019-04-28
P-bf0baa76,DarkOrbit812,agora,3CE29E57FBAA1DB95869FC93C4016EFC9DF798A9,1Gt8LRSY3gcJbnu4qrWWLtaC6SuIPIjOX,2014-07-03,2019-03-22
P-76a611aa,DarkOrbit812,evolution,3CE29E57FBAA1DB95869FC93C4016EFC9DF798A9,1Gt8LRSY3gcJbnu4qrWWLtaC6SuIPIjOX,2017-06-01,2021-03-12
P-4fe64f8b,DarkOrbit812,silkroad2,3CE29E57FBAA1DB95869FC93C4016EFC9DF798A9,1Gt8LRSY3gcJbnu4qrWWLtaC6SuIPIjOX,2013-08-18,2021-12-07
P-257596a5,DarkOrbit812,cannahome,3CE29E57FBAA1DB95869FC93C4016EFC9DF798A9,1Gt8LRSY3gcJbnu4qrWWLtaC6SuIPIjOX,2017-11-13,2022-12-08
P-f3a90e54,DarkTrader795,agora,59BFF5F85F7FEF33711BB24E10C945A0E1B44950,1uEXo7UPTZpjpAiEGsGCVoaZ1nlQEJ9bk,2013-07-05,2020-03-13
P-fa4dc323,DarkTrader795,evolution,59BFF5F85F7FEF33711BB24E10C945A0E1B44950,1uEXo7UPTZpjpAiEGsGCVoaZ1nlQEJ9bk,2015-05-27,2021-10-13
P-6f84902a,DarkTrader795,nucleus,59BFF5F85F7FEF33711BB24E10C945A0E1B44950,1uEXo7UPTZpjpAiEGsGCVoaZ1nlQEJ9bk,2017-02-12,2021-11-24
P-7f2045ba,DarkTrader795,dark0de,59BFF5F85F7FEF33711BB24E10C945A0E1B44950,1uEXo7UPTZpjpAiEGsGCVoaZ1nlQEJ9bk,2018-01-08,2020-04-12
P-b1c4b4c6,AzureEcho698,agora,3810C61BA2A1CEE6AEC04FD2197F12A5ACA125FE,1a917BnuwOjMxx26CEf59H6KdPrPJUaaM,2015-06-17,2018-10-20
P-4f525206,AzureEcho698,nucleus,3810C61BA2A1CEE6AEC04FD2197F12A5ACA125FE,1a917BnuwOjMxx26CEf59H6KdPrPJUaaM,2016-02-21,2019-03-16
P-e862e942,AzureEcho698,silkroad2,3810C61BA2A1CEE6AEC04FD2197F12A5ACA125FE,1a917BnuwOjMxx26CEf59H6KdPrPJUaaM,2014-01-07,2020-07-03
P-a070cc1a,AzureEcho698,hydra,3810C61BA2A1CEE6AEC04FD2197F12A5ACA125FE,1a917BnuwOjMxx26CEf59H6KdPrPJUaaM,2016-07-21,2020-07-05
P-1108b2aa,AzureEcho698,world_market,3810C61BA2A1CEE6AEC04FD2197F12A5ACA125FE,1a917BnuwOjMxx26CEf59H6KdPrPJUaaM,2016-05-13,2022-01-09
P-523e1164,SilentEcho961,abraxas,EE18823C6812097347ABE33C57D979473DE7FD3B,1TKqansX1SkzeKedULQtGlqnWWTFZxNjA,2016-03-06,2021-11-17
P-3e12154f,SilentEcho961,agora,EE18823C6812097347ABE33C57D979473DE7FD3B,1TKqansX1SkzeKedULQtGlqnWWTFZxNjA,2013-08-26,2018-06-22
P-d59086b1,SilentEcho961,evolution,EE18823C6812097347ABE33C57D979473DE7FD3B,1TKqansX1SkzeKedULQtGlqnWWTFZxNjA,2013-11-28,2021-01-06
P-c4ef0503,SilentEcho961,cannazon,EE18823C6812097347ABE33C57D979473DE7FD3B,1TKqansX1SkzeKedULQtGlqnWWTFZxNjA,2016-03-19,2022-11-15
P-42af9409,VoidDragon9,agora,178ABA991935093F52721B1BC5EC26AD5C5C4ABC,13GdlWweKozHs4Y1eOaMfzw5CHNBP3zIs,2013-08-21,2021-07-25
P-12b3760a,VoidDragon9,evolution,178ABA991935093F52721B1BC5EC26AD5C5C4ABC,13GdlWweKozHs4Y1eOaMfzw5CHNBP3zIs,2013-05-14,2020-12-21
P-f7de3ecc,VoidDragon9,nucleus,178ABA991935093F52721B1BC5EC26AD5C5C4ABC,13GdlWweKozHs4Y1eOaMfzw5CHNBP3zIs,2013-10-26,2021-09-12
P-2343af32,HexEcho784,agora,37107F4565E363E66731FA2D88B8A18C41612359,1atvEuud7ge8VBLsKP2f6YXgirzk4mpvU,2016-12-11,2020-02-26
P-defb4949,HexEcho784,evolution,37107F4565E363E66731FA2D88B8A18C41612359,1atvEuud7ge8VBLsKP2f6YXgirzk4mpvU,2014-07-18,2021-11-03
P-7c2bff6d,HexEcho784,nucleus,37107F4565E363E66731FA2D88B8A18C41612359,1atvEuud7ge8VBLsKP2f6YXgirzk4mpvU,2014-01-11,2020-04-17
P-195ce940,HexEcho784,empire,37107F4565E363E66731FA2D88B8A18C41612359,1atvEuud7ge8VBLsKP2f6YXgirzk4mpvU,2018-12-28,2022-07-02
P-ed460934,OnyxOrbit179,agora,2AA4C18A6CA2BB6998B4CECD971F2555E4EB824B,1jnCPTJF7gdqgQc8oS12OtAciUGuhXpcU,2016-05-02,2018-08-15
P-a637823c,OnyxOrbit179,evolution,2AA4C18A6CA2BB6998B4CECD971F2555E4EB824B,1jnCPTJF7gdqgQc8oS12OtAciUGuhXpcU,2015-01-20,2020-05-14
P-1d7c52d1,OnyxOrbit179,silkroad2,2AA4C18A6CA2BB6998B4CECD971F2555E4EB824B,1jnCPTJF7gdqgQc8oS12OtAciUGuhXpcU,2015-11-10,2018-09-09
P-40a52889,IronCore96,agora,C4CBAD4CD2001CAF821CACE66A9806AE9F8F48FE,1DaBpyIJUPP9DHqFVhHZt4C1Qa5lZ26sE,2014-05-12,2021-01-15
P-a744bd0f,IronCore96,outlaw_market,C4CBAD4CD2001CAF821CACE66A9806AE9F8F48FE,1DaBpyIJUPP9DHqFVhHZt4C1Qa5lZ26sE,2015-05-21,2018-10-04
P-187563a6,IronCore96,silkroad2,C4CBAD4CD2001CAF821CACE66A9806AE9F8F48FE,1DaBpyIJUPP9DHqFVhHZt4C1Qa5lZ26sE,2015-12-02,2021-04-06
P-1a6eb1b5,PyroLotus639,abraxas,CE5A05C9F2DC12032CFE12DC7887A96B52F42351,1FkgwStavASFippbxazxjARIJqpHfDTZZ,2013-09-04,2019-12-05
P-1e2fbd94,PyroLotus639,agora,CE5A05C9F2DC12032CFE12DC7887A96B52F42351,1FkgwStavASFippbxazxjARIJqpHfDTZZ,2016-07-09,2020-08-23
P-e2e9225f,PyroLotus639,evolution,CE5A05C9F2DC12032CFE12DC7887A96B52F42351,1FkgwStavASFippbxazxjARIJqpHfDTZZ,2017-04-27,2021-01-03
P-c8d84955,CyberRonin41,agora,8CB1B46AEA5EBA7F94FE80F8447ACE4C1BB324E6,1DeDauFwt8l7juy8GUAghtp9CT1nVDhlj,2015-06-02,2019-10-24
P-5e289c80,CyberRonin41,nucleus,8CB1B46AEA5EBA7F94FE80F8447ACE4C1BB324E6,1DeDauFwt8l7juy8GUAghtp9CT1nVDhlj,2013-07-17,2018-06-21
P-ba29fb1b,CyberRonin41,silkroad2,8CB1B46AEA5EBA7F94FE80F8447ACE4C1BB324E6,1DeDauFwt8l7juy8GUAghtp9CT1nVDhlj,2015-07-13,2018-03-24
P-8b236543,IronPhoenix933,agora,6C8A6BDD3BE7EB9BF392349F71BD13D313C012E0,1HYZThbU2GWRwbnyqagL4yu5apLUW45Ja,2015-12-21,2018-07-04
P-a69e3743,IronPhoenix933,silkroad2,6C8A6BDD3BE7EB9BF392349F71BD13D313C012E0,1HYZThbU2GWRwbnyqagL4yu5apLUW45Ja,2014-10-09,2020-10-17
P-9ec8556c,IronPhoenix933,empire,6C8A6BDD3BE7EB9BF392349F71BD13D313C012E0,1HYZThbU2GWRwbnyqagL4yu5apLUW45Ja,2018-04-23,2019-06-19
P-5776ce98,IronPhoenix933,darkfox,6C8A6BDD3BE7EB9BF392349F71BD13D313C012E0,1HYZThbU2GWRwbnyqagL4yu5apLUW45Ja,2017-04-25,2022-05-24
P-deaaeb8a,VoidNexus179,evolution,CF6C04F53C08FDD1EFDD0769396EEE5381B34011,1oaK8oTmtHQzCBXzxY0IYbtFUVQotnTiT,2014-05-17,2018-10-13
P-0dbc12af,VoidNexus179,nucleus,CF6C04F53C08FDD1EFDD0769396EEE5381B34011,1oaK8oTmtHQzCBXzxY0IYbtFUVQotnTiT,2014-11-10,2020-01-14
P-7de210f6,VoidNexus179,vice_city,CF6C04F53C08FDD1EFDD0769396EEE5381B34011,1oaK8oTmtHQzCBXzxY0IYbtFUVQotnTiT,2015-01-26,2022-11-05
P-886fcc4a,NoirFlux360,agora,4360AFCE2F0AD26CE1A5D28ED966EC60C15F5CC3,10JuQWIi4e8pAXwJijBuz1zMeDr06wvoM,2015-05-15,2020-02-08
P-c49d558d,NoirFlux360,nucleus,4360AFCE2F0AD26CE1A5D28ED966EC60C15F5CC3,10JuQWIi4e8pAXwJijBuz1zMeDr06wvoM,2014-01-23,2020-04-03
P-dd883cd5,CobaltNexus372,agora,BB5F3B0B61031D06884C44A5D4A25FFC9AB977C8,1fvSUgdqjbsKf4Ms65IrLtfZmS3HssbAG,2017-05-24,2021-10-14
P-4f9daee2,CobaltNexus372,evolution,BB5F3B0B61031D06884C44A5D4A25FFC9AB977C8,1fvSUgdqjbsKf4Ms65IrLtfZmS3HssbAG,2017-06-18,2021-08-18
P-722684a4,CobaltNexus372,hansa,BB5F3B0B61031D06884C44A5D4A25FFC9AB977C8,1fvSUgdqjbsKf4Ms65IrLtfZmS3HssbAG,2014-06-11,2021-06-27
P-2aec8cc3,ZeroBlade200,agora,604180CD131CB8B2E3F7FB46B50A12888A6E4996,11rX9Oa2r37x9bW5mum36YahS2oFBfOD3,2016-03-15,2021-04-18
P-a474f6e7,ZeroBlade200,silkroad2,604180CD131CB8B2E3F7FB46B50A12888A6E4996,11rX9Oa2r37x9bW5mum36YahS2oFBfOD3,2014-11-13,2020-07-02
P-2ae9ff40,ZeroBlade200,themarketplace,604180CD131CB8B2E3F7FB46B50A12888A6E4996,11rX9Oa2r37x9bW5mum36YahS2oFBfOD3,2018-02-21,2022-09-12
P-e5e00ce7,PhantomOrbit312,agora,0D2446B9D487010C4AD29FB38B1EA4305BDCFB10,1fEZDopbTmLYr206G4vV7PMrrEmCfRJgr,2013-04-24,2020-05-10
P-4978a961,PhantomOrbit312,silkroad2,0D2446B9D487010C4AD29FB38B1EA4305BDCFB10,1fEZDopbTmLYr206G4vV7PMrrEmCfRJgr,2015-08-22,2021-01-05
P-1551ab86,PhantomOrbit312,hansa,0D2446B9D487010C4AD29FB38B1EA4305BDCFB10,1fEZDopbTmLYr206G4vV7PMrrEmCfRJgr,2018-10-06,2021-10-14
P-bbf11148,ChaosEcho263,agora,38CBE4895A37FB35EC638EE481FD4D31F3D3C176,16gz9t4PdSKZg068RObpElKiOwZMI4JVr,2016-01-25,2020-09-24
P-12cafcd4,ChaosEcho263,evolution,38CBE4895A37FB35EC638EE481FD4D31F3D3C176,16gz9t4PdSKZg068RObpElKiOwZMI4JVr,2016-04-13,2019-07-20
P-7e6b14bf,StormBroker32,agora,B32B1BFF56F43B0038BC669AC0BA46252A45FEFB,1pUfgFVVPJXa9EhUyWla7T6cUdPxtAWaT,2013-02-13,2019-04-04
P-f7b2cd98,StormBroker32,silkroad2,B32B1BFF56F43B0038BC669AC0BA46252A45FEFB,1pUfgFVVPJXa9EhUyWla7T6cUdPxtAWaT,2017-05-06,2019-12-13
P-eb31718d,StormBroker32,nucleus,B32B1BFF56F43B0038BC669AC0BA46252A45FEFB,1pUfgFVVPJXa9EhUyWla7T6cUdPxtAWaT,2018-07-12,2020-07-20
P-de929041,StormBroker32,empire,B32B1BFF56F43B0038BC669AC0BA46252A45FEFB,1pUfgFVVPJXa9EhUyWla7T6cUdPxtAWaT,2016-06-25,2021-11-04
P-393fc1a8,ToxicDrift26,agora,5481EB3E54042CD49C7DF6A7BE8B84DDB2871EF8,1DfKWPInf7AxpzhpIERJioPHkNu0u8mjc,2015-09-18,2021-04-28
P-66c38326,ToxicDrift26,silkroad2,5481EB3E54042CD49C7DF6A7BE8B84DDB2871EF8,1DfKWPInf7AxpzhpIERJioPHkNu0u8mjc,2016-08-25,2021-05-27
P-4b7ca34e,HexFox933,agora,A4DB73B3B60BD0289AEF5FFA2DE790B1E6292543,1qu3Go8bustBWrJ4NnmM4nZ9mtiEdXmLD,2016-03-28,2019-07-10
P-67f71c06,HexFox933,evolution,A4DB73B3B60BD0289AEF5FFA2DE790B1E6292543,1qu3Go8bustBWrJ4NnmM4nZ9mtiEdXmLD,2013-09-27,2020-08-21
P-956c422a,LunarCore839,agora,E549C40411EC969A5944FE2107E14A9CED820DEA,1hv1Y5NvcITLejpNbNgPLYOSxo2YgOku1,2014-11-04,2021-10-21
P-9e4fcb89,LunarCore839,silkroad2,E549C40411EC969A5944FE2107E14A9CED820DEA,1hv1Y5NvcITLejpNbNgPLYOSxo2YgOku1,2016-07-14,2019-11-01
P-aa01eefe,LunarCore839,abraxas,E549C40411EC969A5944FE2107E14A9CED820DEA,1hv1Y5NvcITLejpNbNgPLYOSxo2YgOku1,2018-04-05,2019-10-19
P-98c6aeb2,LunarCore839,berlusconi,E549C40411EC969A5944FE2107E14A9CED820DEA,1hv1Y5NvcITLejpNbNgPLYOSxo2YgOku1,2017-01-11,2020-03-19
P-1ac4a6b9,NightSerpent979,evolution,083B157381A2D792C467117EB0B2483871DD2518,1NS6rkgxfFAM0E0nVFeutL6Y14DVN2JYN,2016-11-03,2020-01-24
P-542c4c64,NightSerpent979,silkroad2,083B157381A2D792C467117EB0B2483871DD2518,1NS6rkgxfFAM0E0nVFeutL6Y14DVN2JYN,2017-11-13,2019-03-15
P-4d4fc776,NightSerpent979,alphabay,083B157381A2D792C467117EB0B2483871DD2518,1NS6rkgxfFAM0E0nVFeutL6Y14DVN2JYN,2016-12-28,2020-03-16
P-97b09616,NightSerpent979,torrez,083B157381A2D792C467117EB0B2483871DD2518,1NS6rkgxfFAM0E0nVFeutL6Y14DVN2JYN,2015-06-05,2021-02-01
P-99657be1,PyroBlade795,abraxas,FBD42894D7F082C32AB00441D6AD99239B0FA062,1VOCyQMbWhKVAhMU2HN8vC4bYr56cXGzM,2014-10-15,2021-04-22
P-460e93f8,PyroBlade795,evolution,FBD42894D7F082C32AB00441D6AD99239B0FA062,1VOCyQMbWhKVAhMU2HN8vC4bYr56cXGzM,2017-08-08,2019-08-17
P-eaf3882c,EmberArc595,agora,374FAA733086CB6ECBC3B02E9530B349DD0214DE,1pvJG2cxfg4bF5s5Ptx8HjX1TOYRjOrlx,2013-10-27,2020-03-08
P-510a4eb9,EmberArc595,silkroad2,374FAA733086CB6ECBC3B02E9530B349DD0214DE,1pvJG2cxfg4bF5s5Ptx8HjX1TOYRjOrlx,2016-12-03,2018-12-02
P-af9c362c,EmberArc595,darkfox,374FAA733086CB6ECBC3B02E9530B349DD0214DE,1pvJG2cxfg4bF5s5Ptx8HjX1TOYRjOrlx,2017-09-16,2022-02-26
P-b20e4748,EmberArc595,versus,374FAA733086CB6ECBC3B02E9530B349DD0214DE,1pvJG2cxfg4bF5s5Ptx8HjX1TOYRjOrlx,2017-05-23,2019-12-25
P-653d896a,ChaosReaper413,evolution,6213E7AC0893E3CD9FBE6C6AB0A35BCACB127BE6,1q68Fzplcr9Try9f1t7GVejml84mpuBeM,2017-11-18,2018-08-16
P-c3a5219c,ChaosReaper413,nucleus,6213E7AC0893E3CD9FBE6C6AB0A35BCACB127BE6,1q68Fzplcr9Try9f1t7GVejml84mpuBeM,2013-05-26,2021-12-25
P-8988d8a2,LunarReaper457,evolution,B7F8FD9F2A0524FB15F56F1D332861ECBA83DDF1,19HDgmjVV5OXpIeZNHjsYPYLeJbMXwRkL,2013-06-13,2021-07-26
P-aba8567f,LunarReaper457,outlaw_market,B7F8FD9F2A0524FB15F56F1D332861ECBA83DDF1,19HDgmjVV5OXpIeZNHjsYPYLeJbMXwRkL,2013-02-05,2020-10-25
P-fd6fd0ab,LunarLotus837,evolution,A092552B24D13D1B51465F0534959D2883B058A7,1x8qzjv1f1EtkVxfEN8dHmHLUc11N8mch,2013-12-06,2020-07-22
P-0cabdd8f,LunarLotus837,nucleus,A092552B24D13D1B51465F0534959D2883B058A7,1x8qzjv1f1EtkVxfEN8dHmHLUc11N8mch,2015-03-08,2021-04-09
P-2b12f8d0,LunarLotus837,versus,A092552B24D13D1B51465F0534959D2883B058A7,1x8qzjv1f1EtkVxfEN8dHmHLUc11N8mch,2014-06-21,2019-08-23
P-ddc7c3a8,VoidLotus493,agora,EA7706650732E120270F93A4F1EB8C958ABC7F1B,1oGz3MQb3JzOqEkub0DXqc4nxaLt2AyMZ,2016-04-25,2020-06-10
P-a83ed4be,VoidLotus493,silkroad2,EA7706650732E120270F93A4F1EB8C958ABC7F1B,1oGz3MQb3JzOqEkub0DXqc4nxaLt2AyMZ,2016-06-26,2021-12-09
P-7e31f089,VoidLotus493,dark0de,EA7706650732E120270F93A4F1EB8C958ABC7F1B,1oGz3MQb3JzOqEkub0DXqc4nxaLt2AyMZ,2018-05-20,2019-03-05
P-c3fc65ca,ObsidianCore972,abraxas,4D237B76C85A06CB46C9937129B6EBFA695F8221,1kZC92ibzCbiJFEnRu0E7uYqRyx6JUCkA,2017-05-01,2019-06-19
P-5a0e60af,ObsidianCore972,agora,4D237B76C85A06CB46C9937129B6EBFA695F8221,1kZC92ibzCbiJFEnRu0E7uYqRyx6JUCkA,2015-12-10,2020-12-06
P-4ca9bee9,ObsidianCore972,empire,4D237B76C85A06CB46C9937129B6EBFA695F8221,1kZC92ibzCbiJFEnRu0E7uYqRyx6JUCkA,2018-11-10,2022-12-15
P-9736409d,PhantomTrader458,agora,CE9DD2C4052D63AEA35E075ACD938EE5CC83B9BF,18ED84x2QdVL6b1ZGJ6LLTJPPjsPf6w7a,2015-03-24,2019-03-20
P-2d23ecf4,PhantomTrader458,silkroad2,CE9DD2C4052D63AEA35E075ACD938EE5CC83B9BF,18ED84x2QdVL6b1ZGJ6LLTJPPjsPf6w7a,2015-07-09,2019-01-28
P-34dc710a,BlazeDragon234,agora,CC28B850A6DF67EF28D68548EA71B729CC9FD784,1e9hAK24ihIyz1CwbjWP8Jgqvrx5aQOHn,2014-10-10,2019-10-01
P-68e3b342,BlazeDragon234,evolution,CC28B850A6DF67EF28D68548EA71B729CC9FD784,1e9hAK24ihIyz1CwbjWP8Jgqvrx5aQOHn,2015-06-24,2021-08-20
P-c287574a,BlazeDragon234,themarketplace,CC28B850A6DF67EF28D68548EA71B729CC9FD784,1e9hAK24ihIyz1CwbjWP8Jgqvrx5aQOHn,2015-06-21,2020-10-28
P-c2b03c49,BlazeDragon234,1776,CC28B850A6DF67EF28D68548EA71B729CC9FD784,1e9hAK24ihIyz1CwbjWP8Jgqvrx5aQOHn,2018-06-17,2021-07-28
P-873532ba,IronVenom91,agora,D705D928CDB97C5625841F3FC3EC87B29A5D3DB4,1hsBIsP7LpsQdsouceggAQgoX3w5pUszj,2016-11-06,2021-03-16
P-84d4b68c,IronVenom91,nucleus,D705D928CDB97C5625841F3FC3EC87B29A5D3DB4,1hsBIsP7LpsQdsouceggAQgoX3w5pUszj,2016-01-22,2018-06-08
P-def1c6e0,DarkFox819,agora,0AF0CDF0050EAB5E4F72BE85A504AEA38ED4C319,1XWHtvbDBCTQnt9laz4l0e2HLpTYb8cqr,2015-04-08,2019-05-20
P-6bb77b97,DarkFox819,nucleus,0AF0CDF0050EAB5E4F72BE85A504AEA38ED4C319,1XWHtvbDBCTQnt9laz4l0e2HLpTYb8cqr,2013-11-07,2020-08-15
P-bae66d5f,DarkFox819,hansa,0AF0CDF0050EAB5E4F72BE85A504AEA38ED4C319,1XWHtvbDBCTQnt9laz4l0e2HLpTYb8cqr,2018-11-01,2020-12-07
P-5e6b804b,CobaltCore853,nucleus,1C86F0365ED035228D46CF544DD12141F171A365,1fOe45FbVcXgwTQQWDKn2VnJHp60FNQ8o,2015-11-02,2021-11-04
P-c0724fb5,CobaltCore853,silkroad2,1C86F0365ED035228D46CF544DD12141F171A365,1fOe45FbVcXgwTQQWDKn2VnJHp60FNQ8o,2015-09-03,2020-09-18
P-d0e0b866,CobaltCore853,dark0de,1C86F0365ED035228D46CF544DD12141F171A365,1fOe45FbVcXgwTQQWDKn2VnJHp60FNQ8o,2018-02-26,2019-08-19
P-984e703d,ToxicHunter828,agora,0CFEE016155B3726C640D1BC6112CE1E1EB0FD07,1swEEJChp9Da3Ufe7da77MwKwcpaCRdTV,2017-04-08,2020-12-06
P-8cfbfd5c,ToxicHunter828,evolution,0CFEE016155B3726C640D1BC6112CE1E1EB0FD07,1swEEJChp9Da3Ufe7da77MwKwcpaCRdTV,2014-04-23,2021-03-02
P-560fc009,ToxicHunter828,torrez,0CFEE016155B3726C640D1BC6112CE1E1EB0FD07,1swEEJChp9Da3Ufe7da77MwKwcpaCRdTV,2018-05-18,2021-02-24
P-7fb2ee60,ToxicHunter828,vice_city,0CFEE016155B3726C640D1BC6112CE1E1EB0FD07,1swEEJChp9Da3Ufe7da77MwKwcpaCRdTV,2015-12-27,2019-03-17
P-e060f202,ChaosHelix988,evolution,47AABF1113AB546BD45A1DDFBF7584008E066F20,1kIRUohoU1w912Jwc44ylYO2pl0lUiQrH,2015-01-07,2019-04-19
P-3bfefe6e,ChaosHelix988,silkroad2,47AABF1113AB546BD45A1DDFBF7584008E066F20,1kIRUohoU1w912Jwc44ylYO2pl0lUiQrH,2017-08-15,2018-09-26
P-605a87f8,ChaosHelix988,abraxas,47AABF1113AB546BD45A1DDFBF7584008E066F20,1kIRUohoU1w912Jwc44ylYO2pl0lUiQrH,2014-06-26,2019-04-16
P-6d5fd08b,ChaosHelix988,empire,47AABF1113AB546BD45A1DDFBF7584008E066F20,1kIRUohoU1w912Jwc44ylYO2pl0lUiQrH,2014-08-03,2022-04-04
P-4013af88,FrostLotus101,agora,A63E8A5F2B0AF1D336F4A9E9AB47F6ADCB4D89DD,1N4J3lIFXXnBszq4PaQU0ibGNJA193Vqg,2017-10-07,2021-05-19
P-1c9d5416,FrostLotus101,evolution,A63E8A5F2B0AF1D336F4A9E9AB47F6ADCB4D89DD,1N4J3lIFXXnBszq4PaQU0ibGNJA193Vqg,2013-10-14,2018-12-15
P-efb17d88,FrostLotus101,wall_street,A63E8A5F2B0AF1D336F4A9E9AB47F6ADCB4D89DD,1N4J3lIFXXnBszq4PaQU0ibGNJA193Vqg,2015-10-26,2022-01-09
P-958331f3,FrostLotus101,1776,A63E8A5F2B0AF1D336F4A9E9AB47F6ADCB4D89DD,1N4J3lIFXXnBszq4PaQU0ibGNJA193Vqg,2017-10-09,2022-11-06
P-cb429999,BlazeHawk452,agora,71AB875D12114A5C72B54E39719F7BDE882EF720,1auK4M9liZN5dEzs0uhtuQrYATAIGWo92,2015-09-16,2020-11-10
P-b9d4d18d,BlazeHawk452,evolution,71AB875D12114A5C72B54E39719F7BDE882EF720,1auK4M9liZN5dEzs0uhtuQrYATAIGWo92,2015-09-08,2020-05-22
P-03c1b819,EmberEcho917,agora,1EABFBF747E7CFD54651757D897544E1F6A6E329,1vHMIbkAvphyFfdyB3FfUPfiOTHr33FBR,2017-09-10,2021-02-25
P-0592b49f,EmberEcho917,evolution,1EABFBF747E7CFD54651757D897544E1F6A6E329,1vHMIbkAvphyFfdyB3FfUPfiOTHr33FBR,2014-08-01,2020-09-16
P-9fe7305f,EmberEcho917,world_market,1EABFBF747E7CFD54651757D897544E1F6A6E329,1vHMIbkAvphyFfdyB3FfUPfiOTHr33FBR,2017-03-06,2019-07-22
P-be52633b,ToxicDrift18,nucleus,52ECA286453C016A63E7D3A99696E559C67ED858,1EonO5P1KJtib64vpWiJhlcdJ1C8i3spf,2015-02-28,2021-06-21
P-e18d76f4,ToxicDrift18,outlaw_market,52ECA286453C016A63E7D3A99696E559C67ED858,1EonO5P1KJtib64vpWiJhlcdJ1C8i3spf,2017-03-07,2018-04-07
P-50f13c95,BlazeEcho240,evolution,627BA53E2AA392904A23D60E0EF7F837CDC57966,1uUJnU46NzhZgWEIfgEpbvylAbiIJxs1R,2015-09-10,2020-09-16
P-6c330062,BlazeEcho240,nucleus,627BA53E2AA392904A23D60E0EF7F837CDC57966,1uUJnU46NzhZgWEIfgEpbvylAbiIJxs1R,2013-11-10,2019-10-22
P-2302dab0,AzureSpecter127,agora,190486E781A6F916DA6A9C3C00D22C1E6EC060D7,1vnFIF0JnIK3bZQ8JRrFTf8SllB9I10sg,2014-06-06,2019-07-26
P-c7eec7d1,AzureSpecter127,evolution,190486E781A6F916DA6A9C3C00D22C1E6EC060D7,1vnFIF0JnIK3bZQ8JRrFTf8SllB9I10sg,2014-03-20,2019-06-17
P-7ebdbb34,StormPhoenix525,agora,143199DB35B52FA45C1B7F351940C44CFDEF4AB0,1vf3x0I5qcC1VemuGifV8RrkeTAeElXrV,2016-11-20,2021-12-09
P-6d0977c5,StormPhoenix525,evolution,143199DB35B52FA45C1B7F351940C44CFDEF4AB0,1vf3x0I5qcC1VemuGifV8RrkeTAeElXrV,2014-05-16,2020-06-05
P-75a7b251,AzureShade176,evolution,7B96B95BA3DC3B7D9F4973593E3470CE1FFBC0EC,1rGMWvuE2i35rlK1HANw9afog0XQyu0RH,2015-06-24,2020-12-11
P-333ed577,AzureShade176,silkroad2,7B96B95BA3DC3B7D9F4973593E3470CE1FFBC0EC,1rGMWvuE2i35rlK1HANw9afog0XQyu0RH,2016-05-14,2021-07-01
P-1a990ce2,AzureShade176,cannahome,7B96B95BA3DC3B7D9F4973593E3470CE1FFBC0EC,1rGMWvuE2i35rlK1HANw9afog0XQyu0RH,2017-01-14,2021-11-26
P-1906d724,AzureShade176,outlaw_market,7B96B95BA3DC3B7D9F4973593E3470CE1FFBC0EC,1rGMWvuE2i35rlK1HANw9afog0XQyu0RH,2015-08-25,2021-01-27
P-cf8ed5f0,OnyxTiger496,agora,AA55CB0C1AFC6BCE359B1EB4443A47BB150744A5,179nNKw9wpdbgoz7owdQFbcmznhve1oHz,2014-04-22,2020-05-27
P-cb3e08e2,OnyxTiger496,evolution,AA55CB0C1AFC6BCE359B1EB4443A47BB150744A5,179nNKw9wpdbgoz7owdQFbcmznhve1oHz,2015-01-11,2021-07-11
P-ab33a479,OnyxTiger496,hansa,AA55CB0C1AFC6BCE359B1EB4443A47BB150744A5,179nNKw9wpdbgoz7owdQFbcmznhve1oHz,2018-09-24,2020-04-20
P-8717a878,ToxicDrift946,abraxas,9F5869F5A3A16B90CA6E09D77CB5ABDCB7EF00B8,1mrSon1FGIZ25pukwmkf9jzhnOStqVKAi,2017-08-28,2020-02-03
P-1ad61a4e,ToxicDrift946,evolution,9F5869F5A3A16B90CA6E09D77CB5ABDCB7EF00B8,1mrSon1FGIZ25pukwmkf9jzhnOStqVKAi,2014-03-11,2021-12-19
P-a8142248,VoidDragon24,agora,66E7AA1AFD4FFCA02D4F825616845B4A6F7DC882,1iKiaASiVUa8Zg4GdO4y1elMa7vuSQtJl,2016-01-25,2021-12-23
P-59380fd4,VoidDragon24,outlaw_market,66E7AA1AFD4FFCA02D4F825616845B4A6F7DC882,1iKiaASiVUa8Zg4GdO4y1elMa7vuSQtJl,2016-04-09,2021-01-04
P-644816cc,GrimVenom959,agora,4693AE5EE88C9EE615E57731AD7FEA90D28099B3,1qTxIOv9VTZnKUmurT03I1p5DScbRJeNW,2013-11-11,2020-09-12
P-0d16ff0c,GrimVenom959,silkroad2,4693AE5EE88C9EE615E57731AD7FEA90D28099B3,1qTxIOv9VTZnKUmurT03I1p5DScbRJeNW,2016-05-04,2021-03-24
P-fbb46d4c,CrimsonNexus417,evolution,8568955EC799C806420A66C344E8D63ADC0E120A,166FI6i0Q2jp7aDSXtX6LgDePYWA9YH22,2013-06-25,2021-03-28
P-94735b77,CrimsonNexus417,nucleus,8568955EC799C806420A66C344E8D63ADC0E120A,166FI6i0Q2jp7aDSXtX6LgDePYWA9YH22,2014-10-10,2019-09-03
P-8757bac3,ChaosBroker999,outlaw_market,52F2FE46C0F33FB1D9794506F21F8BEC41732F76,197E9pbLh2ctSc4RHvPgSh0OHpRDYoTrN,2016-04-11,2020-09-17
P-4ac51eb1,ChaosBroker999,silkroad2,52F2FE46C0F33FB1D9794506F21F8BEC41732F76,197E9pbLh2ctSc4RHvPgSh0OHpRDYoTrN,2015-12-01,2019-02-28
P-1bc15dd2,ChaosBroker999,dark0de,52F2FE46C0F33FB1D9794506F21F8BEC41732F76,197E9pbLh2ctSc4RHvPgSh0OHpRDYoTrN,2016-06-25,2022-12-07
P-69f10739,ChaosBroker999,berlusconi,52F2FE46C0F33FB1D9794506F21F8BEC41732F76,197E9pbLh2ctSc4RHvPgSh0OHpRDYoTrN,2015-06-15,2020-08-12
P-2dcef264,AzureWolf726,agora,81318EE716E529FC35D740BC1FF4F3525C6F2BF0,1iWJP3JZ5e8xGmxBt8ctDuTeidbqDIRMm,2015-04-22,2020-05-20
P-59661fc1,AzureWolf726,evolution,81318EE716E529FC35D740BC1FF4F3525C6F2BF0,1iWJP3JZ5e8xGmxBt8ctDuTeidbqDIRMm,2013-03-04,2021-07-13
P-eb3a01d0,IronTrader258,agora,F75F89FF51EDD5F61B69E819317CE5E7FFB030C3,141MmZoDPOzqZmIqt6tkbuz4KQFkl5pxG,2016-01-27,2018-09-12
P-88c15d04,IronTrader258,evolution,F75F89FF51EDD5F61B69E819317CE5E7FFB030C3,141MmZoDPOzqZmIqt6tkbuz4KQFkl5pxG,2013-10-14,2018-09-28
P-58aa7e6c,BlazeArc42,agora,09079AF13525361169205982F89FE8439737792E,1n3GHcTVJ1aQbuCvpAXqqJAR1j1eRqKtQ,2015-09-16,2020-10-11
P-9633e290,BlazeArc42,silkroad2,09079AF13525361169205982F89FE8439737792E,1n3GHcTVJ1aQbuCvpAXqqJAR1j1eRqKtQ,2013-12-03,2018-09-25
P-1fff5deb,BlazeArc42,berlusconi,09079AF13525361169205982F89FE8439737792E,1n3GHcTVJ1aQbuCvpAXqqJAR1j1eRqKtQ,2014-09-06,2019-10-15
P-419f6c81,PyroLotus48,agora,E9F71F2502BE2BB4F73CD448265B6C199CADCA19,1W1Bln10Zq976UHcM0EhbVQZqB02dFbZd,2017-11-07,2018-11-14
P-3057e20d,PyroLotus48,evolution,E9F71F2502BE2BB4F73CD448265B6C199CADCA19,1W1Bln10Zq976UHcM0EhbVQZqB02dFbZd,2015-08-15,2019-11-11
P-1bead4b6,PyroLotus48,hansa,E9F71F2502BE2BB4F73CD448265B6C199CADCA19,1W1Bln10Zq976UHcM0EhbVQZqB02dFbZd,2014-03-21,2021-08-17
P-4bf8919d,PyroLotus48,alphabay,E9F71F2502BE2BB4F73CD448265B6C199CADCA19,1W1Bln10Zq976UHcM0EhbVQZqB02dFbZd,2017-01-13,2021-01-20
P-21ab2055,JadeWraith867,agora,786731BBDE22C59E4DCEB48D19A71C07B9D134B9,18SeOSSd3eSseem8c6Y47C7yXKpM16XrC,2016-01-01,2019-06-14
P-0b9a9f46,JadeWraith867,evolution,786731BBDE22C59E4DCEB48D19A71C07B9D134B9,18SeOSSd3eSseem8c6Y47C7yXKpM16XrC,2014-05-28,2019-10-22
P-65db113e,IronFox570,agora,0D48F1C7576A6BBA4051AFF6712B3C187B71E095,1vroyudtk25ej1ZNXAoj9DrQUJmCRHfLj,2015-09-15,2019-10-12
P-753a06da,IronFox570,nucleus,0D48F1C7576A6BBA4051AFF6712B3C187B71E095,1vroyudtk25ej1ZNXAoj9DrQUJmCRHfLj,2017-03-07,2019-04-10
P-ded34d55,ChaosArc43,evolution,883BF15D01CCBE06C79CB1BAD58D7549A982695C,11xUAEUq6JXbhbBjKNJaNEvxtUS1zNsWq,2014-02-01,2018-03-18
P-62226068,ChaosArc43,nucleus,883BF15D01CCBE06C79CB1BAD58D7549A982695C,11xUAEUq6JXbhbBjKNJaNEvxtUS1zNsWq,2015-02-11,2020-04-22
P-207da5b9,ChaosArc43,empire,883BF15D01CCBE06C79CB1BAD58D7549A982695C,11xUAEUq6JXbhbBjKNJaNEvxtUS1zNsWq,2015-04-10,2020-07-09
P-2c18f810,ChaosArc43,dark0de,883BF15D01CCBE06C79CB1BAD58D7549A982695C,11xUAEUq6JXbhbBjKNJaNEvxtUS1zNsWq,2015-04-25,2021-01-05
P-1ae68c48,EmberLotus2,agora,01AC2C7B30DD7F7A8F90499534E4CC62845464F8,1WvIJZK1n2nSRLiKohxaSVc99LDg8OYlI,2016-02-27,2021-01-15
P-6ced3aad,EmberLotus2,silkroad2,01AC2C7B30DD7F7A8F90499534E4CC62845464F8,1WvIJZK1n2nSRLiKohxaSVc99LDg8OYlI,2014-07-02,2021-08-13
P-47cc7f8d,RogueWraith96,agora,9EAD372C443F8908178EC968013EDCDFAF2120A0,1pS5k5KIW8R7u44D27ir2PFvTk6Nfmrbh,2014-04-25,2021-10-27
P-2ab103e3,RogueWraith96,evolution,9EAD372C443F8908178EC968013EDCDFAF2120A0,1pS5k5KIW8R7u44D27ir2PFvTk6Nfmrbh,2013-02-06,2018-03-25
P-46c19cb7,ObsidianDragon154,agora,A779341FD197EFCABDF9CC3EB0E03D39B3AF2A7D,12JBaxaaxMFyP2S5REeDc5bvcb6lrApL0,2014-02-16,2020-12-11
P-aaf8c93c,ObsidianDragon154,evolution,A779341FD197EFCABDF9CC3EB0E03D39B3AF2A7D,12JBaxaaxMFyP2S5REeDc5bvcb6lrApL0,2016-04-07,2018-09-12
P-6898c049,ObsidianDragon154,1776,A779341FD197EFCABDF9CC3EB0E03D39B3AF2A7D,12JBaxaaxMFyP2S5REeDc5bvcb6lrApL0,2017-05-17,2019-08-01
P-a3080746,VoidPhoenix957,evolution,62859A06108444B4F5C01F6CF2CD065E820ACF35,16jN6gstO8aojSgMDn3OCTZ3a7Kix625s,2013-07-26,2021-07-28
P-51ace2cb,VoidPhoenix957,nucleus,62859A06108444B4F5C01F6CF2CD065E820ACF35,16jN6gstO8aojSgMDn3OCTZ3a7Kix625s,2013-06-12,2020-02-14
P-7463f308,AshenWraith635,abraxas,0BDA03280CEE7F1649662131A388F4E775D17077,1q4hmt5kkUyHhNsKu85uZyQFh6EQglXNm,2015-04-23,2018-11-21
P-22646f20,AshenWraith635,evolution,0BDA03280CEE7F1649662131A388F4E775D17077,1q4hmt5kkUyHhNsKu85uZyQFh6EQglXNm,2016-08-01,2020-12-21
P-454bc8c1,AshenWraith635,hydra,0BDA03280CEE7F1649662131A388F4E775D17077,1q4hmt5kkUyHhNsKu85uZyQFh6EQglXNm,2016-01-05,2020-03-19
P-a90149e7,AshenWraith635,dream_market,0BDA03280CEE7F1649662131A388F4E775D17077,1q4hmt5kkUyHhNsKu85uZyQFh6EQglXNm,2014-03-17,2020-03-23
P-b5897837,GrimDragon24,agora,B8FC046B90BC36E4640C251010FC842B08992DE5,1WaTjlntJ1C2dLPpyZF6e6ihSNhPZBCFQ,2016-01-02,2019-12-22
P-55f0b93d,GrimDragon24,nucleus,B8FC046B90BC36E4640C251010FC842B08992DE5,1WaTjlntJ1C2dLPpyZF6e6ihSNhPZBCFQ,2015-06-20,2021-03-14
P-67830022,HexArc505,evolution,EDABCF19BF7A2EB977DE44308DAC151A360B7E04,1DMb0G59qqsCHyq3LK6jQY8n1mf1pEBIe,2014-03-17,2019-12-26
P-fa905581,HexArc505,silkroad2,EDABCF19BF7A2EB977DE44308DAC151A360B7E04,1DMb0G59qqsCHyq3LK6jQY8n1mf1pEBIe,2014-06-04,2019-01-16
P-c9e9d143,HexArc505,outlaw_market,EDABCF19BF7A2EB977DE44308DAC151A360B7E04,1DMb0G59qqsCHyq3LK6jQY8n1mf1pEBIe,2015-05-13,2021-05-20
P-4b8a6915,ChaosReaper28,agora,C5F06843A52D1035D4FF808CB1679A7DB9E3A9B3,1oHqoPwbBWzTBGfio8lGCIJW6ci5bYVkO,2015-01-26,2018-06-01
P-70f1fae0,ChaosReaper28,evolution,C5F06843A52D1035D4FF808CB1679A7DB9E3A9B3,1oHqoPwbBWzTBGfio8lGCIJW6ci5bYVkO,2016-01-24,2019-07-02
P-f50ff0e9,ChaosReaper28,wall_street,C5F06843A52D1035D4FF808CB1679A7DB9E3A9B3,1oHqoPwbBWzTBGfio8lGCIJW6ci5bYVkO,2018-07-25,2020-03-04
P-33a87d60,HexHunter616,abraxas,848F3EF3DC46544CEEB3FFF237131F2B9714728D,1t53RH7vqJc9zCccJycQoSGslUtNLE2mr,2013-06-08,2018-07-03
P-49c394a5,HexHunter616,agora,848F3EF3DC46544CEEB3FFF237131F2B9714728D,1t53RH7vqJc9zCccJycQoSGslUtNLE2mr,2013-08-15,2021-09-15
P-76bbfbb8,NeonSerpent565,agora,51379A31222FC729E5EAB4EBA13006D1920D8C24,1IMsOqdQdmc9catd5qrDCrU8Nee9gjOR4,2014-10-26,2018-05-16
P-cabf03f5,NeonSerpent565,silkroad2,51379A31222FC729E5EAB4EBA13006D1920D8C24,1IMsOqdQdmc9catd5qrDCrU8Nee9gjOR4,2016-05-05,2020-11-18
P-43cc4bf9,NeonFlux778,evolution,3458E851DD78192B6437F0273A0CED2FED721F1D,13iXEOc7v7t9g4mjfQTUarlFmGAFs5cBD,2015-10-22,2018-08-16
P-4fc389c3,NeonFlux778,silkroad2,3458E851DD78192B6437F0273A0CED2FED721F1D,13iXEOc7v7t9g4mjfQTUarlFmGAFs5cBD,2017-04-05,2019-09-05
P-64ae42a3,NeonFlux778,hydra,3458E851DD78192B6437F0273A0CED2FED721F1D,13iXEOc7v7t9g4mjfQTUarlFmGAFs5cBD,2015-04-22,2019-12-04
P-41c533e9,IronPhoenix373,agora,5B0BB69D07B3A8861CDA5E3F4540D0B0A5E1046E,1W6HZbivJSf4Bo1HB73eHyWC4KaSmhH1G,2016-05-20,2018-04-08
P-caaf6d04,IronPhoenix373,evolution,5B0BB69D07B3A8861CDA5E3F4540D0B0A5E1046E,1W6HZbivJSf4Bo1HB73eHyWC4KaSmhH1G,2015-03-24,2020-06-23
P-f5a0fa43,ChaosDragon263,abraxas,65CB146BB30476C5B94766906AF4409FA4A56076,1zS9HDgRWJ5i455VrdIksVAljZ6FaASlq,2016-11-19,2020-03-11
P-730238c1,ChaosDragon263,evolution,65CB146BB30476C5B94766906AF4409FA4A56076,1zS9HDgRWJ5i455VrdIksVAljZ6FaASlq,2016-06-22,2019-10-24
P-ade5f3e9,ChaosDragon263,hansa,65CB146BB30476C5B94766906AF4409FA4A56076,1zS9HDgRWJ5i455VrdIksVAljZ6FaASlq,2014-12-26,2022-11-02
P-6c2ecd65,AzurePhoenix927,agora,57A1EACF61CB0EEF46A20E6D369043FF7E644E3F,1IhxKlOcMn2E6pZtl2NSHHbeddVx17BdP,2014-03-01,2019-11-02
P-cfd77e1d,AzurePhoenix927,silkroad2,57A1EACF61CB0EEF46A20E6D369043FF7E644E3F,1IhxKlOcMn2E6pZtl2NSHHbeddVx17BdP,2014-03-13,2020-01-19
P-83bdc7cb,AzurePhoenix927,dream_market,57A1EACF61CB0EEF46A20E6D369043FF7E644E3F,1IhxKlOcMn2E6pZtl2NSHHbeddVx17BdP,2017-08-28,2021-04-21
P-8ced4167,ViperVenom121,evolution,EFBA3F087F7112D14779EDC4F5DAB3412E940401,15N7Fgla73WvNfCzGTJhvKCDQpxG3EDcT,2017-07-15,2019-08-20
P-ebc934d1,ViperVenom121,nucleus,EFBA3F087F7112D14779EDC4F5DAB3412E940401,15N7Fgla73WvNfCzGTJhvKCDQpxG3EDcT,2015-09-15,2018-12-09
P-1e7ff0c6,ViperVenom121,cannahome,EFBA3F087F7112D14779EDC4F5DAB3412E940401,15N7Fgla73WvNfCzGTJhvKCDQpxG3EDcT,2018-06-11,2020-05-11
P-3f110450,ObsidianSpecter523,agora,3A1DB273FF02AC648DD61A3368581D9D0DFE2AAF,1U3VmFbk5HN6knhuTGvbbN5AlB4CzXzbX,2016-09-15,2018-11-28
P-97ebb89d,ObsidianSpecter523,evolution,3A1DB273FF02AC648DD61A3368581D9D0DFE2AAF,1U3VmFbk5HN6knhuTGvbbN5AlB4CzXzbX,2015-09-09,2018-06-14
P-bf290334,ObsidianSpecter523,cannahome,3A1DB273FF02AC648DD61A3368581D9D0DFE2AAF,1U3VmFbk5HN6knhuTGvbbN5AlB4CzXzbX,2014-09-05,2019-04-15
P-320f5257,ViperEcho18,agora,9F9CD530377E15E8E8B0A09938D4FA6EBD1849B4,1ogstoDHlEE81wOZbkeGsvC1tBbIKLu3V,2013-02-18,2020-03-28
P-eca5f689,ViperEcho18,evolution,9F9CD530377E15E8E8B0A09938D4FA6EBD1849B4,1ogstoDHlEE81wOZbkeGsvC1tBbIKLu3V,2015-05-15,2021-09-03
P-1c3d0614,ViperEcho18,berlusconi,9F9CD530377E15E8E8B0A09938D4FA6EBD1849B4,1ogstoDHlEE81wOZbkeGsvC1tBbIKLu3V,2018-03-13,2020-03-27
P-c9b24ab3,ViperEcho18,darkfox,9F9CD530377E15E8E8B0A09938D4FA6EBD1849B4,1ogstoDHlEE81wOZbkeGsvC1tBbIKLu3V,2015-01-07,2021-09-20
P-8b614710,ShadowOrbit979,evolution,8FC60B3BDEF83E094884BF189B3A7F310177ED80,1cDoyVxq88fZ7X6aqp9qYfQUk9exM44V9,2014-10-28,2018-09-12
P-3d12a991,ShadowOrbit979,silkroad2,8FC60B3BDEF83E094884BF189B3A7F310177ED80,1cDoyVxq88fZ7X6aqp9qYfQUk9exM44V9,2017-04-23,2019-06-06
P-4a2a3265,ShadowOrbit979,cannahome,8FC60B3BDEF83E094884BF189B3A7F310177ED80,1cDoyVxq88fZ7X6aqp9qYfQUk9exM44V9,2014-11-06,2020-12-05
P-0fbbeff1,ShadowOrbit979,world_market,8FC60B3BDEF83E094884BF189B3A7F310177ED80,1cDoyVxq88fZ7X6aqp9qYfQUk9exM44V9,2018-10-14,2020-05-02
P-099c813a,LunarPulse545,agora,CBCC04DC63341420F29AD7BA215E91894B878466,1QVrKksNHAm5qD9XVRHyqlcs7Jx9EzR1V,2016-05-13,2021-08-15
P-78456ef7,LunarPulse545,evolution,CBCC04DC63341420F29AD7BA215E91894B878466,1QVrKksNHAm5qD9XVRHyqlcs7Jx9EzR1V,2015-03-24,2020-01-03
P-0e160ad1,OnyxDragon165,agora,252C5D9FF34EA917BBFE567679AD580D52BD0F91,1gepULQVOeEKwmx6HVPm5asumZHmLfLi4,2015-12-18,2020-04-24
P-daee1d86,OnyxDragon165,nucleus,252C5D9FF34EA917BBFE567679AD580D52BD0F91,1gepULQVOeEKwmx6HVPm5asumZHmLfLi4,2017-10-03,2018-07-05
P-e81b5b23,HexByte257,agora,C562194C2C4997E4C4A0C5345DF4BAD4D35BED8F,1XXmf14Yc4ywP6xDVuEM0hYBELETWTPnc,2014-08-27,2019-04-13
P-19174827,HexByte257,silkroad2,C562194C2C4997E4C4A0C5345DF4BAD4D35BED8F,1XXmf14Yc4ywP6xDVuEM0hYBELETWTPnc,2014-11-14,2021-10-07
P-4eff2123,JadeBroker738,agora,9F3E5C7CD05F4535E2CB36CF23AEDB04474110B9,1hm4U7Ca12xzOjnGyGn6pOYWCcWVaAlA6,2014-06-03,2019-05-05
P-2a5915a1,JadeBroker738,nucleus,9F3E5C7CD05F4535E2CB36CF23AEDB04474110B9,1hm4U7Ca12xzOjnGyGn6pOYWCcWVaAlA6,2016-02-24,2019-04-15
P-a050a7ad,JadeBroker738,outlaw_market,9F3E5C7CD05F4535E2CB36CF23AEDB04474110B9,1hm4U7Ca12xzOjnGyGn6pOYWCcWVaAlA6,2015-11-09,2021-01-21
P-e795ebbc,LunarBroker950,agora,4016335044F891C1530750EBDB16F9D5E674954E,13crUMledCdh60DHPOzOrfCeDum0fSqiC,2013-09-10,2018-11-20
P-e1173a52,LunarBroker950,evolution,4016335044F891C1530750EBDB16F9D5E674954E,13crUMledCdh60DHPOzOrfCeDum0fSqiC,2016-04-22,2021-05-27
P-46dfb174,PyroHawk990,agora,A19FF09C362E420789DD64E747344841AE8ED176,1XAXVal2WpB4EIzt9sJnrXJz4YScDBzxd,2013-09-24,2021-03-03
P-76dca223,PyroHawk990,evolution,A19FF09C362E420789DD64E747344841AE8ED176,1XAXVal2WpB4EIzt9sJnrXJz4YScDBzxd,2015-05-02,2021-05-04
P-1a372571,BlazeHelix2,agora,B1D62C7B3F17793F6C9F0A397416B9F6420CA409,174DWy1nt8mqWYonscLyy2UQNc8Ylod5d,2016-07-19,2019-12-23
P-cab6459b,BlazeHelix2,nucleus,B1D62C7B3F17793F6C9F0A397416B9F6420CA409,174DWy1nt8mqWYonscLyy2UQNc8Ylod5d,2016-05-08,2018-02-24
P-6abbcc07,BlazeHelix2,hydra,B1D62C7B3F17793F6C9F0A397416B9F6420CA409,174DWy1nt8mqWYonscLyy2UQNc8Ylod5d,2018-10-28,2021-04-28
P-83a55a46,BlazeHelix2,1776,B1D62C7B3F17793F6C9F0A397416B9F6420CA409,174DWy1nt8mqWYonscLyy2UQNc8Ylod5d,2017-12-14,2022-01-21
P-3b7c689a,NoirTiger402,evolution,FE3B6456F826C46601BAB09A1EC12260CA1D3AC4,1DVfJC7xtapVUmhVuWdIclnOpJ1Kzstym,2013-05-27,2020-05-21
P-6925c1a1,NoirTiger402,nucleus,FE3B6456F826C46601BAB09A1EC12260CA1D3AC4,1DVfJC7xtapVUmhVuWdIclnOpJ1Kzstym,2017-06-14,2020-06-03
P-34bf2026,NoirTiger402,agora,FE3B6456F826C46601BAB09A1EC12260CA1D3AC4,1DVfJC7xtapVUmhVuWdIclnOpJ1Kzstym,2014-02-23,2022-04-19
P-9aba45b9,JadeBroker425,agora,3462417A920574E8BB73C035F7E8B4B6CEFC3F42,1cJ9EKNpyHgFRDLOlDmi24poWtw3c9Jbm,2016-04-19,2021-11-09
P-77d8f1b0,JadeBroker425,silkroad2,3462417A920574E8BB73C035F7E8B4B6CEFC3F42,1cJ9EKNpyHgFRDLOlDmi24poWtw3c9Jbm,2013-12-16,2021-10-17
P-e8612274,JadeBroker425,themarketplace,3462417A920574E8BB73C035F7E8B4B6CEFC3F42,1cJ9EKNpyHgFRDLOlDmi24poWtw3c9Jbm,2017-01-20,2019-10-27
P-861ad1d9,ViperHunter0,agora,36C281D0BE49A98BC53C271D1CDA55AAB386D6BD,1reUF9XublPdWd3bJhTFTqvn0zXd2OXOC,2013-10-04,2018-04-12
P-e1fcd56f,ViperHunter0,evolution,36C281D0BE49A98BC53C271D1CDA55AAB386D6BD,1reUF9XublPdWd3bJhTFTqvn0zXd2OXOC,2017-11-23,2021-07-23
P-0dbfed0d,OnyxReaper756,evolution,77D2D370750DE9F54364670F6B529070141C2D50,1kcKMYgUKBD8BOM6dOKBClbP71A8JZP71,2013-06-21,2021-08-19
P-ceb3c741,OnyxReaper756,nucleus,77D2D370750DE9F54364670F6B529070141C2D50,1kcKMYgUKBD8BOM6dOKBClbP71A8JZP71,2017-01-13,2021-11-01
P-85730bb6,CrimsonPhoenix49,agora,08761586ADBB5D0371AA3616082FFA54FB7619AB,1RBlWvyGYEybJL0CLLKZXjbSJasu0CpQI,2014-10-06,2018-11-11
P-b3340fb8,CrimsonPhoenix49,evolution,08761586ADBB5D0371AA3616082FFA54FB7619AB,1RBlWvyGYEybJL0CLLKZXjbSJasu0CpQI,2013-05-14,2018-12-15
P-048b6c43,PhantomWraith689,evolution,AA987B2DDCD809CDA8AEB19D5500E36369A984DB,1yFTxHpGmqtj2aZErySxdGZMFhCrMJGSH,2015-06-27,2020-06-08
P-33e4ed60,PhantomWraith689,nucleus,AA987B2DDCD809CDA8AEB19D5500E36369A984DB,1yFTxHpGmqtj2aZErySxdGZMFhCrMJGSH,2015-08-26,2018-06-15
P-5949e2bc,PhantomWraith689,dream_market,AA987B2DDCD809CDA8AEB19D5500E36369A984DB,1yFTxHpGmqtj2aZErySxdGZMFhCrMJGSH,2016-03-07,2021-12-13
P-ecc78cc1,PhantomWraith689,cannazon,AA987B2DDCD809CDA8AEB19D5500E36369A984DB,1yFTxHpGmqtj2aZErySxdGZMFhCrMJGSH,2016-03-28,2022-02-11
P-d6da3295,NeonCrypt867,agora,86AE834AB0058B7B1BD4AACC55A4E91465C9787A,1sOweUQ1h7p7qAhQbanwUliblKOovWmQR,2015-10-18,2019-06-27
P-01364fe1,NeonCrypt867,nucleus,86AE834AB0058B7B1BD4AACC55A4E91465C9787A,1sOweUQ1h7p7qAhQbanwUliblKOovWmQR,2015-02-24,2018-11-13
P-3482c53c,NeonCrypt867,cannazon,86AE834AB0058B7B1BD4AACC55A4E91465C9787A,1sOweUQ1h7p7qAhQbanwUliblKOovWmQR,2016-10-16,2020-07-07
P-5e23efff,NeonCrypt867,evolution,86AE834AB0058B7B1BD4AACC55A4E91465C9787A,1sOweUQ1h7p7qAhQbanwUliblKOovWmQR,2016-12-16,2021-06-26
P-de2df142,ScarletHelix854,agora,91097E14E37EBB035C7B554509732F60722FD3FF,1I3L5Dy0ngrCPfFVdcEBgKvc3e2aGNuHf,2016-06-25,2019-03-11
P-cd81e0d0,ScarletHelix854,silkroad2,91097E14E37EBB035C7B554509732F60722FD3FF,1I3L5Dy0ngrCPfFVdcEBgKvc3e2aGNuHf,2013-02-07,2020-09-23
P-0cf409a0,JadeCipher240,nucleus,39A8351B40C45C2AF5A5996898DCD720BBE936CF,13UiXMbCs5jw6efiT4lFN3FTHATuXeIxt,2017-05-25,2019-07-20
P-1c09e541,JadeCipher240,silkroad2,39A8351B40C45C2AF5A5996898DCD720BBE936CF,13UiXMbCs5jw6efiT4lFN3FTHATuXeIxt,2013-04-03,2018-12-20
P-54cb4a41,CyberDragon803,agora,23B4860A04704DD339E8339F0435DDF8A16B9901,1vseKRccRZDdEwxSfuOF2e8glfiFivlrR,2016-05-05,2020-09-12
P-61f2cc7f,CyberDragon803,silkroad2,23B4860A04704DD339E8339F0435DDF8A16B9901,1vseKRccRZDdEwxSfuOF2e8glfiFivlrR,2016-03-13,2018-12-27
P-c03ed387,VoidByte22,agora,B21A78093FAE11AC78C1F7AB0B25D978F366D230,1RwDPJOeGDwD8dCNv8POb7FlMFLQtdGqX,2015-10-19,2018-06-08
P-d8c0aef6,VoidByte22,evolution,B21A78093FAE11AC78C1F7AB0B25D978F366D230,1RwDPJOeGDwD8dCNv8POb7FlMFLQtdGqX,2016-01-08,2019-11-09
P-24116698,VoidByte22,dark0de,B21A78093FAE11AC78C1F7AB0B25D978F366D230,1RwDPJOeGDwD8dCNv8POb7FlMFLQtdGqX,2014-08-08,2020-04-08
P-e4cd14ad,VoidByte22,silkroad2,B21A78093FAE11AC78C1F7AB0B25D978F366D230,1RwDPJOeGDwD8dCNv8POb7FlMFLQtdGqX,2017-11-26,2020-03-01
P-cc821962,CrimsonLotus25,agora,BB7B7C2E0C1C2EBB1E874C98F3F0837C4025D85E,1oYmV5bZ0d6guZazSGnRWUctfs3PrqCId,2015-04-01,2021-08-14
P-988e19bb,CrimsonLotus25,evolution,BB7B7C2E0C1C2EBB1E874C98F3F0837C4025D85E,1oYmV5bZ0d6guZazSGnRWUctfs3PrqCId,2017-09-19,2019-07-06
P-74208f82,CrimsonLotus25,berlusconi,BB7B7C2E0C1C2EBB1E874C98F3F0837C4025D85E,1oYmV5bZ0d6guZazSGnRWUctfs3PrqCId,2018-10-13,2022-12-09
P-a9ede6c3,ToxicDrift227,agora,876DE90286C7BA5213C5648C53D44184AA18D95C,1WtNgmxX4SQEjbHpArx2Wga7eM399cPuL,2015-05-14,2020-06-08
P-863047e5,ToxicDrift227,evolution,876DE90286C7BA5213C5648C53D44184AA18D95C,1WtNgmxX4SQEjbHpArx2Wga7eM399cPuL,2015-09-12,2018-12-05
P-99f16c71,ToxicDrift227,cannahome,876DE90286C7BA5213C5648C53D44184AA18D95C,1WtNgmxX4SQEjbHpArx2Wga7eM399cPuL,2016-12-08,2020-02-26
P-fa02f85f,ToxicDrift227,silkroad2,876DE90286C7BA5213C5648C53D44184AA18D95C,1WtNgmxX4SQEjbHpArx2Wga7eM399cPuL,2018-12-16,2021-02-26
P-b9a5c4f7,FrostTiger519,agora,41271EE61AA6E83908097F0CF32C90E539283A80,1bacLA9AAwNHgD29HirIVgIOvzL2hCFTl,2017-04-24,2020-12-23
P-7835520c,FrostTiger519,silkroad2,41271EE61AA6E83908097F0CF32C90E539283A80,1bacLA9AAwNHgD29HirIVgIOvzL2hCFTl,2017-04-15,2020-10-27
P-c7ddb10c,CrimsonBlade660,nucleus,F19ED3DE226A55CA899E18E4B5C58A66C91A6501,1JT62xXoM1PSAwgftekKODhheYMAChatx,2013-08-20,2021-08-19
P-d814a48c,CrimsonBlade660,outlaw_market,F19ED3DE226A55CA899E18E4B5C58A66C91A6501,1JT62xXoM1PSAwgftekKODhheYMAChatx,2016-02-06,2018-09-15
P-ad471ced,CrimsonBlade660,torrez,F19ED3DE226A55CA899E18E4B5C58A66C91A6501,1JT62xXoM1PSAwgftekKODhheYMAChatx,2018-11-02,2021-08-28
P-57917bda,CrimsonBlade660,abraxas,F19ED3DE226A55CA899E18E4B5C58A66C91A6501,1JT62xXoM1PSAwgftekKODhheYMAChatx,2015-02-22,2021-02-24
P-7a9d537f,ScarletOrbit559,agora,B9E4F61045DC0EAF61993FE7C2865AC542C1F301,1Kcje5wtD03WzkVcFfbzserliBSbkTjki,2015-10-09,2018-12-20
P-f6a9f02a,ScarletOrbit559,evolution,B9E4F61045DC0EAF61993FE7C2865AC542C1F301,1Kcje5wtD03WzkVcFfbzserliBSbkTjki,2016-07-23,2019-07-07
P-2bf6d9c2,ScarletOrbit559,versus,B9E4F61045DC0EAF61993FE7C2865AC542C1F301,1Kcje5wtD03WzkVcFfbzserliBSbkTjki,2017-05-18,2021-06-08
P-6a37d5f8,ScarletOrbit559,berlusconi,B9E4F61045DC0EAF61993FE7C2865AC542C1F301,1Kcje5wtD03WzkVcFfbzserliBSbkTjki,2018-09-14,2020-09-22
P-6023607f,PhantomOrbit574,agora,215B2A73249F04599A041A1F0E6BD3EB07B596E7,1VncsYtyE6BcmoW8WsB2BKwdIKlrPwkLZ,2017-06-28,2018-10-02
P-e89392d1,PhantomOrbit574,nucleus,215B2A73249F04599A041A1F0E6BD3EB07B596E7,1VncsYtyE6BcmoW8WsB2BKwdIKlrPwkLZ,2015-10-04,2018-10-03
P-b7e848be,PhantomOrbit574,versus,215B2A73249F04599A041A1F0E6BD3EB07B596E7,1VncsYtyE6BcmoW8WsB2BKwdIKlrPwkLZ,2018-07-24,2020-12-07
P-869611bc,JadeHunter719,agora,D3ECB2DA1CC2B3D21251270DEAE5C5DD09069F38,1z4YW7gFcl6SQ7tlKGOLd5rmB2Y4yr0Mw,2014-10-25,2019-03-01
P-6e16cd53,JadeHunter719,silkroad2,D3ECB2DA1CC2B3D21251270DEAE5C5DD09069F38,1z4YW7gFcl6SQ7tlKGOLd5rmB2Y4yr0Mw,2016-12-04,2020-02-04
P-8e13cd95,JadeDragon796,evolution,483042D4EE1FFE40CC046B62917B75E8F21F33B9,12kca4oiiF5OiUGbfT7VknggS1Ohzk0Md,2016-10-23,2021-07-13
P-77f02296,JadeDragon796,nucleus,483042D4EE1FFE40CC046B62917B75E8F21F33B9,12kca4oiiF5OiUGbfT7VknggS1Ohzk0Md,2016-03-28,2020-03-04
P-4f2ef59f,JadeDragon796,agora,483042D4EE1FFE40CC046B62917B75E8F21F33B9,12kca4oiiF5OiUGbfT7VknggS1Ohzk0Md,2016-06-06,2022-05-16
P-2187224c,ViperHunter817,silkroad2,AC1D5F57E4C16A0C59F1D27A7FDDCF3504E7A5AA,1c6BCNAF43HgaBac8ovlhHLkCLlnBQ2Oq,2013-03-09,2021-04-08
P-6d308097,ViperHunter817,themarketplace,AC1D5F57E4C16A0C59F1D27A7FDDCF3504E7A5AA,1c6BCNAF43HgaBac8ovlhHLkCLlnBQ2Oq,2015-11-21,2018-06-15
P-1cc6ab79,ViperHunter817,berlusconi,AC1D5F57E4C16A0C59F1D27A7FDDCF3504E7A5AA,1c6BCNAF43HgaBac8ovlhHLkCLlnBQ2Oq,2014-09-09,2019-10-02
P-6448482f,VoidCrypt593,nucleus,FB755C2108357E7BEC6A84894E5A17D08D9C7460,1jMC3zbsR8sYesEa8qhxovui1bKU7mbbb,2017-01-22,2020-02-06
P-02614b46,VoidCrypt593,outlaw_market,FB755C2108357E7BEC6A84894E5A17D08D9C7460,1jMC3zbsR8sYesEa8qhxovui1bKU7mbbb,2013-09-01,2018-06-13
P-ca82c7bf,BlazeTiger22,agora,B214C46239C1A23B68B83EE9977BFDE122848F94,196Fk6fX89TiCnNQvpuTgFhFSWqyGbVGp,2015-01-26,2020-02-06
P-20fd791e,BlazeTiger22,evolution,B214C46239C1A23B68B83EE9977BFDE122848F94,196Fk6fX89TiCnNQvpuTgFhFSWqyGbVGp,2014-11-20,2021-03-18
P-96658d3e,BlazeTiger22,outlaw_market,B214C46239C1A23B68B83EE9977BFDE122848F94,196Fk6fX89TiCnNQvpuTgFhFSWqyGbVGp,2015-06-04,2020-10-12
P-bad98134,BlazeTiger22,cannazon,B214C46239C1A23B68B83EE9977BFDE122848F94,196Fk6fX89TiCnNQvpuTgFhFSWqyGbVGp,2018-03-15,2020-09-05
P-4df77302,LunarOrbit773,agora,8E511E428B192AC867AEC2226293097328A15E5A,1p7jJsJQIbQzmNxA5vjaIVB9KqLceweF5,2016-01-20,2018-09-26
P-7b1111f6,LunarOrbit773,silkroad2,8E511E428B192AC867AEC2226293097328A15E5A,1p7jJsJQIbQzmNxA5vjaIVB9KqLceweF5,2013-05-10,2018-06-22
P-3a7b400e,LunarOrbit773,alphabay,8E511E428B192AC867AEC2226293097328A15E5A,1p7jJsJQIbQzmNxA5vjaIVB9KqLceweF5,2015-10-17,2020-02-16
P-e72ecfbc,LunarOrbit773,outlaw_market,8E511E428B192AC867AEC2226293097328A15E5A,1p7jJsJQIbQzmNxA5vjaIVB9KqLceweF5,2015-10-05,2021-08-22
P-d98d8fbe,ScarletPulse918,evolution,752DBCBC0B5C5100ECF692F686D4C4B17D8AE1F1,1CLRC3fRAod0GiLFIQmgOfMrRLzYb2394,2017-07-26,2021-02-22
P-f0fa237e,ScarletPulse918,nucleus,752DBCBC0B5C5100ECF692F686D4C4B17D8AE1F1,1CLRC3fRAod0GiLFIQmgOfMrRLzYb2394,2017-02-11,2019-06-05
P-c77bd4c9,PhantomPulse130,agora,573E3B101C440FE41107A6EB79F440965328DDFA,1uzoqIG0lOkXyKlNXKeWLtTsEbzzBEE74,2014-08-07,2021-01-12
P-32ca96c6,PhantomPulse130,nucleus,573E3B101C440FE41107A6EB79F440965328DDFA,1uzoqIG0lOkXyKlNXKeWLtTsEbzzBEE74,2013-08-26,2018-09-03
P-bcef1510,PhantomPulse130,outlaw_market,573E3B101C440FE41107A6EB79F440965328DDFA,1uzoqIG0lOkXyKlNXKeWLtTsEbzzBEE74,2016-09-19,2022-09-21
P-2f030afb,RogueDragon842,agora,2A029A68E58CFFD453B92320062B85DFCAEC4012,1r9FnZE5zwCkxD7HfakNstFl0CNNpznqy,2014-05-11,2019-08-25
P-474b0089,RogueDragon842,nucleus,2A029A68E58CFFD453B92320062B85DFCAEC4012,1r9FnZE5zwCkxD7HfakNstFl0CNNpznqy,2014-05-21,2021-07-14
P-22704407,ViperLotus705,agora,A7C44A07CD1F021FB5B26C5818641FEFA63A38C6,1IaotXhl0Qeda9xshi7rjZRTr2MiNt8eD,2016-02-16,2018-08-04
P-f4f02014,ViperLotus705,silkroad2,A7C44A07CD1F021FB5B26C5818641FEFA63A38C6,1IaotXhl0Qeda9xshi7rjZRTr2MiNt8eD,2015-09-16,2021-05-16
P-b03bf399,ViperLotus705,empire,A7C44A07CD1F021FB5B26C5818641FEFA63A38C6,1IaotXhl0Qeda9xshi7rjZRTr2MiNt8eD,2016-11-23,2019-09-27
P-f7689388,ViperLotus705,hydra,A7C44A07CD1F021FB5B26C5818641FEFA63A38C6,1IaotXhl0Qeda9xshi7rjZRTr2MiNt8eD,2014-04-03,2021-10-24
P-87747dfe,GrimEcho673,agora,2386BEA096D87538E431CE9BD69D8104A6956654,13Uby4dFoKkOscU9Lw9shMdggI7BhjzUc,2017-09-06,2020-12-02
P-5a32c22f,GrimEcho673,evolution,2386BEA096D87538E431CE9BD69D8104A6956654,13Uby4dFoKkOscU9Lw9shMdggI7BhjzUc,2017-01-02,2020-07-07
P-42a75d21,GrimEcho673,alphabay,2386BEA096D87538E431CE9BD69D8104A6956654,13Uby4dFoKkOscU9Lw9shMdggI7BhjzUc,2016-09-02,2022-12-17
P-f850e5fa,CrimsonHelix593,evolution,4C50BA952DA8EF955FCA6CEBE06705C64D59B38D,10rIT3RbDQr860tldt0YhlXhrRZ0SHNxv,2017-03-17,2020-11-23
P-a6c0c16c,CrimsonHelix593,nucleus,4C50BA952DA8EF955FCA6CEBE06705C64D59B38D,10rIT3RbDQr860tldt0YhlXhrRZ0SHNxv,2013-04-04,2021-03-08
P-993e5a93,CrimsonHelix593,dark0de,4C50BA952DA8EF955FCA6CEBE06705C64D59B38D,10rIT3RbDQr860tldt0YhlXhrRZ0SHNxv,2016-02-23,2020-08-07
P-f2a31320,CobaltHawk929,evolution,8B7E9EE9B102BBE058D5BC929236543BA8997BAB,1XhxYfFPalYYeBijeCK7NX6fkfWab4ZN6,2017-11-20,2018-01-13
P-dc3df20c,CobaltHawk929,nucleus,8B7E9EE9B102BBE058D5BC929236543BA8997BAB,1XhxYfFPalYYeBijeCK7NX6fkfWab4ZN6,2014-12-04,2020-01-08
P-779ce15a,CobaltHawk929,torrez,8B7E9EE9B102BBE058D5BC929236543BA8997BAB,1XhxYfFPalYYeBijeCK7NX6fkfWab4ZN6,2016-03-13,2020-06-27
P-b92c6215,CobaltHawk929,hansa,8B7E9EE9B102BBE058D5BC929236543BA8997BAB,1XhxYfFPalYYeBijeCK7NX6fkfWab4ZN6,2017-01-05,2020-10-08
P-eeb65b92,DarkNexus14,agora,EFF2AA0F19F962D7435BE15F1227D5EA14CDDECB,14L953Pa3YXATRxhwefAWMkBJTa7B8pD4,2017-11-09,2021-11-19
P-17562c8e,DarkNexus14,silkroad2,EFF2AA0F19F962D7435BE15F1227D5EA14CDDECB,14L953Pa3YXATRxhwefAWMkBJTa7B8pD4,2015-04-21,2020-07-23
P-06a4f32d,DarkNexus14,cannahome,EFF2AA0F19F962D7435BE15F1227D5EA14CDDECB,14L953Pa3YXATRxhwefAWMkBJTa7B8pD4,2014-07-27,2022-07-09
P-e0f26c75,OnyxVenom697,agora,3069E9120862A09F844A43AD779ECE5FF91E57B8,16wY1ByEVmgyzuYPLMiWJLlRNkq3coBNa,2014-08-09,2018-11-23
P-0243407b,OnyxVenom697,nucleus,3069E9120862A09F844A43AD779ECE5FF91E57B8,16wY1ByEVmgyzuYPLMiWJLlRNkq3coBNa,2016-01-23,2021-03-22
P-3f8234ae,OnyxVenom697,world_market,3069E9120862A09F844A43AD779ECE5FF91E57B8,16wY1ByEVmgyzuYPLMiWJLlRNkq3coBNa,2015-02-21,2019-02-06
P-86b05803,LunarDrift729,agora,FFA6B121FAC9CE6895AE0DED7E026ABCBEADD525,19xkkUJ5ucXMCWCsl8wztJNC3jyS6f5CU,2016-02-06,2020-03-24
P-5e0711c0,LunarDrift729,evolution,FFA6B121FAC9CE6895AE0DED7E026ABCBEADD525,19xkkUJ5ucXMCWCsl8wztJNC3jyS6f5CU,2015-11-23,2021-05-18
P-a164487c,JadeRaven19,agora,686A8D9782B746774EAFCBC89A94506EFE98B017,1b6ZKi7qqfs9eyPECoIbF05nFyjLvg7p0,2015-05-28,2020-02-25
P-a4427325,JadeRaven19,evolution,686A8D9782B746774EAFCBC89A94506EFE98B017,1b6ZKi7qqfs9eyPECoIbF05nFyjLvg7p0,2013-07-27,2019-02-18
P-6e92223c,JadeRaven19,nucleus,686A8D9782B746774EAFCBC89A94506EFE98B017,1b6ZKi7qqfs9eyPECoIbF05nFyjLvg7p0,2017-04-05,2019-08-16
P-9bfd8a11,JadeRaven19,cannahome,686A8D9782B746774EAFCBC89A94506EFE98B017,1b6ZKi7qqfs9eyPECoIbF05nFyjLvg7p0,2014-02-08,2019-07-06
P-0407c29e,ScarletPhoenix256,agora,7C4321E71BF9335BD1FE96E7659E868BF18C8FB7,1oCdorLusnOemnj93A02mPshmRBYBa8R6,2013-12-26,2018-04-14
P-8919c910,ScarletPhoenix256,silkroad2,7C4321E71BF9335BD1FE96E7659E868BF18C8FB7,1oCdorLusnOemnj93A02mPshmRBYBa8R6,2017-06-15,2019-08-20
P-69eb83df,EmberSerpent639,agora,C76543883CCEEFE0D1B3DF241A9F9C6A492671A7,1u5WcGb7FmgRtcRKRjvOXHg1qZNdGKerI,2013-11-17,2019-04-24
P-f3fa5341,EmberSerpent639,evolution,C76543883CCEEFE0D1B3DF241A9F9C6A492671A7,1u5WcGb7FmgRtcRKRjvOXHg1qZNdGKerI,2015-01-19,2018-03-11
P-ea6a04d3,ObsidianSerpent604,agora,494F7E9EB00173928188640B622ACAD23C90A284,1burf4zlphFAewmwSKyJijd3qmeQd4XaF,2015-03-12,2021-04-21
P-69e8caf8,ObsidianSerpent604,evolution,494F7E9EB00173928188640B622ACAD23C90A284,1burf4zlphFAewmwSKyJijd3qmeQd4XaF,2013-07-13,2019-05-17
P-3e2d50c7,ObsidianSerpent604,darkfox,494F7E9EB00173928188640B622ACAD23C90A284,1burf4zlphFAewmwSKyJijd3qmeQd4XaF,2014-04-06,2020-06-22
P-2f035224,ObsidianSerpent604,torrez,494F7E9EB00173928188640B622ACAD23C90A284,1burf4zlphFAewmwSKyJijd3qmeQd4XaF,2017-01-28,2022-02-27
P-1de31251,FrostLotus208,agora,D532ACD17577C4A271F41AD2601FBA8213176180,13UxfvU9zg9846pdoyUxC93g8Bma6nsT1,2014-10-17,2020-09-06
P-3d669ecd,FrostLotus208,evolution,D532ACD17577C4A271F41AD2601FBA8213176180,13UxfvU9zg9846pdoyUxC93g8Bma6nsT1,2014-09-11,2018-02-22
P-474df353,FrostLotus208,alphabay,D532ACD17577C4A271F41AD2601FBA8213176180,13UxfvU9zg9846pdoyUxC93g8Bma6nsT1,2014-07-17,2019-10-24
P-f3c43956,EmberShade728,agora,280F68821F384D6F1680F8ECA156FC3029F8C740,1LkhiHFwKeyimTT7PluAAlhNKTal3XbfR,2014-12-11,2020-01-05
P-61a82c0c,EmberShade728,evolution,280F68821F384D6F1680F8ECA156FC3029F8C740,1LkhiHFwKeyimTT7PluAAlhNKTal3XbfR,2013-11-08,2018-07-01
P-97c55054,NoirByte89,abraxas,0A7896240402B7F49F741178358A3E00B18F1F8B,1PStbN1wADW4BSnCD6O5xOQ68ic0fbaZy,2017-01-27,2021-10-04
P-cd8f6510,NoirByte89,agora,0A7896240402B7F49F741178358A3E00B18F1F8B,1PStbN1wADW4BSnCD6O5xOQ68ic0fbaZy,2014-11-02,2018-01-21
P-50b04890,JadeCrypt914,evolution,AAAAA1458BED210DB573F158C5DA12869CD5792F,1XkKdP6FD1LSLf53IdgTEZAe2hoqfewj5,2016-10-21,2021-05-22
P-7e6bb293,JadeCrypt914,nucleus,AAAAA1458BED210DB573F158C5DA12869CD5792F,1XkKdP6FD1LSLf53IdgTEZAe2hoqfewj5,2017-07-15,2019-11-16
P-248255bf,ObsidianByte129,abraxas,25C38CADA4E063BC4CB65FC2C7A52BFC4E5443F1,1TvFCGaVzb4plJTJEqOoaGTErfuzN88Fq,2017-05-12,2021-08-05
P-adc2b84f,ObsidianByte129,nucleus,25C38CADA4E063BC4CB65FC2C7A52BFC4E5443F1,1TvFCGaVzb4plJTJEqOoaGTErfuzN88Fq,2016-09-12,2019-03-10
P-d7d9a627,SilentRonin263,agora,07F008A1F8CD5F6C2DE19CA9DE4F18AAE29B1016,1TZbOXh4tLlMLY6RVatxYmdCoCfsKaCmS,2014-07-09,2019-06-24
P-fb9a4aa9,SilentRonin263,evolution,07F008A1F8CD5F6C2DE19CA9DE4F18AAE29B1016,1TZbOXh4tLlMLY6RVatxYmdCoCfsKaCmS,2013-07-26,2020-03-02
P-f16265b9,SilentRonin263,versus,07F008A1F8CD5F6C2DE19CA9DE4F18AAE29B1016,1TZbOXh4tLlMLY6RVatxYmdCoCfsKaCmS,2017-07-23,2020-07-05
