source_persona_id,target_persona_id,relation_type,confidence_weight
P-7f657fd32f4d,P-9c7648608b6b,SHARED_PGP_AND_WALLET,0.98
P-7f657fd32f4d,P-3532e4c1c78a,SHARED_PGP_AND_WALLET,0.98
P-7f657fd32f4d,P-d45f03c84472,SHARED_PGP_AND_WALLET,0.98
P-7f657fd32f4d,P-c4acb9e45538,SHARED_PGP_AND_WALLET,0.98
P-9c7648608b6b,P-3532e4c1c78a,SHARED_PGP_AND_WALLET,0.98
P-9c7648608b6b,P-d45f03c84472,SHARED_PGP_AND_WALLET,0.98
P-9c7648608b6b,P-c4acb9e45538,SHARED_PGP_AND_WALLET,0.98
P-3532e4c1c78a,P-d45f03c84472,SHARED_PGP_AND_WALLET,0.98
P-3532e4c1c78a,P-c4acb9e45538,SHARED_PGP_AND_WALLET,0.98
P-d45f03c84472,P-c4acb9e45538,SHARED_PGP_AND_WALLET,0.98
P-5e481ce25efd,P-b1d4b5c74b8f,SHARED_PGP_AND_WALLET,0.98
P-5e481ce25efd,P-817232aeb29b,SHARED_PGP_AND_WALLET,0.98
P-5e481ce25efd,P-b5c8b7a64237,SHARED_PGP_AND_WALLET,0.98
P-5e481ce25efd,P-1fd8b0303255,SHARED_PGP_AND_WALLET,0.98
P-b1d4b5c74b8f,P-817232aeb29b,SHARED_PGP_AND_WALLET,0.98
P-b1d4b5c74b8f,P-b5c8b7a64237,SHARED_PGP_AND_WALLET,0.98
P-b1d4b5c74b8f,P-1fd8b0303255,SHARED_PGP_AND_WALLET,0.98
P-817232aeb29b,P-b5c8b7a64237,SHARED_PGP_AND_WALLET,0.98
P-817232aeb29b,P-1fd8b0303255,SHARED_PGP_AND_WALLET,0.98
P-b5c8b7a64237,P-1fd8b0303255,SHARED_PGP_AND_WALLET,0.98
P-801aa231ba51,P-be034cf05170,SHARED_PGP_AND_WALLET,0.98
P-801aa231ba51,P-65aec1c970d5,SHARED_PGP_AND_WALLET,0.98
P-801aa231ba51,P-3db2ba023d6c,SHARED_PGP_AND_WALLET,0.98
P-801aa231ba51,P-56b0fe878f67,SHARED_PGP_AND_WALLET,0.98
P-be034cf05170,P-65aec1c970d5,SHARED_PGP_AND_WALLET,0.98
P-be034cf05170,P-3db2ba023d6c,SHARED_PGP_AND_WALLET,0.98
P-be034cf05170,P-56b0fe878f67,SHARED_PGP_AND_WALLET,0.98
P-65aec1c970d5,P-3db2ba023d6c,SHARED_PGP_AND_WALLET,0.98
P-65aec1c970d5,P-56b0fe878f67,SHARED_PGP_AND_WALLET,0.98
P-3db2ba023d6c,P-56b0fe878f67,SHARED_PGP_AND_WALLET,0.98
P-5706fe298a21,P-bf2b0df99c67,SHARED_PGP_AND_WALLET,0.98
P-5706fe298a21,P-ec7a5f42d21d,SHARED_PGP_AND_WALLET,0.98
P-5706fe298a21,P-6ee7b10d5230,SHARED_PGP_AND_WALLET,0.98
P-5706fe298a21,P-c09e4cf60083,SHARED_PGP_AND_WALLET,0.98
P-bf2b0df99c67,P-ec7a5f42d21d,SHARED_PGP_AND_WALLET,0.98
P-bf2b0df99c67,P-6ee7b10d5230,SHARED_PGP_AND_WALLET,0.98
P-bf2b0df99c67,P-c09e4cf60083,SHARED_PGP_AND_WALLET,0.98
P-ec7a5f42d21d,P-6ee7b10d5230,SHARED_PGP_AND_WALLET,0.98
P-ec7a5f42d21d,P-c09e4cf60083,SHARED_PGP_AND_WALLET,0.98
P-6ee7b10d5230,P-c09e4cf60083,SHARED_PGP_AND_WALLET,0.98
P-1a401a7cea41,P-fcbdc7af28d2,SHARED_PGP_AND_WALLET,0.98
P-1a401a7cea41,P-8f7cbb534f95,SHARED_PGP_AND_WALLET,0.98
P-1a401a7cea41,P-c932f0a1b1e5,SHARED_PGP_AND_WALLET,0.98
P-1a401a7cea41,P-c39d8f7d22a4,SHARED_PGP_AND_WALLET,0.98
P-fcbdc7af28d2,P-8f7cbb534f95,SHARED_PGP_AND_WALLET,0.98
P-fcbdc7af28d2,P-c932f0a1b1e5,SHARED_PGP_AND_WALLET,0.98
P-fcbdc7af28d2,P-c39d8f7d22a4,SHARED_PGP_AND_WALLET,0.98
P-8f7cbb534f95,P-c932f0a1b1e5,SHARED_PGP_AND_WALLET,0.98
P-8f7cbb534f95,P-c39d8f7d22a4,SHARED_PGP_AND_WALLET,0.98
P-c932f0a1b1e5,P-c39d8f7d22a4,SHARED_PGP_AND_WALLET,0.98
P-1233af5d6992,P-5b95b625cd42,SHARED_PGP_AND_WALLET,0.98
P-1233af5d6992,P-4cbb64c7e8f5,SHARED_PGP_AND_WALLET,0.98
P-1233af5d6992,P-5c55de12358f,SHARED_PGP_AND_WALLET,0.98
P-1233af5d6992,P-6a94226c2f7f,SHARED_PGP_AND_WALLET,0.98
P-5b95b625cd42,P-4cbb64c7e8f5,SHARED_PGP_AND_WALLET,0.98
P-5b95b625cd42,P-5c55de12358f,SHARED_PGP_AND_WALLET,0.98
P-5b95b625cd42,P-6a94226c2f7f,SHARED_PGP_AND_WALLET,0.98
P-4cbb64c7e8f5,P-5c55de12358f,SHARED_PGP_AND_WALLET,0.98
P-4cbb64c7e8f5,P-6a94226c2f7f,SHARED_PGP_AND_WALLET,0.98
P-5c55de12358f,P-6a94226c2f7f,SHARED_PGP_AND_WALLET,0.98
P-319c7fcc0410,P-11080d66b975,SHARED_PGP_AND_WALLET,0.98
P-319c7fcc0410,P-f6e7b007b416,SHARED_PGP_AND_WALLET,0.98
P-319c7fcc0410,P-d3f13d4e3a9c,SHARED_PGP_AND_WALLET,0.98
P-319c7fcc0410,P-0c1d5d863919,SHARED_PGP_AND_WALLET,0.98
P-11080d66b975,P-f6e7b007b416,SHARED_PGP_AND_WALLET,0.98
P-11080d66b975,P-d3f13d4e3a9c,SHARED_PGP_AND_WALLET,0.98
P-11080d66b975,P-0c1d5d863919,SHARED_PGP_AND_WALLET,0.98
P-f6e7b007b416,P-d3f13d4e3a9c,SHARED_PGP_AND_WALLET,0.98
P-f6e7b007b416,P-0c1d5d863919,SHARED_PGP_AND_WALLET,0.98
P-d3f13d4e3a9c,P-0c1d5d863919,SHARED_PGP_AND_WALLET,0.98
P-b8bb35b1d9eb,P-e5a7eb5ef7fd,SHARED_PGP_AND_WALLET,0.98
P-b8bb35b1d9eb,P-434c1697c252,SHARED_PGP_AND_WALLET,0.98
P-b8bb35b1d9eb,P-786b79cb95cd,SHARED_PGP_AND_WALLET,0.98
P-b8bb35b1d9eb,P-4796f179e154,SHARED_PGP_AND_WALLET,0.98
P-e5a7eb5ef7fd,P-434c1697c252,SHARED_PGP_AND_WALLET,0.98
P-e5a7eb5ef7fd,P-786b79cb95cd,SHARED_PGP_AND_WALLET,0.98
P-e5a7eb5ef7fd,P-4796f179e154,SHARED_PGP_AND_WALLET,0.98
P-434c1697c252,P-786b79cb95cd,SHARED_PGP_AND_WALLET,0.98
P-434c1697c252,P-4796f179e154,SHARED_PGP_AND_WALLET,0.98
P-786b79cb95cd,P-4796f179e154,SHARED_PGP_AND_WALLET,0.98
P-535cfe16b1c2,P-bf2c59dbb044,SHARED_PGP_AND_WALLET,0.98
P-535cfe16b1c2,P-0933d2d3e4f3,SHARED_PGP_AND_WALLET,0.98
P-535cfe16b1c2,P-d1e3c8369ea4,SHARED_PGP_AND_WALLET,0.98
P-535cfe16b1c2,P-b0328d2c1aa9,SHARED_PGP_AND_WALLET,0.98
P-bf2c59dbb044,P-0933d2d3e4f3,SHARED_PGP_AND_WALLET,0.98
P-bf2c59dbb044,P-d1e3c8369ea4,SHARED_PGP_AND_WALLET,0.98
P-bf2c59dbb044,P-b0328d2c1aa9,SHARED_PGP_AND_WALLET,0.98
P-0933d2d3e4f3,P-d1e3c8369ea4,SHARED_PGP_AND_WALLET,0.98
P-0933d2d3e4f3,P-b0328d2c1aa9,SHARED_PGP_AND_WALLET,0.98
P-d1e3c8369ea4,P-b0328d2c1aa9,SHARED_PGP_AND_WALLET,0.98
P-66cbb65b87ea,P-c7c34a3b5258,SHARED_PGP_AND_WALLET,0.98
P-66cbb65b87ea,P-2df08e8184db,SHARED_PGP_AND_WALLET,0.98
P-66cbb65b87ea,P-66b5f76b2786,SHARED_PGP_AND_WALLET,0.98
P-66cbb65b87ea,P-e98265b32e57,SHARED_PGP_AND_WALLET,0.98
P-c7c34a3b5258,P-2df08e8184db,SHARED_PGP_AND_WALLET,0.98
P-c7c34a3b5258,P-66b5f76b2786,SHARED_PGP_AND_WALLET,0.98
P-c7c34a3b5258,P-e98265b32e57,SHARED_PGP_AND_WALLET,0.98
P-2df08e8184db,P-66b5f76b2786,SHARED_PGP_AND_WALLET,0.98
P-2df08e8184db,P-e98265b32e57,SHARED_PGP_AND_WALLET,0.98
P-66b5f76b2786,P-e98265b32e57,SHARED_PGP_AND_WALLET,0.98
P-78a84d1b8f81,P-b8c4da8adbff,SHARED_PGP_AND_WALLET,0.98
P-78a84d1b8f81,P-ec86af4f3f7c,SHARED_PGP_AND_WALLET,0.98
P-78a84d1b8f81,P-da94c185eba4,SHARED_PGP_AND_WALLET,0.98
P-78a84d1b8f81,P-d94083bc2a06,SHARED_PGP_AND_WALLET,0.98
P-b8c4da8adbff,P-ec86af4f3f7c,SHARED_PGP_AND_WALLET,0.98
P-b8c4da8adbff,P-da94c185eba4,SHARED_PGP_AND_WALLET,0.98
P-b8c4da8adbff,P-d94083bc2a06,SHARED_PGP_AND_WALLET,0.98
P-ec86af4f3f7c,P-da94c185eba4,SHARED_PGP_AND_WALLET,0.98
P-ec86af4f3f7c,P-d94083bc2a06,SHARED_PGP_AND_WALLET,0.98
P-da94c185eba4,P-d94083bc2a06,SHARED_PGP_AND_WALLET,0.98
P-6820d86a2cc7,P-1164afb08bac,SHARED_PGP_AND_WALLET,0.98
P-6820d86a2cc7,P-303ce7937856,SHARED_PGP_AND_WALLET,0.98
P-6820d86a2cc7,P-7180fc6abf71,SHARED_PGP_AND_WALLET,0.98
P-6820d86a2cc7,P-f6cfa99e8789,SHARED_PGP_AND_WALLET,0.98
P-1164afb08bac,P-303ce7937856,SHARED_PGP_AND_WALLET,0.98
P-1164afb08bac,P-7180fc6abf71,SHARED_PGP_AND_WALLET,0.98
P-1164afb08bac,P-f6cfa99e8789,SHARED_PGP_AND_WALLET,0.98
P-303ce7937856,P-7180fc6abf71,SHARED_PGP_AND_WALLET,0.98
P-303ce7937856,P-f6cfa99e8789,SHARED_PGP_AND_WALLET,0.98
P-7180fc6abf71,P-f6cfa99e8789,SHARED_PGP_AND_WALLET,0.98
P-3f98b9040038,P-a64a4ad99253,SHARED_PGP_AND_WALLET,0.98
P-3f98b9040038,P-e9245b185b88,SHARED_PGP_AND_WALLET,0.98
P-3f98b9040038,P-a4aadfad2e2e,SHARED_PGP_AND_WALLET,0.98
P-3f98b9040038,P-01b218eee05d,SHARED_PGP_AND_WALLET,0.98
P-a64a4ad99253,P-e9245b185b88,SHARED_PGP_AND_WALLET,0.98
P-a64a4ad99253,P-a4aadfad2e2e,SHARED_PGP_AND_WALLET,0.98
P-a64a4ad99253,P-01b218eee05d,SHARED_PGP_AND_WALLET,0.98
P-e9245b185b88,P-a4aadfad2e2e,SHARED_PGP_AND_WALLET,0.98
P-e9245b185b88,P-01b218eee05d,SHARED_PGP_AND_WALLET,0.98
P-a4aadfad2e2e,P-01b218eee05d,SHARED_PGP_AND_WALLET,0.98
P-daaf65cbc8e7,P-dbd1274603a9,SHARED_PGP_AND_WALLET,0.98
P-daaf65cbc8e7,P-3bb38bde4205,SHARED_PGP_AND_WALLET,0.98
P-daaf65cbc8e7,P-f096879e0b49,SHARED_PGP_AND_WALLET,0.98
P-daaf65cbc8e7,P-874df6c6c396,SHARED_PGP_AND_WALLET,0.98
P-dbd1274603a9,P-3bb38bde4205,SHARED_PGP_AND_WALLET,0.98
P-dbd1274603a9,P-f096879e0b49,SHARED_PGP_AND_WALLET,0.98
P-dbd1274603a9,P-874df6c6c396,SHARED_PGP_AND_WALLET,0.98
P-3bb38bde4205,P-f096879e0b49,SHARED_PGP_AND_WALLET,0.98
P-3bb38bde4205,P-874df6c6c396,SHARED_PGP_AND_WALLET,0.98
P-f096879e0b49,P-874df6c6c396,SHARED_PGP_AND_WALLET,0.98
P-a357404c15ed,P-24abf16e769e,SHARED_PGP_AND_WALLET,0.98
P-a357404c15ed,P-b4d9251b2fc2,SHARED_PGP_AND_WALLET,0.98
P-a357404c15ed,P-7edb914aff60,SHARED_PGP_AND_WALLET,0.98
P-a357404c15ed,P-f189cf15f2ff,SHARED_PGP_AND_WALLET,0.98
P-24abf16e769e,P-b4d9251b2fc2,SHARED_PGP_AND_WALLET,0.98
P-24abf16e769e,P-7edb914aff60,SHARED_PGP_AND_WALLET,0.98
P-24abf16e769e,P-f189cf15f2ff,SHARED_PGP_AND_WALLET,0.98
P-b4d9251b2fc2,P-7edb914aff60,SHARED_PGP_AND_WALLET,0.98
P-b4d9251b2fc2,P-f189cf15f2ff,SHARED_PGP_AND_WALLET,0.98
P-7edb914aff60,P-f189cf15f2ff,SHARED_PGP_AND_WALLET,0.98
P-e0f89e9be103,P-fff063bad009,SHARED_PGP_AND_WALLET,0.98
P-e0f89e9be103,P-fca9c732579d,SHARED_PGP_AND_WALLET,0.98
P-e0f89e9be103,P-2bfbefbc80e0,SHARED_PGP_AND_WALLET,0.98
P-e0f89e9be103,P-2924bf1fc647,SHARED_PGP_AND_WALLET,0.98
P-fff063bad009,P-fca9c732579d,SHARED_PGP_AND_WALLET,0.98
P-fff063bad009,P-2bfbefbc80e0,SHARED_PGP_AND_WALLET,0.98
P-fff063bad009,P-2924bf1fc647,SHARED_PGP_AND_WALLET,0.98
P-fca9c732579d,P-2bfbefbc80e0,SHARED_PGP_AND_WALLET,0.98
P-fca9c732579d,P-2924bf1fc647,SHARED_PGP_AND_WALLET,0.98
P-2bfbefbc80e0,P-2924bf1fc647,SHARED_PGP_AND_WALLET,0.98
P-1309013019d9,P-44ed004b074b,SHARED_PGP_AND_WALLET,0.98
P-1309013019d9,P-6ceb3f6ed520,SHARED_PGP_AND_WALLET,0.98
P-1309013019d9,P-21ea0996fd25,SHARED_PGP_AND_WALLET,0.98
P-1309013019d9,P-76df8795498a,SHARED_PGP_AND_WALLET,0.98
P-44ed004b074b,P-6ceb3f6ed520,SHARED_PGP_AND_WALLET,0.98
P-44ed004b074b,P-21ea0996fd25,SHARED_PGP_AND_WALLET,0.98
P-44ed004b074b,P-76df8795498a,SHARED_PGP_AND_WALLET,0.98
P-6ceb3f6ed520,P-21ea0996fd25,SHARED_PGP_AND_WALLET,0.98
P-6ceb3f6ed520,P-76df8795498a,SHARED_PGP_AND_WALLET,0.98
P-21ea0996fd25,P-76df8795498a,SHARED_PGP_AND_WALLET,0.98
P-31c22a8c8968,P-b31c4b09d71a,SHARED_PGP_AND_WALLET,0.98
P-31c22a8c8968,P-83280e6d41d0,SHARED_PGP_AND_WALLET,0.98
P-31c22a8c8968,P-4d716e26ad6b,SHARED_PGP_AND_WALLET,0.98
P-b31c4b09d71a,P-83280e6d41d0,SHARED_PGP_AND_WALLET,0.98
P-b31c4b09d71a,P-4d716e26ad6b,SHARED_PGP_AND_WALLET,0.98
P-83280e6d41d0,P-4d716e26ad6b,SHARED_PGP_AND_WALLET,0.98
P-1c5150453636,P-9801743048ba,SHARED_PGP_AND_WALLET,0.98
P-1c5150453636,P-ef4e7e5e36a9,SHARED_PGP_AND_WALLET,0.98
P-1c5150453636,P-090e8fe05644,SHARED_PGP_AND_WALLET,0.98
P-9801743048ba,P-ef4e7e5e36a9,SHARED_PGP_AND_WALLET,0.98
P-9801743048ba,P-090e8fe05644,SHARED_PGP_AND_WALLET,0.98
P-ef4e7e5e36a9,P-090e8fe05644,SHARED_PGP_AND_WALLET,0.98
P-ef427365bd92,P-f055a5c19e19,SHARED_PGP_AND_WALLET,0.98
P-ef427365bd92,P-74a22d5fc32a,SHARED_PGP_AND_WALLET,0.98
P-ef427365bd92,P-cf81cd4bccea,SHARED_PGP_AND_WALLET,0.98
P-f055a5c19e19,P-74a22d5fc32a,SHARED_PGP_AND_WALLET,0.98
P-f055a5c19e19,P-cf81cd4bccea,SHARED_PGP_AND_WALLET,0.98
P-74a22d5fc32a,P-cf81cd4bccea,SHARED_PGP_AND_WALLET,0.98
P-f7bc9815203c,P-598b98b960f8,SHARED_PGP_AND_WALLET,0.98
P-f7bc9815203c,P-7c7b86a0abd5,SHARED_PGP_AND_WALLET,0.98
P-f7bc9815203c,P-38ecbc2e3811,SHARED_PGP_AND_WALLET,0.98
P-598b98b960f8,P-7c7b86a0abd5,SHARED_PGP_AND_WALLET,0.98
P-598b98b960f8,P-38ecbc2e3811,SHARED_PGP_AND_WALLET,0.98
P-7c7b86a0abd5,P-38ecbc2e3811,SHARED_PGP_AND_WALLET,0.98
P-c8e37d175908,P-35824b9d3b78,SHARED_PGP_AND_WALLET,0.98
P-c8e37d175908,P-8e1327d8c1b4,SHARED_PGP_AND_WALLET,0.98
P-c8e37d175908,P-00badace2bcf,SHARED_PGP_AND_WALLET,0.98
P-35824b9d3b78,P-8e1327d8c1b4,SHARED_PGP_AND_WALLET,0.98
P-35824b9d3b78,P-00badace2bcf,SHARED_PGP_AND_WALLET,0.98
P-8e1327d8c1b4,P-00badace2bcf,SHARED_PGP_AND_WALLET,0.98
P-afe6cc21d3bf,P-17e04abf13cc,SHARED_PGP_AND_WALLET,0.98
P-afe6cc21d3bf,P-08c378ee0272,SHARED_PGP_AND_WALLET,0.98
P-afe6cc21d3bf,P-8017fbca2ce9,SHARED_PGP_AND_WALLET,0.98
P-17e04abf13cc,P-08c378ee0272,SHARED_PGP_AND_WALLET,0.98
P-17e04abf13cc,P-8017fbca2ce9,SHARED_PGP_AND_WALLET,0.98
P-08c378ee0272,P-8017fbca2ce9,SHARED_PGP_AND_WALLET,0.98
P-8416997aff96,P-91cc1ef758bd,SHARED_PGP_AND_WALLET,0.98
P-8416997aff96,P-c17c0ac5c7b9,SHARED_PGP_AND_WALLET,0.98
P-8416997aff96,P-01c69c562f9f,SHARED_PGP_AND_WALLET,0.98
P-91cc1ef758bd,P-c17c0ac5c7b9,SHARED_PGP_AND_WALLET,0.98
P-91cc1ef758bd,P-01c69c562f9f,SHARED_PGP_AND_WALLET,0.98
P-c17c0ac5c7b9,P-01c69c562f9f,SHARED_PGP_AND_WALLET,0.98
P-269ff7075aaa,P-322a7afccb10,SHARED_PGP_AND_WALLET,0.98
P-269ff7075aaa,P-e4b9dfabd294,SHARED_PGP_AND_WALLET,0.98
P-269ff7075aaa,P-cd2840e92a5d,SHARED_PGP_AND_WALLET,0.98
P-322a7afccb10,P-e4b9dfabd294,SHARED_PGP_AND_WALLET,0.98
P-322a7afccb10,P-cd2840e92a5d,SHARED_PGP_AND_WALLET,0.98
P-e4b9dfabd294,P-cd2840e92a5d,SHARED_PGP_AND_WALLET,0.98
P-eb915337b17c,P-8d08ffaf51d1,SHARED_PGP_AND_WALLET,0.98
P-eb915337b17c,P-9deaf9eb4beb,SHARED_PGP_AND_WALLET,0.98
P-eb915337b17c,P-e0c1b254fa95,SHARED_PGP_AND_WALLET,0.98
P-8d08ffaf51d1,P-9deaf9eb4beb,SHARED_PGP_AND_WALLET,0.98
P-8d08ffaf51d1,P-e0c1b254fa95,SHARED_PGP_AND_WALLET,0.98
P-9deaf9eb4beb,P-e0c1b254fa95,SHARED_PGP_AND_WALLET,0.98
P-8551dc5ea841,P-5ead5052aa88,SHARED_PGP_AND_WALLET,0.98
P-8551dc5ea841,P-35abcfa1febc,SHARED_PGP_AND_WALLET,0.98
P-8551dc5ea841,P-72aef17eab49,SHARED_PGP_AND_WALLET,0.98
P-5ead5052aa88,P-35abcfa1febc,SHARED_PGP_AND_WALLET,0.98
P-5ead5052aa88,P-72aef17eab49,SHARED_PGP_AND_WALLET,0.98
P-35abcfa1febc,P-72aef17eab49,SHARED_PGP_AND_WALLET,0.98
P-be0c41f91a40,P-7673af62dd6e,SHARED_PGP_AND_WALLET,0.98
P-be0c41f91a40,P-3b0f5b7780ff,SHARED_PGP_AND_WALLET,0.98
P-be0c41f91a40,P-d9a6d7d85296,SHARED_PGP_AND_WALLET,0.98
P-7673af62dd6e,P-3b0f5b7780ff,SHARED_PGP_AND_WALLET,0.98
P-7673af62dd6e,P-d9a6d7d85296,SHARED_PGP_AND_WALLET,0.98
P-3b0f5b7780ff,P-d9a6d7d85296,SHARED_PGP_AND_WALLET,0.98
P-8e270afe1e36,P-8985c86540d9,SHARED_PGP_AND_WALLET,0.98
P-8e270afe1e36,P-4341c02f23e1,SHARED_PGP_AND_WALLET,0.98
P-8e270afe1e36,P-c8c1b6870df4,SHARED_PGP_AND_WALLET,0.98
P-8985c86540d9,P-4341c02f23e1,SHARED_PGP_AND_WALLET,0.98
P-8985c86540d9,P-c8c1b6870df4,SHARED_PGP_AND_WALLET,0.98
P-4341c02f23e1,P-c8c1b6870df4,SHARED_PGP_AND_WALLET,0.98
P-eff87e48a611,P-52a16feddd6a,SHARED_PGP_AND_WALLET,0.98
P-eff87e48a611,P-116856fd89fd,SHARED_PGP_AND_WALLET,0.98
P-eff87e48a611,P-3a0fc68a856a,SHARED_PGP_AND_WALLET,0.98
P-52a16feddd6a,P-116856fd89fd,SHARED_PGP_AND_WALLET,0.98
P-52a16feddd6a,P-3a0fc68a856a,SHARED_PGP_AND_WALLET,0.98
P-116856fd89fd,P-3a0fc68a856a,SHARED_PGP_AND_WALLET,0.98
P-d36d5d0095ac,P-4ac51cc9b359,SHARED_PGP_AND_WALLET,0.98
P-d36d5d0095ac,P-8ebad7cadfd2,SHARED_PGP_AND_WALLET,0.98
P-d36d5d0095ac,P-62e45ecab264,SHARED_PGP_AND_WALLET,0.98
P-4ac51cc9b359,P-8ebad7cadfd2,SHARED_PGP_AND_WALLET,0.98
P-4ac51cc9b359,P-62e45ecab264,SHARED_PGP_AND_WALLET,0.98
P-8ebad7cadfd2,P-62e45ecab264,SHARED_PGP_AND_WALLET,0.98
P-e1ee1b24b709,P-4e161d4df0e2,SHARED_PGP_AND_WALLET,0.98
P-e1ee1b24b709,P-4a872584b235,SHARED_PGP_AND_WALLET,0.98
P-e1ee1b24b709,P-4611ea65d6c0,SHARED_PGP_AND_WALLET,0.98
P-4e161d4df0e2,P-4a872584b235,SHARED_PGP_AND_WALLET,0.98
P-4e161d4df0e2,P-4611ea65d6c0,SHARED_PGP_AND_WALLET,0.98
P-4a872584b235,P-4611ea65d6c0,SHARED_PGP_AND_WALLET,0.98
P-5a602996c472,P-3dc57f1f3c8f,SHARED_PGP_AND_WALLET,0.98
P-5a602996c472,P-0b72701ad774,SHARED_PGP_AND_WALLET,0.98
P-5a602996c472,P-3e22d245f75d,SHARED_PGP_AND_WALLET,0.98
P-3dc57f1f3c8f,P-0b72701ad774,SHARED_PGP_AND_WALLET,0.98
P-3dc57f1f3c8f,P-3e22d245f75d,SHARED_PGP_AND_WALLET,0.98
P-0b72701ad774,P-3e22d245f75d,SHARED_PGP_AND_WALLET,0.98
P-4b5adb6f0fb8,P-1df87823e83e,SHARED_PGP_AND_WALLET,0.98
P-4b5adb6f0fb8,P-2bbb1c5e8df9,SHARED_PGP_AND_WALLET,0.98
P-4b5adb6f0fb8,P-dd0b5b75af90,SHARED_PGP_AND_WALLET,0.98
P-1df87823e83e,P-2bbb1c5e8df9,SHARED_PGP_AND_WALLET,0.98
P-1df87823e83e,P-dd0b5b75af90,SHARED_PGP_AND_WALLET,0.98
P-2bbb1c5e8df9,P-dd0b5b75af90,SHARED_PGP_AND_WALLET,0.98
P-014cd3e38614,P-790ce6ed8635,SHARED_PGP_AND_WALLET,0.98
P-014cd3e38614,P-2aef36cce55c,SHARED_PGP_AND_WALLET,0.98
P-014cd3e38614,P-ee5fe2c7527a,SHARED_PGP_AND_WALLET,0.98
P-790ce6ed8635,P-2aef36cce55c,SHARED_PGP_AND_WALLET,0.98
P-790ce6ed8635,P-ee5fe2c7527a,SHARED_PGP_AND_WALLET,0.98
P-2aef36cce55c,P-ee5fe2c7527a,SHARED_PGP_AND_WALLET,0.98
P-6c7868c66f7c,P-ea2b8176d96c,SHARED_PGP_AND_WALLET,0.98
P-6c7868c66f7c,P-bdc543643ef4,SHARED_PGP_AND_WALLET,0.98
P-6c7868c66f7c,P-782c01e26cf0,SHARED_PGP_AND_WALLET,0.98
P-ea2b8176d96c,P-bdc543643ef4,SHARED_PGP_AND_WALLET,0.98
P-ea2b8176d96c,P-782c01e26cf0,SHARED_PGP_AND_WALLET,0.98
P-bdc543643ef4,P-782c01e26cf0,SHARED_PGP_AND_WALLET,0.98
P-cfc4fc9a03e9,P-1e6a043bd5a3,SHARED_PGP_AND_WALLET,0.98
P-cfc4fc9a03e9,P-f27e294ee88f,SHARED_PGP_AND_WALLET,0.98
P-cfc4fc9a03e9,P-1c82ae9689e4,SHARED_PGP_AND_WALLET,0.98
P-1e6a043bd5a3,P-f27e294ee88f,SHARED_PGP_AND_WALLET,0.98
P-1e6a043bd5a3,P-1c82ae9689e4,SHARED_PGP_AND_WALLET,0.98
P-f27e294ee88f,P-1c82ae9689e4,SHARED_PGP_AND_WALLET,0.98
P-ad36d47f5e01,P-57736d6bc048,SHARED_PGP_AND_WALLET,0.98
P-ad36d47f5e01,P-9cc6aff1a8b6,SHARED_PGP_AND_WALLET,0.98
P-ad36d47f5e01,P-2cdaf869c491,SHARED_PGP_AND_WALLET,0.98
P-57736d6bc048,P-9cc6aff1a8b6,SHARED_PGP_AND_WALLET,0.98
P-57736d6bc048,P-2cdaf869c491,SHARED_PGP_AND_WALLET,0.98
P-9cc6aff1a8b6,P-2cdaf869c491,SHARED_PGP_AND_WALLET,0.98
P-72b160596b3e,P-2ef845d53dd9,SHARED_PGP_AND_WALLET,0.98
P-72b160596b3e,P-a84e8a392d27,SHARED_PGP_AND_WALLET,0.98
P-72b160596b3e,P-5071cd549f81,SHARED_PGP_AND_WALLET,0.98
P-2ef845d53dd9,P-a84e8a392d27,SHARED_PGP_AND_WALLET,0.98
P-2ef845d53dd9,P-5071cd549f81,SHARED_PGP_AND_WALLET,0.98
P-a84e8a392d27,P-5071cd549f81,SHARED_PGP_AND_WALLET,0.98
P-3c531ab86768,P-75fb7f3c98f3,SHARED_PGP_AND_WALLET,0.98
P-3c531ab86768,P-fddb7891e331,SHARED_PGP_AND_WALLET,0.98
P-3c531ab86768,P-c7f25a34c362,SHARED_PGP_AND_WALLET,0.98
P-75fb7f3c98f3,P-fddb7891e331,SHARED_PGP_AND_WALLET,0.98
P-75fb7f3c98f3,P-c7f25a34c362,SHARED_PGP_AND_WALLET,0.98
P-fddb7891e331,P-c7f25a34c362,SHARED_PGP_AND_WALLET,0.98
P-069a62f7e913,P-19ed85f98bb0,SHARED_PGP_AND_WALLET,0.98
P-069a62f7e913,P-762520938e2c,SHARED_PGP_AND_WALLET,0.98
P-069a62f7e913,P-e1f63dd2a859,SHARED_PGP_AND_WALLET,0.98
P-19ed85f98bb0,P-762520938e2c,SHARED_PGP_AND_WALLET,0.98
P-19ed85f98bb0,P-e1f63dd2a859,SHARED_PGP_AND_WALLET,0.98
P-762520938e2c,P-e1f63dd2a859,SHARED_PGP_AND_WALLET,0.98
P-d0c5ca551b37,P-fe2716518a41,SHARED_PGP_AND_WALLET,0.98
P-d0c5ca551b37,P-d6c918354fd6,SHARED_PGP_AND_WALLET,0.98
P-d0c5ca551b37,P-b88ef5d0f1f1,SHARED_PGP_AND_WALLET,0.98
P-fe2716518a41,P-d6c918354fd6,SHARED_PGP_AND_WALLET,0.98
P-fe2716518a41,P-b88ef5d0f1f1,SHARED_PGP_AND_WALLET,0.98
P-d6c918354fd6,P-b88ef5d0f1f1,SHARED_PGP_AND_WALLET,0.98
P-cea981b4cc5e,P-1cf9fd90aff0,SHARED_PGP_AND_WALLET,0.98
P-cea981b4cc5e,P-d5ce6552fa3a,SHARED_PGP_AND_WALLET,0.98
P-cea981b4cc5e,P-925b76113c8d,SHARED_PGP_AND_WALLET,0.98
P-1cf9fd90aff0,P-d5ce6552fa3a,SHARED_PGP_AND_WALLET,0.98
P-1cf9fd90aff0,P-925b76113c8d,SHARED_PGP_AND_WALLET,0.98
P-d5ce6552fa3a,P-925b76113c8d,SHARED_PGP_AND_WALLET,0.98
P-074ea7ad8bdc,P-2d1d44d224c5,SHARED_PGP_AND_WALLET,0.98
P-074ea7ad8bdc,P-ad7b677e18d7,SHARED_PGP_AND_WALLET,0.98
P-074ea7ad8bdc,P-93b12fbbc8f6,SHARED_PGP_AND_WALLET,0.98
P-2d1d44d224c5,P-ad7b677e18d7,SHARED_PGP_AND_WALLET,0.98
P-2d1d44d224c5,P-93b12fbbc8f6,SHARED_PGP_AND_WALLET,0.98
P-ad7b677e18d7,P-93b12fbbc8f6,SHARED_PGP_AND_WALLET,0.98
P-30440d5c11fa,P-8aa1316150cc,SHARED_PGP_AND_WALLET,0.98
P-30440d5c11fa,P-50ccc6e03fbd,SHARED_PGP_AND_WALLET,0.98
P-30440d5c11fa,P-4ffa418f434e,SHARED_PGP_AND_WALLET,0.98
P-8aa1316150cc,P-50ccc6e03fbd,SHARED_PGP_AND_WALLET,0.98
P-8aa1316150cc,P-4ffa418f434e,SHARED_PGP_AND_WALLET,0.98
P-50ccc6e03fbd,P-4ffa418f434e,SHARED_PGP_AND_WALLET,0.98
P-152339bbe697,P-35ccdd3c02dd,SHARED_PGP_AND_WALLET,0.98
P-152339bbe697,P-53bfd4e928f3,SHARED_PGP_AND_WALLET,0.98
P-152339bbe697,P-d312641511b5,SHARED_PGP_AND_WALLET,0.98
P-35ccdd3c02dd,P-53bfd4e928f3,SHARED_PGP_AND_WALLET,0.98
P-35ccdd3c02dd,P-d312641511b5,SHARED_PGP_AND_WALLET,0.98
P-53bfd4e928f3,P-d312641511b5,SHARED_PGP_AND_WALLET,0.98
P-fff9a1a3898e,P-2cc250d20d52,SHARED_PGP_AND_WALLET,0.98
P-fff9a1a3898e,P-78d94adaf0e5,SHARED_PGP_AND_WALLET,0.98
P-fff9a1a3898e,P-6baaed09a618,SHARED_PGP_AND_WALLET,0.98
P-2cc250d20d52,P-78d94adaf0e5,SHARED_PGP_AND_WALLET,0.98
P-2cc250d20d52,P-6baaed09a618,SHARED_PGP_AND_WALLET,0.98
P-78d94adaf0e5,P-6baaed09a618,SHARED_PGP_AND_WALLET,0.98
P-4efbcc7c0725,P-71bab2c04950,SHARED_PGP_AND_WALLET,0.98
P-4efbcc7c0725,P-ed86c087d134,SHARED_PGP_AND_WALLET,0.98
P-4efbcc7c0725,P-69cfd27719aa,SHARED_PGP_AND_WALLET,0.98
P-71bab2c04950,P-ed86c087d134,SHARED_PGP_AND_WALLET,0.98
P-71bab2c04950,P-69cfd27719aa,SHARED_PGP_AND_WALLET,0.98
P-ed86c087d134,P-69cfd27719aa,SHARED_PGP_AND_WALLET,0.98
P-80b18cbf0bbc,P-835341d3aaed,SHARED_PGP_AND_WALLET,0.98
P-80b18cbf0bbc,P-69decd93dab5,SHARED_PGP_AND_WALLET,0.98
P-80b18cbf0bbc,P-4115e8cdb856,SHARED_PGP_AND_WALLET,0.98
P-835341d3aaed,P-69decd93dab5,SHARED_PGP_AND_WALLET,0.98
P-835341d3aaed,P-4115e8cdb856,SHARED_PGP_AND_WALLET,0.98
P-69decd93dab5,P-4115e8cdb856,SHARED_PGP_AND_WALLET,0.98
P-bca1d899cc48,P-dba11736347d,SHARED_PGP_AND_WALLET,0.98
P-bca1d899cc48,P-29b8d79ae58a,SHARED_PGP_AND_WALLET,0.98
P-bca1d899cc48,P-f5049d8554bb,SHARED_PGP_AND_WALLET,0.98
P-dba11736347d,P-29b8d79ae58a,SHARED_PGP_AND_WALLET,0.98
P-dba11736347d,P-f5049d8554bb,SHARED_PGP_AND_WALLET,0.98
P-29b8d79ae58a,P-f5049d8554bb,SHARED_PGP_AND_WALLET,0.98
P-af5dcb228e4d,P-8ba00722ea39,SHARED_PGP_AND_WALLET,0.98
P-af5dcb228e4d,P-5e15bcff6cd1,SHARED_PGP_AND_WALLET,0.98
P-af5dcb228e4d,P-427bd43eb56a,SHARED_PGP_AND_WALLET,0.98
P-8ba00722ea39,P-5e15bcff6cd1,SHARED_PGP_AND_WALLET,0.98
P-8ba00722ea39,P-427bd43eb56a,SHARED_PGP_AND_WALLET,0.98
P-5e15bcff6cd1,P-427bd43eb56a,SHARED_PGP_AND_WALLET,0.98
P-ce398acc953d,P-f329b59267bc,SHARED_PGP_AND_WALLET,0.98
P-ce398acc953d,P-503e9cb5be34,SHARED_PGP_AND_WALLET,0.98
P-ce398acc953d,P-b042d031b09f,SHARED_PGP_AND_WALLET,0.98
P-f329b59267bc,P-503e9cb5be34,SHARED_PGP_AND_WALLET,0.98
P-f329b59267bc,P-b042d031b09f,SHARED_PGP_AND_WALLET,0.98
P-503e9cb5be34,P-b042d031b09f,SHARED_PGP_AND_WALLET,0.98
P-37d0046fbcf0,P-7ed7cd603b4c,SHARED_PGP_AND_WALLET,0.98
P-37d0046fbcf0,P-e4617a785a1a,SHARED_PGP_AND_WALLET,0.98
P-37d0046fbcf0,P-b5ed9191dd38,SHARED_PGP_AND_WALLET,0.98
P-7ed7cd603b4c,P-e4617a785a1a,SHARED_PGP_AND_WALLET,0.98
P-7ed7cd603b4c,P-b5ed9191dd38,SHARED_PGP_AND_WALLET,0.98
P-e4617a785a1a,P-b5ed9191dd38,SHARED_PGP_AND_WALLET,0.98
P-0729144d7e04,P-7e085ac6b9e6,SHARED_PGP_AND_WALLET,0.98
P-0729144d7e04,P-6bdd042a0390,SHARED_PGP_AND_WALLET,0.98
P-0729144d7e04,P-3211bc3a9d64,SHARED_PGP_AND_WALLET,0.98
P-7e085ac6b9e6,P-6bdd042a0390,SHARED_PGP_AND_WALLET,0.98
P-7e085ac6b9e6,P-3211bc3a9d64,SHARED_PGP_AND_WALLET,0.98
P-6bdd042a0390,P-3211bc3a9d64,SHARED_PGP_AND_WALLET,0.98
P-50aa26792eda,P-f67a2bf933c5,SHARED_PGP_AND_WALLET,0.98
P-50aa26792eda,P-3966b01b9dfd,SHARED_PGP_AND_WALLET,0.98
P-50aa26792eda,P-e867da5824f7,SHARED_PGP_AND_WALLET,0.98
P-f67a2bf933c5,P-3966b01b9dfd,SHARED_PGP_AND_WALLET,0.98
P-f67a2bf933c5,P-e867da5824f7,SHARED_PGP_AND_WALLET,0.98
P-3966b01b9dfd,P-e867da5824f7,SHARED_PGP_AND_WALLET,0.98
P-0b5b3ee02413,P-938f7dd24d53,SHARED_PGP_AND_WALLET,0.98
P-0b5b3ee02413,P-137ddfef1a10,SHARED_PGP_AND_WALLET,0.98
P-0b5b3ee02413,P-cbf78d4c2738,SHARED_PGP_AND_WALLET,0.98
P-938f7dd24d53,P-137ddfef1a10,SHARED_PGP_AND_WALLET,0.98
P-938f7dd24d53,P-cbf78d4c2738,SHARED_PGP_AND_WALLET,0.98
P-137ddfef1a10,P-cbf78d4c2738,SHARED_PGP_AND_WALLET,0.98
P-fa7d71f6cae9,P-7a4f0d5aa5ae,SHARED_PGP_AND_WALLET,0.98
P-fa7d71f6cae9,P-9abd2bb8f1a9,SHARED_PGP_AND_WALLET,0.98
P-fa7d71f6cae9,P-b8c74d39923f,SHARED_PGP_AND_WALLET,0.98
P-7a4f0d5aa5ae,P-9abd2bb8f1a9,SHARED_PGP_AND_WALLET,0.98
P-7a4f0d5aa5ae,P-b8c74d39923f,SHARED_PGP_AND_WALLET,0.98
P-9abd2bb8f1a9,P-b8c74d39923f,SHARED_PGP_AND_WALLET,0.98
P-d171603a4e63,P-6bb7068d20f2,SHARED_PGP_AND_WALLET,0.98
P-d171603a4e63,P-36e574902fc9,SHARED_PGP_AND_WALLET,0.98
P-d171603a4e63,P-b058de478fac,SHARED_PGP_AND_WALLET,0.98
P-6bb7068d20f2,P-36e574902fc9,SHARED_PGP_AND_WALLET,0.98
P-6bb7068d20f2,P-b058de478fac,SHARED_PGP_AND_WALLET,0.98
P-36e574902fc9,P-b058de478fac,SHARED_PGP_AND_WALLET,0.98
P-abd48f2351a2,P-132f6cf981df,SHARED_PGP_AND_WALLET,0.98
P-abd48f2351a2,P-87ba9f97241a,SHARED_PGP_AND_WALLET,0.98
P-abd48f2351a2,P-eafc57b5202a,SHARED_PGP_AND_WALLET,0.98
P-132f6cf981df,P-87ba9f97241a,SHARED_PGP_AND_WALLET,0.98
P-132f6cf981df,P-eafc57b5202a,SHARED_PGP_AND_WALLET,0.98
P-87ba9f97241a,P-eafc57b5202a,SHARED_PGP_AND_WALLET,0.98
P-7e13eabc594f,P-9a80782edd8e,SHARED_PGP_AND_WALLET,0.98
P-7e13eabc594f,P-da118153ba3f,SHARED_PGP_AND_WALLET,0.98
P-7e13eabc594f,P-c6a6b38b19f2,SHARED_PGP_AND_WALLET,0.98
P-9a80782edd8e,P-da118153ba3f,SHARED_PGP_AND_WALLET,0.98
P-9a80782edd8e,P-c6a6b38b19f2,SHARED_PGP_AND_WALLET,0.98
P-da118153ba3f,P-c6a6b38b19f2,SHARED_PGP_AND_WALLET,0.98
P-40dae186615e,P-8444041f0ddc,SHARED_PGP_AND_WALLET,0.98
P-40dae186615e,P-fbcf8349a85e,SHARED_PGP_AND_WALLET,0.98
P-40dae186615e,P-d0cc7a6aa82d,SHARED_PGP_AND_WALLET,0.98
P-8444041f0ddc,P-fbcf8349a85e,SHARED_PGP_AND_WALLET,0.98
P-8444041f0ddc,P-d0cc7a6aa82d,SHARED_PGP_AND_WALLET,0.98
P-fbcf8349a85e,P-d0cc7a6aa82d,SHARED_PGP_AND_WALLET,0.98
P-f1ec1aa3fe6b,P-97d1db27f646,SHARED_PGP_AND_WALLET,0.98
P-f1ec1aa3fe6b,P-aac83c96c740,SHARED_PGP_AND_WALLET,0.98
P-f1ec1aa3fe6b,P-db78de5657f4,SHARED_PGP_AND_WALLET,0.98
P-97d1db27f646,P-aac83c96c740,SHARED_PGP_AND_WALLET,0.98
P-97d1db27f646,P-db78de5657f4,SHARED_PGP_AND_WALLET,0.98
P-aac83c96c740,P-db78de5657f4,SHARED_PGP_AND_WALLET,0.98
P-8303ad17e840,P-ba579b529200,SHARED_PGP_AND_WALLET,0.98
P-8303ad17e840,P-f84eac307e60,SHARED_PGP_AND_WALLET,0.98
P-8303ad17e840,P-ea79bc25d379,SHARED_PGP_AND_WALLET,0.98
P-ba579b529200,P-f84eac307e60,SHARED_PGP_AND_WALLET,0.98
P-ba579b529200,P-ea79bc25d379,SHARED_PGP_AND_WALLET,0.98
P-f84eac307e60,P-ea79bc25d379,SHARED_PGP_AND_WALLET,0.98
P-55e8774a2182,P-be63ce5fcc48,SHARED_PGP_AND_WALLET,0.98
P-55e8774a2182,P-78ae733d0d3e,SHARED_PGP_AND_WALLET,0.98
P-55e8774a2182,P-71e53930e9fc,SHARED_PGP_AND_WALLET,0.98
P-be63ce5fcc48,P-78ae733d0d3e,SHARED_PGP_AND_WALLET,0.98
P-be63ce5fcc48,P-71e53930e9fc,SHARED_PGP_AND_WALLET,0.98
P-78ae733d0d3e,P-71e53930e9fc,SHARED_PGP_AND_WALLET,0.98
P-d60cde2a182a,P-337f4090e0e7,SHARED_PGP_AND_WALLET,0.98
P-d60cde2a182a,P-086e61bb0f5c,SHARED_PGP_AND_WALLET,0.98
P-d60cde2a182a,P-ee21e95f1aac,SHARED_PGP_AND_WALLET,0.98
P-337f4090e0e7,P-086e61bb0f5c,SHARED_PGP_AND_WALLET,0.98
P-337f4090e0e7,P-ee21e95f1aac,SHARED_PGP_AND_WALLET,0.98
P-086e61bb0f5c,P-ee21e95f1aac,SHARED_PGP_AND_WALLET,0.98
P-c75bb5a4b5ad,P-6ae2ba41ad7c,SHARED_PGP_AND_WALLET,0.98
P-c75bb5a4b5ad,P-e5b211238041,SHARED_PGP_AND_WALLET,0.98
P-c75bb5a4b5ad,P-4bff5bedb0a0,SHARED_PGP_AND_WALLET,0.98
P-6ae2ba41ad7c,P-e5b211238041,SHARED_PGP_AND_WALLET,0.98
P-6ae2ba41ad7c,P-4bff5bedb0a0,SHARED_PGP_AND_WALLET,0.98
P-e5b211238041,P-4bff5bedb0a0,SHARED_PGP_AND_WALLET,0.98
P-f435a9f7af48,P-0a728fc4e105,SHARED_PGP_AND_WALLET,0.98
P-f435a9f7af48,P-b81e23a5f020,SHARED_PGP_AND_WALLET,0.98
P-f435a9f7af48,P-fa26728c39e4,SHARED_PGP_AND_WALLET,0.98
P-0a728fc4e105,P-b81e23a5f020,SHARED_PGP_AND_WALLET,0.98
P-0a728fc4e105,P-fa26728c39e4,SHARED_PGP_AND_WALLET,0.98
P-b81e23a5f020,P-fa26728c39e4,SHARED_PGP_AND_WALLET,0.98
P-1ee9398e4fd2,P-1febbb4dc510,SHARED_PGP_AND_WALLET,0.98
P-1ee9398e4fd2,P-559f1be39b0c,SHARED_PGP_AND_WALLET,0.98
P-1ee9398e4fd2,P-c9e669dc29d0,SHARED_PGP_AND_WALLET,0.98
P-1febbb4dc510,P-559f1be39b0c,SHARED_PGP_AND_WALLET,0.98
P-1febbb4dc510,P-c9e669dc29d0,SHARED_PGP_AND_WALLET,0.98
P-559f1be39b0c,P-c9e669dc29d0,SHARED_PGP_AND_WALLET,0.98
P-9b64c27f8e8b,P-ef36826b4b30,SHARED_PGP_AND_WALLET,0.98
P-9b64c27f8e8b,P-02fa5f1f201c,SHARED_PGP_AND_WALLET,0.98
P-9b64c27f8e8b,P-e1cf4db31af1,SHARED_PGP_AND_WALLET,0.98
P-ef36826b4b30,P-02fa5f1f201c,SHARED_PGP_AND_WALLET,0.98
P-ef36826b4b30,P-e1cf4db31af1,SHARED_PGP_AND_WALLET,0.98
P-02fa5f1f201c,P-e1cf4db31af1,SHARED_PGP_AND_WALLET,0.98
P-4290b3f3643d,P-058448f3b40f,SHARED_PGP_AND_WALLET,0.98
P-4290b3f3643d,P-b66d356ba311,SHARED_PGP_AND_WALLET,0.98
P-4290b3f3643d,P-de636239c472,SHARED_PGP_AND_WALLET,0.98
P-058448f3b40f,P-b66d356ba311,SHARED_PGP_AND_WALLET,0.98
P-058448f3b40f,P-de636239c472,SHARED_PGP_AND_WALLET,0.98
P-b66d356ba311,P-de636239c472,SHARED_PGP_AND_WALLET,0.98
P-a19f00a9819a,P-edf0e1ec72fc,SHARED_PGP_AND_WALLET,0.98
P-a19f00a9819a,P-63f9948fd1a0,SHARED_PGP_AND_WALLET,0.98
P-a19f00a9819a,P-38d1acb198ef,SHARED_PGP_AND_WALLET,0.98
P-edf0e1ec72fc,P-63f9948fd1a0,SHARED_PGP_AND_WALLET,0.98
P-edf0e1ec72fc,P-38d1acb198ef,SHARED_PGP_AND_WALLET,0.98
P-63f9948fd1a0,P-38d1acb198ef,SHARED_PGP_AND_WALLET,0.98
P-55163f4fa94f,P-a8ab632d04c8,SHARED_PGP_AND_WALLET,0.98
P-55163f4fa94f,P-ceb0bd4cc2ea,SHARED_PGP_AND_WALLET,0.98
P-55163f4fa94f,P-a0581fda852c,SHARED_PGP_AND_WALLET,0.98
P-a8ab632d04c8,P-ceb0bd4cc2ea,SHARED_PGP_AND_WALLET,0.98
P-a8ab632d04c8,P-a0581fda852c,SHARED_PGP_AND_WALLET,0.98
P-ceb0bd4cc2ea,P-a0581fda852c,SHARED_PGP_AND_WALLET,0.98
P-33d04a61dd0e,P-2d2ef7ad32b9,SHARED_PGP_AND_WALLET,0.98
P-33d04a61dd0e,P-eca5b3e01bf3,SHARED_PGP_AND_WALLET,0.98
P-33d04a61dd0e,P-4a4f655d1cb5,SHARED_PGP_AND_WALLET,0.98
P-2d2ef7ad32b9,P-eca5b3e01bf3,SHARED_PGP_AND_WALLET,0.98
P-2d2ef7ad32b9,P-4a4f655d1cb5,SHARED_PGP_AND_WALLET,0.98
P-eca5b3e01bf3,P-4a4f655d1cb5,SHARED_PGP_AND_WALLET,0.98
P-19125f89395a,P-269a5e3590af,SHARED_PGP_AND_WALLET,0.98
P-19125f89395a,P-b6f5629e87d7,SHARED_PGP_AND_WALLET,0.98
P-19125f89395a,P-5c9fcc867794,SHARED_PGP_AND_WALLET,0.98
P-269a5e3590af,P-b6f5629e87d7,SHARED_PGP_AND_WALLET,0.98
P-269a5e3590af,P-5c9fcc867794,SHARED_PGP_AND_WALLET,0.98
P-b6f5629e87d7,P-5c9fcc867794,SHARED_PGP_AND_WALLET,0.98
P-dc26cc0c67f4,P-47557647688e,SHARED_PGP_AND_WALLET,0.98
P-dc26cc0c67f4,P-7125afd59bf9,SHARED_PGP_AND_WALLET,0.98
P-dc26cc0c67f4,P-713d645fd493,SHARED_PGP_AND_WALLET,0.98
P-47557647688e,P-7125afd59bf9,SHARED_PGP_AND_WALLET,0.98
P-47557647688e,P-713d645fd493,SHARED_PGP_AND_WALLET,0.98
P-7125afd59bf9,P-713d645fd493,SHARED_PGP_AND_WALLET,0.98
P-36b8361250cd,P-1da72f69a50f,SHARED_PGP_AND_WALLET,0.98
P-36b8361250cd,P-efeaa439a66a,SHARED_PGP_AND_WALLET,0.98
P-36b8361250cd,P-f89c1861ee3b,SHARED_PGP_AND_WALLET,0.98
P-1da72f69a50f,P-efeaa439a66a,SHARED_PGP_AND_WALLET,0.98
P-1da72f69a50f,P-f89c1861ee3b,SHARED_PGP_AND_WALLET,0.98
P-efeaa439a66a,P-f89c1861ee3b,SHARED_PGP_AND_WALLET,0.98
P-ae4ee103c690,P-4aef6854ba32,SHARED_PGP_AND_WALLET,0.98
P-ae4ee103c690,P-9810bf3de145,SHARED_PGP_AND_WALLET,0.98
P-ae4ee103c690,P-278c20f5150f,SHARED_PGP_AND_WALLET,0.98
P-4aef6854ba32,P-9810bf3de145,SHARED_PGP_AND_WALLET,0.98
P-4aef6854ba32,P-278c20f5150f,SHARED_PGP_AND_WALLET,0.98
P-9810bf3de145,P-278c20f5150f,SHARED_PGP_AND_WALLET,0.98
P-f3be53eda9bf,P-812100a983bf,SHARED_PGP_AND_WALLET,0.98
P-f3be53eda9bf,P-7db9cb6b990d,SHARED_PGP_AND_WALLET,0.98
P-f3be53eda9bf,P-47869bae0ca3,SHARED_PGP_AND_WALLET,0.98
P-812100a983bf,P-7db9cb6b990d,SHARED_PGP_AND_WALLET,0.98
P-812100a983bf,P-47869bae0ca3,SHARED_PGP_AND_WALLET,0.98
P-7db9cb6b990d,P-47869bae0ca3,SHARED_PGP_AND_WALLET,0.98
P-4bbed13f4809,P-5b670c6bb2d3,SHARED_PGP_AND_WALLET,0.98
P-4bbed13f4809,P-e5673bfe3211,SHARED_PGP_AND_WALLET,0.98
P-4bbed13f4809,P-3ef61d91fa3b,SHARED_PGP_AND_WALLET,0.98
P-5b670c6bb2d3,P-e5673bfe3211,SHARED_PGP_AND_WALLET,0.98
P-5b670c6bb2d3,P-3ef61d91fa3b,SHARED_PGP_AND_WALLET,0.98
P-e5673bfe3211,P-3ef61d91fa3b,SHARED_PGP_AND_WALLET,0.98
P-7d4a52997cea,P-9478ec316a88,SHARED_PGP_AND_WALLET,0.98
P-7d4a52997cea,P-012ec78c99ea,SHARED_PGP_AND_WALLET,0.98
P-7d4a52997cea,P-11ae31c5e0c9,SHARED_PGP_AND_WALLET,0.98
P-9478ec316a88,P-012ec78c99ea,SHARED_PGP_AND_WALLET,0.98
P-9478ec316a88,P-11ae31c5e0c9,SHARED_PGP_AND_WALLET,0.98
P-012ec78c99ea,P-11ae31c5e0c9,SHARED_PGP_AND_WALLET,0.98
P-4a457b2a35cc,P-edce338c9ff3,SHARED_PGP_AND_WALLET,0.98
P-4a457b2a35cc,P-a23359516985,SHARED_PGP_AND_WALLET,0.98
P-4a457b2a35cc,P-c07c75bfd1bd,SHARED_PGP_AND_WALLET,0.98
P-edce338c9ff3,P-a23359516985,SHARED_PGP_AND_WALLET,0.98
P-edce338c9ff3,P-c07c75bfd1bd,SHARED_PGP_AND_WALLET,0.98
P-a23359516985,P-c07c75bfd1bd,SHARED_PGP_AND_WALLET,0.98
P-68053b1d5e28,P-6e2325834ec9,SHARED_PGP_AND_WALLET,0.98
P-68053b1d5e28,P-b142821c7700,SHARED_PGP_AND_WALLET,0.98
P-68053b1d5e28,P-91d9170380e7,SHARED_PGP_AND_WALLET,0.98
P-6e2325834ec9,P-b142821c7700,SHARED_PGP_AND_WALLET,0.98
P-6e2325834ec9,P-91d9170380e7,SHARED_PGP_AND_WALLET,0.98
P-b142821c7700,P-91d9170380e7,SHARED_PGP_AND_WALLET,0.98
P-2160d8c9fd13,P-70b56e8d2634,SHARED_PGP_AND_WALLET,0.98
P-2160d8c9fd13,P-01fabd3971ec,SHARED_PGP_AND_WALLET,0.98
P-2160d8c9fd13,P-1b2b46ad8444,SHARED_PGP_AND_WALLET,0.98
P-70b56e8d2634,P-01fabd3971ec,SHARED_PGP_AND_WALLET,0.98
P-70b56e8d2634,P-1b2b46ad8444,SHARED_PGP_AND_WALLET,0.98
P-01fabd3971ec,P-1b2b46ad8444,SHARED_PGP_AND_WALLET,0.98
P-fe0690b2ebb5,P-f1aaafcad6f8,SHARED_PGP_AND_WALLET,0.98
P-fe0690b2ebb5,P-7949e3182918,SHARED_PGP_AND_WALLET,0.98
P-fe0690b2ebb5,P-6b20c0986f5f,SHARED_PGP_AND_WALLET,0.98
P-f1aaafcad6f8,P-7949e3182918,SHARED_PGP_AND_WALLET,0.98
P-f1aaafcad6f8,P-6b20c0986f5f,SHARED_PGP_AND_WALLET,0.98
P-7949e3182918,P-6b20c0986f5f,SHARED_PGP_AND_WALLET,0.98
P-b087913de037,P-fc75aed4c8b5,SHARED_PGP_AND_WALLET,0.98
P-b087913de037,P-c96b8c085a7a,SHARED_PGP_AND_WALLET,0.98
P-b087913de037,P-6858b21ba93c,SHARED_PGP_AND_WALLET,0.98
P-fc75aed4c8b5,P-c96b8c085a7a,SHARED_PGP_AND_WALLET,0.98
P-fc75aed4c8b5,P-6858b21ba93c,SHARED_PGP_AND_WALLET,0.98
P-c96b8c085a7a,P-6858b21ba93c,SHARED_PGP_AND_WALLET,0.98
P-6afee09d237a,P-3df857a7530d,SHARED_PGP_AND_WALLET,0.98
P-6afee09d237a,P-5ea3fbcd49ec,SHARED_PGP_AND_WALLET,0.98
P-6afee09d237a,P-a6dae8e30640,SHARED_PGP_AND_WALLET,0.98
P-3df857a7530d,P-5ea3fbcd49ec,SHARED_PGP_AND_WALLET,0.98
P-3df857a7530d,P-a6dae8e30640,SHARED_PGP_AND_WALLET,0.98
P-5ea3fbcd49ec,P-a6dae8e30640,SHARED_PGP_AND_WALLET,0.98
P-cb95a9865883,P-5eec20af2771,SHARED_PGP_AND_WALLET,0.98
P-cb95a9865883,P-8ab92ef5b36f,SHARED_PGP_AND_WALLET,0.98
P-cb95a9865883,P-7074a21b03c5,SHARED_PGP_AND_WALLET,0.98
P-5eec20af2771,P-8ab92ef5b36f,SHARED_PGP_AND_WALLET,0.98
P-5eec20af2771,P-7074a21b03c5,SHARED_PGP_AND_WALLET,0.98
P-8ab92ef5b36f,P-7074a21b03c5,SHARED_PGP_AND_WALLET,0.98
P-48004febbb9d,P-3ca8816711c6,SHARED_PGP_AND_WALLET,0.98
P-48004febbb9d,P-d159e2d3600c,SHARED_PGP_AND_WALLET,0.98
P-48004febbb9d,P-189f0ef4fb1e,SHARED_PGP_AND_WALLET,0.98
P-3ca8816711c6,P-d159e2d3600c,SHARED_PGP_AND_WALLET,0.98
P-3ca8816711c6,P-189f0ef4fb1e,SHARED_PGP_AND_WALLET,0.98
P-d159e2d3600c,P-189f0ef4fb1e,SHARED_PGP_AND_WALLET,0.98
P-e84504a50c57,P-73e51434ce2a,SHARED_PGP_AND_WALLET,0.98
P-e84504a50c57,P-ff7733b458d5,SHARED_PGP_AND_WALLET,0.98
P-e84504a50c57,P-b79d254ab370,SHARED_PGP_AND_WALLET,0.98
P-73e51434ce2a,P-ff7733b458d5,SHARED_PGP_AND_WALLET,0.98
P-73e51434ce2a,P-b79d254ab370,SHARED_PGP_AND_WALLET,0.98
P-ff7733b458d5,P-b79d254ab370,SHARED_PGP_AND_WALLET,0.98
P-6d38b2266917,P-0aa2137bf25b,SHARED_PGP_AND_WALLET,0.98
P-6d38b2266917,P-2f2672c993dd,SHARED_PGP_AND_WALLET,0.98
P-6d38b2266917,P-a34c4abc4ca4,SHARED_PGP_AND_WALLET,0.98
P-0aa2137bf25b,P-2f2672c993dd,SHARED_PGP_AND_WALLET,0.98
P-0aa2137bf25b,P-a34c4abc4ca4,SHARED_PGP_AND_WALLET,0.98
P-2f2672c993dd,P-a34c4abc4ca4,SHARED_PGP_AND_WALLET,0.98
P-f9c7f56e781b,P-c84ffc79c0c1,SHARED_PGP_AND_WALLET,0.98
P-f9c7f56e781b,P-01a8bdc4c3af,SHARED_PGP_AND_WALLET,0.98
P-f9c7f56e781b,P-12e8a418e0de,SHARED_PGP_AND_WALLET,0.98
P-c84ffc79c0c1,P-01a8bdc4c3af,SHARED_PGP_AND_WALLET,0.98
P-c84ffc79c0c1,P-12e8a418e0de,SHARED_PGP_AND_WALLET,0.98
P-01a8bdc4c3af,P-12e8a418e0de,SHARED_PGP_AND_WALLET,0.98
P-35e740c793cb,P-2861418c50c3,SHARED_PGP_AND_WALLET,0.98
P-35e740c793cb,P-974527a9ff70,SHARED_PGP_AND_WALLET,0.98
P-2861418c50c3,P-974527a9ff70,SHARED_PGP_AND_WALLET,0.98
P-c22f7e27c2bf,P-b56820d7d66f,SHARED_PGP_AND_WALLET,0.98
P-c22f7e27c2bf,P-49ac953581b4,SHARED_PGP_AND_WALLET,0.98
P-b56820d7d66f,P-49ac953581b4,SHARED_PGP_AND_WALLET,0.98
P-374acb5db2cb,P-848eacd59b36,SHARED_PGP_AND_WALLET,0.98
P-374acb5db2cb,P-c089852d5746,SHARED_PGP_AND_WALLET,0.98
P-374acb5db2cb,P-d6552e426bc6,SHARED_PGP_AND_WALLET,0.98
P-374acb5db2cb,P-dd7a16ffb2b0,SHARED_PGP_AND_WALLET,0.98
P-848eacd59b36,P-c089852d5746,SHARED_PGP_AND_WALLET,0.98
P-848eacd59b36,P-d6552e426bc6,SHARED_PGP_AND_WALLET,0.98
P-848eacd59b36,P-dd7a16ffb2b0,SHARED_PGP_AND_WALLET,0.98
P-c089852d5746,P-d6552e426bc6,SHARED_PGP_AND_WALLET,0.98
P-c089852d5746,P-dd7a16ffb2b0,SHARED_PGP_AND_WALLET,0.98
P-d6552e426bc6,P-dd7a16ffb2b0,SHARED_PGP_AND_WALLET,0.98
P-d2de1fbb53b7,P-361987f47bc0,SHARED_PGP_AND_WALLET,0.98
P-d2de1fbb53b7,P-d3f7f615f6a5,SHARED_PGP_AND_WALLET,0.98
P-361987f47bc0,P-d3f7f615f6a5,SHARED_PGP_AND_WALLET,0.98
P-df7e4144d4cc,P-f65b6a994056,SHARED_PGP_AND_WALLET,0.98
P-df7e4144d4cc,P-c24b3de30cff,SHARED_PGP_AND_WALLET,0.98
P-df7e4144d4cc,P-1c4d2cce8a04,SHARED_PGP_AND_WALLET,0.98
P-df7e4144d4cc,P-9ffccbb76aab,SHARED_PGP_AND_WALLET,0.98
P-f65b6a994056,P-c24b3de30cff,SHARED_PGP_AND_WALLET,0.98
P-f65b6a994056,P-1c4d2cce8a04,SHARED_PGP_AND_WALLET,0.98
P-f65b6a994056,P-9ffccbb76aab,SHARED_PGP_AND_WALLET,0.98
P-c24b3de30cff,P-1c4d2cce8a04,SHARED_PGP_AND_WALLET,0.98
P-c24b3de30cff,P-9ffccbb76aab,SHARED_PGP_AND_WALLET,0.98
P-1c4d2cce8a04,P-9ffccbb76aab,SHARED_PGP_AND_WALLET,0.98
P-1fc0884c16ea,P-c5926e138ba0,SHARED_PGP_AND_WALLET,0.98
P-1fc0884c16ea,P-7d29f308ba3b,SHARED_PGP_AND_WALLET,0.98
P-1fc0884c16ea,P-7fa87e47490e,SHARED_PGP_AND_WALLET,0.98
P-1fc0884c16ea,P-690b949f7c10,SHARED_PGP_AND_WALLET,0.98
P-c5926e138ba0,P-7d29f308ba3b,SHARED_PGP_AND_WALLET,0.98
P-c5926e138ba0,P-7fa87e47490e,SHARED_PGP_AND_WALLET,0.98
P-c5926e138ba0,P-690b949f7c10,SHARED_PGP_AND_WALLET,0.98
P-7d29f308ba3b,P-7fa87e47490e,SHARED_PGP_AND_WALLET,0.98
P-7d29f308ba3b,P-690b949f7c10,SHARED_PGP_AND_WALLET,0.98
P-7fa87e47490e,P-690b949f7c10,SHARED_PGP_AND_WALLET,0.98
P-470a9371fddc,P-6deabef1e39e,SHARED_PGP_AND_WALLET,0.98
P-470a9371fddc,P-43ae31702059,SHARED_PGP_AND_WALLET,0.98
P-470a9371fddc,P-857b654aa701,SHARED_PGP_AND_WALLET,0.98
P-6deabef1e39e,P-43ae31702059,SHARED_PGP_AND_WALLET,0.98
P-6deabef1e39e,P-857b654aa701,SHARED_PGP_AND_WALLET,0.98
P-43ae31702059,P-857b654aa701,SHARED_PGP_AND_WALLET,0.98
P-878eed857fe4,P-093cec3cfda1,SHARED_PGP_AND_WALLET,0.98
P-878eed857fe4,P-f46e34c3d423,SHARED_PGP_AND_WALLET,0.98
P-878eed857fe4,P-6c86faf6aef9,SHARED_PGP_AND_WALLET,0.98
P-093cec3cfda1,P-f46e34c3d423,SHARED_PGP_AND_WALLET,0.98
P-093cec3cfda1,P-6c86faf6aef9,SHARED_PGP_AND_WALLET,0.98
P-f46e34c3d423,P-6c86faf6aef9,SHARED_PGP_AND_WALLET,0.98
P-0cb9aeb54f19,P-54d0f4a7e35d,SHARED_PGP_AND_WALLET,0.98
P-0cb9aeb54f19,P-8e43465990ae,SHARED_PGP_AND_WALLET,0.98
P-54d0f4a7e35d,P-8e43465990ae,SHARED_PGP_AND_WALLET,0.98
P-af8f2abe07ce,P-e7f902f1ed14,SHARED_PGP_AND_WALLET,0.98
P-af8f2abe07ce,P-2695fb7f6493,SHARED_PGP_AND_WALLET,0.98
P-e7f902f1ed14,P-2695fb7f6493,SHARED_PGP_AND_WALLET,0.98
P-ea5dc9c3be41,P-06536c6c0d69,SHARED_PGP_AND_WALLET,0.98
P-ea5dc9c3be41,P-28ce775441e1,SHARED_PGP_AND_WALLET,0.98
P-ea5dc9c3be41,P-3ac53259099b,SHARED_PGP_AND_WALLET,0.98
P-ea5dc9c3be41,P-a75a280662f3,SHARED_PGP_AND_WALLET,0.98
P-06536c6c0d69,P-28ce775441e1,SHARED_PGP_AND_WALLET,0.98
P-06536c6c0d69,P-3ac53259099b,SHARED_PGP_AND_WALLET,0.98
P-06536c6c0d69,P-a75a280662f3,SHARED_PGP_AND_WALLET,0.98
P-28ce775441e1,P-3ac53259099b,SHARED_PGP_AND_WALLET,0.98
P-28ce775441e1,P-a75a280662f3,SHARED_PGP_AND_WALLET,0.98
P-3ac53259099b,P-a75a280662f3,SHARED_PGP_AND_WALLET,0.98
P-a361c2bae47a,P-31cf9078c8de,SHARED_PGP_AND_WALLET,0.98
P-a361c2bae47a,P-e79fb40497f7,SHARED_PGP_AND_WALLET,0.98
P-31cf9078c8de,P-e79fb40497f7,SHARED_PGP_AND_WALLET,0.98
P-5afebb54a512,P-c27ac0ce2678,SHARED_PGP_AND_WALLET,0.98
P-5afebb54a512,P-b3d8b7047b96,SHARED_PGP_AND_WALLET,0.98
P-5afebb54a512,P-1c2c5c2713ef,SHARED_PGP_AND_WALLET,0.98
P-5afebb54a512,P-fe800add80f0,SHARED_PGP_AND_WALLET,0.98
P-c27ac0ce2678,P-b3d8b7047b96,SHARED_PGP_AND_WALLET,0.98
P-c27ac0ce2678,P-1c2c5c2713ef,SHARED_PGP_AND_WALLET,0.98
P-c27ac0ce2678,P-fe800add80f0,SHARED_PGP_AND_WALLET,0.98
P-b3d8b7047b96,P-1c2c5c2713ef,SHARED_PGP_AND_WALLET,0.98
P-b3d8b7047b96,P-fe800add80f0,SHARED_PGP_AND_WALLET,0.98
P-1c2c5c2713ef,P-fe800add80f0,SHARED_PGP_AND_WALLET,0.98
P-6366472120ca,P-baa8fe000d3d,SHARED_PGP_AND_WALLET,0.98
P-6366472120ca,P-7500e724bb24,SHARED_PGP_AND_WALLET,0.98
P-6366472120ca,P-093b5258da66,SHARED_PGP_AND_WALLET,0.98
P-6366472120ca,P-1557a527c7db,SHARED_PGP_AND_WALLET,0.98
P-baa8fe000d3d,P-7500e724bb24,SHARED_PGP_AND_WALLET,0.98
P-baa8fe000d3d,P-093b5258da66,SHARED_PGP_AND_WALLET,0.98
P-baa8fe000d3d,P-1557a527c7db,SHARED_PGP_AND_WALLET,0.98
P-7500e724bb24,P-093b5258da66,SHARED_PGP_AND_WALLET,0.98
P-7500e724bb24,P-1557a527c7db,SHARED_PGP_AND_WALLET,0.98
P-093b5258da66,P-1557a527c7db,SHARED_PGP_AND_WALLET,0.98
P-e0dba644f193,P-72d3cbfcbf5a,SHARED_PGP_AND_WALLET,0.98
P-e0dba644f193,P-75b7c05e80c3,SHARED_PGP_AND_WALLET,0.98
P-e0dba644f193,P-f9faa365aa8d,SHARED_PGP_AND_WALLET,0.98
P-e0dba644f193,P-9a341f6fef6b,SHARED_PGP_AND_WALLET,0.98
P-72d3cbfcbf5a,P-75b7c05e80c3,SHARED_PGP_AND_WALLET,0.98
P-72d3cbfcbf5a,P-f9faa365aa8d,SHARED_PGP_AND_WALLET,0.98
P-72d3cbfcbf5a,P-9a341f6fef6b,SHARED_PGP_AND_WALLET,0.98
P-75b7c05e80c3,P-f9faa365aa8d,SHARED_PGP_AND_WALLET,0.98
P-75b7c05e80c3,P-9a341f6fef6b,SHARED_PGP_AND_WALLET,0.98
P-f9faa365aa8d,P-9a341f6fef6b,SHARED_PGP_AND_WALLET,0.98
P-dc15e2df5166,P-43b7fce67903,SHARED_PGP_AND_WALLET,0.98
P-dc15e2df5166,P-33d20a53618d,SHARED_PGP_AND_WALLET,0.98
P-dc15e2df5166,P-a5491086811d,SHARED_PGP_AND_WALLET,0.98
P-43b7fce67903,P-33d20a53618d,SHARED_PGP_AND_WALLET,0.98
P-43b7fce67903,P-a5491086811d,SHARED_PGP_AND_WALLET,0.98
P-33d20a53618d,P-a5491086811d,SHARED_PGP_AND_WALLET,0.98
P-42f5e4e0337c,P-5e3308ed5eda,SHARED_PGP_AND_WALLET,0.98
P-42f5e4e0337c,P-32cfc5a8041f,SHARED_PGP_AND_WALLET,0.98
P-42f5e4e0337c,P-f2149482e2e3,SHARED_PGP_AND_WALLET,0.98
P-5e3308ed5eda,P-32cfc5a8041f,SHARED_PGP_AND_WALLET,0.98
P-5e3308ed5eda,P-f2149482e2e3,SHARED_PGP_AND_WALLET,0.98
P-32cfc5a8041f,P-f2149482e2e3,SHARED_PGP_AND_WALLET,0.98
P-3f39f4239acb,P-f848bd5e3e14,SHARED_PGP_AND_WALLET,0.98
P-3f39f4239acb,P-9eced924df1e,SHARED_PGP_AND_WALLET,0.98
P-3f39f4239acb,P-8b855b747bf9,SHARED_PGP_AND_WALLET,0.98
P-3f39f4239acb,P-659cfe204218,SHARED_PGP_AND_WALLET,0.98
P-f848bd5e3e14,P-9eced924df1e,SHARED_PGP_AND_WALLET,0.98
P-f848bd5e3e14,P-8b855b747bf9,SHARED_PGP_AND_WALLET,0.98
P-f848bd5e3e14,P-659cfe204218,SHARED_PGP_AND_WALLET,0.98
P-9eced924df1e,P-8b855b747bf9,SHARED_PGP_AND_WALLET,0.98
P-9eced924df1e,P-659cfe204218,SHARED_PGP_AND_WALLET,0.98
P-8b855b747bf9,P-659cfe204218,SHARED_PGP_AND_WALLET,0.98
P-c82d4a966f96,P-232eeb5ea0e8,SHARED_PGP_AND_WALLET,0.98
P-c82d4a966f96,P-f1cdf48da315,SHARED_PGP_AND_WALLET,0.98
P-c82d4a966f96,P-03e94130f710,SHARED_PGP_AND_WALLET,0.98
P-c82d4a966f96,P-687639ceab6d,SHARED_PGP_AND_WALLET,0.98
P-232eeb5ea0e8,P-f1cdf48da315,SHARED_PGP_AND_WALLET,0.98
P-232eeb5ea0e8,P-03e94130f710,SHARED_PGP_AND_WALLET,0.98
P-232eeb5ea0e8,P-687639ceab6d,SHARED_PGP_AND_WALLET,0.98
P-f1cdf48da315,P-03e94130f710,SHARED_PGP_AND_WALLET,0.98
P-f1cdf48da315,P-687639ceab6d,SHARED_PGP_AND_WALLET,0.98
P-03e94130f710,P-687639ceab6d,SHARED_PGP_AND_WALLET,0.98
P-8b15ba633cc4,P-79a40d6ae433,SHARED_PGP_AND_WALLET,0.98
P-8b15ba633cc4,P-3f2a271ced42,SHARED_PGP_AND_WALLET,0.98
P-79a40d6ae433,P-3f2a271ced42,SHARED_PGP_AND_WALLET,0.98
P-234f603f8994,P-3cf8c0530814,SHARED_PGP_AND_WALLET,0.98
P-234f603f8994,P-e1e63760ed49,SHARED_PGP_AND_WALLET,0.98
P-3cf8c0530814,P-e1e63760ed49,SHARED_PGP_AND_WALLET,0.98
P-e09d1e72c749,P-eaedd4a5982f,SHARED_PGP_AND_WALLET,0.98
P-e09d1e72c749,P-287b233a71fd,SHARED_PGP_AND_WALLET,0.98
P-eaedd4a5982f,P-287b233a71fd,SHARED_PGP_AND_WALLET,0.98
P-dd5928c8c6ab,P-f6f9030bb993,SHARED_PGP_AND_WALLET,0.98
P-dd5928c8c6ab,P-cdf417292d7c,SHARED_PGP_AND_WALLET,0.98
P-f6f9030bb993,P-cdf417292d7c,SHARED_PGP_AND_WALLET,0.98
P-49f8520a7743,P-bfc738cdf16d,SHARED_PGP_AND_WALLET,0.98
P-49f8520a7743,P-62a4d33b748c,SHARED_PGP_AND_WALLET,0.98
P-bfc738cdf16d,P-62a4d33b748c,SHARED_PGP_AND_WALLET,0.98
P-0c21d05254f4,P-b72e8213f151,SHARED_PGP_AND_WALLET,0.98
P-0c21d05254f4,P-00afdd26c471,SHARED_PGP_AND_WALLET,0.98
P-0c21d05254f4,P-670a2147e373,SHARED_PGP_AND_WALLET,0.98
P-0c21d05254f4,P-8abfe9ed8f1b,SHARED_PGP_AND_WALLET,0.98
P-b72e8213f151,P-00afdd26c471,SHARED_PGP_AND_WALLET,0.98
P-b72e8213f151,P-670a2147e373,SHARED_PGP_AND_WALLET,0.98
P-b72e8213f151,P-8abfe9ed8f1b,SHARED_PGP_AND_WALLET,0.98
P-00afdd26c471,P-670a2147e373,SHARED_PGP_AND_WALLET,0.98
P-00afdd26c471,P-8abfe9ed8f1b,SHARED_PGP_AND_WALLET,0.98
P-670a2147e373,P-8abfe9ed8f1b,SHARED_PGP_AND_WALLET,0.98
P-5cc654ca05d0,P-3eb46ebe2493,SHARED_PGP_AND_WALLET,0.98
P-5cc654ca05d0,P-a4661a12fd2a,SHARED_PGP_AND_WALLET,0.98
P-5cc654ca05d0,P-7e07247a5a85,SHARED_PGP_AND_WALLET,0.98
P-5cc654ca05d0,P-79be644a4ee7,SHARED_PGP_AND_WALLET,0.98
P-3eb46ebe2493,P-a4661a12fd2a,SHARED_PGP_AND_WALLET,0.98
P-3eb46ebe2493,P-7e07247a5a85,SHARED_PGP_AND_WALLET,0.98
P-3eb46ebe2493,P-79be644a4ee7,SHARED_PGP_AND_WALLET,0.98
P-a4661a12fd2a,P-7e07247a5a85,SHARED_PGP_AND_WALLET,0.98
P-a4661a12fd2a,P-79be644a4ee7,SHARED_PGP_AND_WALLET,0.98
P-7e07247a5a85,P-79be644a4ee7,SHARED_PGP_AND_WALLET,0.98
P-38eb7c034fc1,P-72ced2ffa8ec,SHARED_PGP_AND_WALLET,0.98
P-38eb7c034fc1,P-5004be3f52d6,SHARED_PGP_AND_WALLET,0.98
P-38eb7c034fc1,P-268a72d5aa4f,SHARED_PGP_AND_WALLET,0.98
P-72ced2ffa8ec,P-5004be3f52d6,SHARED_PGP_AND_WALLET,0.98
P-72ced2ffa8ec,P-268a72d5aa4f,SHARED_PGP_AND_WALLET,0.98
P-5004be3f52d6,P-268a72d5aa4f,SHARED_PGP_AND_WALLET,0.98
P-d8864229ed06,P-e71758dae86c,SHARED_PGP_AND_WALLET,0.98
P-d8864229ed06,P-e2bb12cf8bd4,SHARED_PGP_AND_WALLET,0.98
P-e71758dae86c,P-e2bb12cf8bd4,SHARED_PGP_AND_WALLET,0.98
P-ceea2cd66145,P-61bf23f876dc,SHARED_PGP_AND_WALLET,0.98
P-ceea2cd66145,P-629ca8790189,SHARED_PGP_AND_WALLET,0.98
P-61bf23f876dc,P-629ca8790189,SHARED_PGP_AND_WALLET,0.98
P-bc194d0d06cc,P-671953055789,SHARED_PGP_AND_WALLET,0.98
P-bc194d0d06cc,P-02c6d0b7cd72,SHARED_PGP_AND_WALLET,0.98
P-bc194d0d06cc,P-9ee0bc74159a,SHARED_PGP_AND_WALLET,0.98
P-bc194d0d06cc,P-8bc48e80075a,SHARED_PGP_AND_WALLET,0.98
P-671953055789,P-02c6d0b7cd72,SHARED_PGP_AND_WALLET,0.98
P-671953055789,P-9ee0bc74159a,SHARED_PGP_AND_WALLET,0.98
P-671953055789,P-8bc48e80075a,SHARED_PGP_AND_WALLET,0.98
P-02c6d0b7cd72,P-9ee0bc74159a,SHARED_PGP_AND_WALLET,0.98
P-02c6d0b7cd72,P-8bc48e80075a,SHARED_PGP_AND_WALLET,0.98
P-9ee0bc74159a,P-8bc48e80075a,SHARED_PGP_AND_WALLET,0.98
P-05a7b70cbc78,P-fe3c86838b09,SHARED_PGP_AND_WALLET,0.98
P-05a7b70cbc78,P-5f77c8fce82b,SHARED_PGP_AND_WALLET,0.98
P-fe3c86838b09,P-5f77c8fce82b,SHARED_PGP_AND_WALLET,0.98
P-1e4990475155,P-e336f52b9cca,SHARED_PGP_AND_WALLET,0.98
P-1e4990475155,P-e4fd01ca7d3d,SHARED_PGP_AND_WALLET,0.98
P-1e4990475155,P-c29777a38aea,SHARED_PGP_AND_WALLET,0.98
P-1e4990475155,P-107029c835db,SHARED_PGP_AND_WALLET,0.98
P-e336f52b9cca,P-e4fd01ca7d3d,SHARED_PGP_AND_WALLET,0.98
P-e336f52b9cca,P-c29777a38aea,SHARED_PGP_AND_WALLET,0.98
P-e336f52b9cca,P-107029c835db,SHARED_PGP_AND_WALLET,0.98
P-e4fd01ca7d3d,P-c29777a38aea,SHARED_PGP_AND_WALLET,0.98
P-e4fd01ca7d3d,P-107029c835db,SHARED_PGP_AND_WALLET,0.98
P-c29777a38aea,P-107029c835db,SHARED_PGP_AND_WALLET,0.98
P-fdbb60287f71,P-60d2375700a8,SHARED_PGP_AND_WALLET,0.98
P-fdbb60287f71,P-723f6fd22c11,SHARED_PGP_AND_WALLET,0.98
P-60d2375700a8,P-723f6fd22c11,SHARED_PGP_AND_WALLET,0.98
P-72850969628f,P-3ae97f1f73ab,SHARED_PGP_AND_WALLET,0.98
P-72850969628f,P-d4c65cbfc6c9,SHARED_PGP_AND_WALLET,0.98
P-72850969628f,P-7ef3fd665f43,SHARED_PGP_AND_WALLET,0.98
P-72850969628f,P-8dc14ef0560b,SHARED_PGP_AND_WALLET,0.98
P-3ae97f1f73ab,P-d4c65cbfc6c9,SHARED_PGP_AND_WALLET,0.98
P-3ae97f1f73ab,P-7ef3fd665f43,SHARED_PGP_AND_WALLET,0.98
P-3ae97f1f73ab,P-8dc14ef0560b,SHARED_PGP_AND_WALLET,0.98
P-d4c65cbfc6c9,P-7ef3fd665f43,SHARED_PGP_AND_WALLET,0.98
P-d4c65cbfc6c9,P-8dc14ef0560b,SHARED_PGP_AND_WALLET,0.98
P-7ef3fd665f43,P-8dc14ef0560b,SHARED_PGP_AND_WALLET,0.98
P-47127ebffc2a,P-5275d1011fc9,SHARED_PGP_AND_WALLET,0.98
P-47127ebffc2a,P-3591dd8f26a8,SHARED_PGP_AND_WALLET,0.98
P-47127ebffc2a,P-5595d635163a,SHARED_PGP_AND_WALLET,0.98
P-47127ebffc2a,P-d356bc61f2dd,SHARED_PGP_AND_WALLET,0.98
P-5275d1011fc9,P-3591dd8f26a8,SHARED_PGP_AND_WALLET,0.98
P-5275d1011fc9,P-5595d635163a,SHARED_PGP_AND_WALLET,0.98
P-5275d1011fc9,P-d356bc61f2dd,SHARED_PGP_AND_WALLET,0.98
P-3591dd8f26a8,P-5595d635163a,SHARED_PGP_AND_WALLET,0.98
P-3591dd8f26a8,P-d356bc61f2dd,SHARED_PGP_AND_WALLET,0.98
P-5595d635163a,P-d356bc61f2dd,SHARED_PGP_AND_WALLET,0.98
P-a9d7d8986f27,P-bfc01dc38b4c,SHARED_PGP_AND_WALLET,0.98
P-a9d7d8986f27,P-3349fc7b2221,SHARED_PGP_AND_WALLET,0.98
P-bfc01dc38b4c,P-3349fc7b2221,SHARED_PGP_AND_WALLET,0.98
P-7f7526d192c5,P-edea9294d1a5,SHARED_PGP_AND_WALLET,0.98
P-7f7526d192c5,P-b3db0ba75791,SHARED_PGP_AND_WALLET,0.98
P-7f7526d192c5,P-400597dafd36,SHARED_PGP_AND_WALLET,0.98
P-7f7526d192c5,P-dc6abebba02c,SHARED_PGP_AND_WALLET,0.98
P-edea9294d1a5,P-b3db0ba75791,SHARED_PGP_AND_WALLET,0.98
P-edea9294d1a5,P-400597dafd36,SHARED_PGP_AND_WALLET,0.98
P-edea9294d1a5,P-dc6abebba02c,SHARED_PGP_AND_WALLET,0.98
P-b3db0ba75791,P-400597dafd36,SHARED_PGP_AND_WALLET,0.98
P-b3db0ba75791,P-dc6abebba02c,SHARED_PGP_AND_WALLET,0.98
P-400597dafd36,P-dc6abebba02c,SHARED_PGP_AND_WALLET,0.98
P-3332d8365735,P-ddea793795e5,SHARED_PGP_AND_WALLET,0.98
P-3332d8365735,P-d3cdcb27abf9,SHARED_PGP_AND_WALLET,0.98
P-3332d8365735,P-7e8790c167c4,SHARED_PGP_AND_WALLET,0.98
P-ddea793795e5,P-d3cdcb27abf9,SHARED_PGP_AND_WALLET,0.98
P-ddea793795e5,P-7e8790c167c4,SHARED_PGP_AND_WALLET,0.98
P-d3cdcb27abf9,P-7e8790c167c4,SHARED_PGP_AND_WALLET,0.98
P-5188eb22e4db,P-7abf13230ac9,SHARED_PGP_AND_WALLET,0.98
P-5188eb22e4db,P-fa281ff01c1e,SHARED_PGP_AND_WALLET,0.98
P-5188eb22e4db,P-f208dd91f299,SHARED_PGP_AND_WALLET,0.98
P-5188eb22e4db,P-bc12c85fbaa3,SHARED_PGP_AND_WALLET,0.98
P-7abf13230ac9,P-fa281ff01c1e,SHARED_PGP_AND_WALLET,0.98
P-7abf13230ac9,P-f208dd91f299,SHARED_PGP_AND_WALLET,0.98
P-7abf13230ac9,P-bc12c85fbaa3,SHARED_PGP_AND_WALLET,0.98
P-fa281ff01c1e,P-f208dd91f299,SHARED_PGP_AND_WALLET,0.98
P-fa281ff01c1e,P-bc12c85fbaa3,SHARED_PGP_AND_WALLET,0.98
P-f208dd91f299,P-bc12c85fbaa3,SHARED_PGP_AND_WALLET,0.98
P-41766bdd2cfd,P-0940d37b4fdf,SHARED_PGP_AND_WALLET,0.98
P-41766bdd2cfd,P-20c2d5ed3b0a,SHARED_PGP_AND_WALLET,0.98
P-0940d37b4fdf,P-20c2d5ed3b0a,SHARED_PGP_AND_WALLET,0.98
P-6bef2b6826b9,P-88fc88198b82,SHARED_PGP_AND_WALLET,0.98
P-6bef2b6826b9,P-ec8ce7ec3086,SHARED_PGP_AND_WALLET,0.98
P-6bef2b6826b9,P-279f479df5b0,SHARED_PGP_AND_WALLET,0.98
P-88fc88198b82,P-ec8ce7ec3086,SHARED_PGP_AND_WALLET,0.98
P-88fc88198b82,P-279f479df5b0,SHARED_PGP_AND_WALLET,0.98
P-ec8ce7ec3086,P-279f479df5b0,SHARED_PGP_AND_WALLET,0.98
P-9d04bc67970c,P-513ee079e079,SHARED_PGP_AND_WALLET,0.98
P-9d04bc67970c,P-6eff5b4a6159,SHARED_PGP_AND_WALLET,0.98
P-9d04bc67970c,P-0ebd520f23c5,SHARED_PGP_AND_WALLET,0.98
P-513ee079e079,P-6eff5b4a6159,SHARED_PGP_AND_WALLET,0.98
P-513ee079e079,P-0ebd520f23c5,SHARED_PGP_AND_WALLET,0.98
P-6eff5b4a6159,P-0ebd520f23c5,SHARED_PGP_AND_WALLET,0.98
P-b7a65d984e97,P-f1a0898ba980,SHARED_PGP_AND_WALLET,0.98
P-b7a65d984e97,P-b37a63860799,SHARED_PGP_AND_WALLET,0.98
P-b7a65d984e97,P-573cacd7b90c,SHARED_PGP_AND_WALLET,0.98
P-b7a65d984e97,P-51f7171ec76e,SHARED_PGP_AND_WALLET,0.98
P-f1a0898ba980,P-b37a63860799,SHARED_PGP_AND_WALLET,0.98
P-f1a0898ba980,P-573cacd7b90c,SHARED_PGP_AND_WALLET,0.98
P-f1a0898ba980,P-51f7171ec76e,SHARED_PGP_AND_WALLET,0.98
P-b37a63860799,P-573cacd7b90c,SHARED_PGP_AND_WALLET,0.98
P-b37a63860799,P-51f7171ec76e,SHARED_PGP_AND_WALLET,0.98
P-573cacd7b90c,P-51f7171ec76e,SHARED_PGP_AND_WALLET,0.98
P-4d43a2dc43fd,P-03d201ef17a6,SHARED_PGP_AND_WALLET,0.98
P-4d43a2dc43fd,P-b52e25a4a91c,SHARED_PGP_AND_WALLET,0.98
P-03d201ef17a6,P-b52e25a4a91c,SHARED_PGP_AND_WALLET,0.98
P-20d3ff3ec3ff,P-ba5df36fef61,SHARED_PGP_AND_WALLET,0.98
P-20d3ff3ec3ff,P-c8feef545bac,SHARED_PGP_AND_WALLET,0.98
P-20d3ff3ec3ff,P-6a66b80a82e3,SHARED_PGP_AND_WALLET,0.98
P-20d3ff3ec3ff,P-76c3739ac2f6,SHARED_PGP_AND_WALLET,0.98
P-ba5df36fef61,P-c8feef545bac,SHARED_PGP_AND_WALLET,0.98
P-ba5df36fef61,P-6a66b80a82e3,SHARED_PGP_AND_WALLET,0.98
P-ba5df36fef61,P-76c3739ac2f6,SHARED_PGP_AND_WALLET,0.98
P-c8feef545bac,P-6a66b80a82e3,SHARED_PGP_AND_WALLET,0.98
P-c8feef545bac,P-76c3739ac2f6,SHARED_PGP_AND_WALLET,0.98
P-6a66b80a82e3,P-76c3739ac2f6,SHARED_PGP_AND_WALLET,0.98
P-018e1276f5ae,P-e951d4e289d9,SHARED_PGP_AND_WALLET,0.98
P-018e1276f5ae,P-58afc48f5e15,SHARED_PGP_AND_WALLET,0.98
P-018e1276f5ae,P-c15940494fb1,SHARED_PGP_AND_WALLET,0.98
P-e951d4e289d9,P-58afc48f5e15,SHARED_PGP_AND_WALLET,0.98
P-e951d4e289d9,P-c15940494fb1,SHARED_PGP_AND_WALLET,0.98
P-58afc48f5e15,P-c15940494fb1,SHARED_PGP_AND_WALLET,0.98
P-40fb11d3e81a,P-69cee843052c,SHARED_PGP_AND_WALLET,0.98
P-40fb11d3e81a,P-3dbcff114b2f,SHARED_PGP_AND_WALLET,0.98
P-40fb11d3e81a,P-8da05885e783,SHARED_PGP_AND_WALLET,0.98
P-69cee843052c,P-3dbcff114b2f,SHARED_PGP_AND_WALLET,0.98
P-69cee843052c,P-8da05885e783,SHARED_PGP_AND_WALLET,0.98
P-3dbcff114b2f,P-8da05885e783,SHARED_PGP_AND_WALLET,0.98
P-03c16a2c7b32,P-3d8506b1b461,SHARED_PGP_AND_WALLET,0.98
P-03c16a2c7b32,P-9f0d9b796e2b,SHARED_PGP_AND_WALLET,0.98
P-3d8506b1b461,P-9f0d9b796e2b,SHARED_PGP_AND_WALLET,0.98
P-1dc81723ee1b,P-48ce7fd22a25,SHARED_PGP_AND_WALLET,0.98
P-1dc81723ee1b,P-86c29b84c33a,SHARED_PGP_AND_WALLET,0.98
P-48ce7fd22a25,P-86c29b84c33a,SHARED_PGP_AND_WALLET,0.98
P-311a335d6237,P-f684ca1fa1b4,SHARED_PGP_AND_WALLET,0.98
P-311a335d6237,P-ffb7f14ca1c4,SHARED_PGP_AND_WALLET,0.98
P-f684ca1fa1b4,P-ffb7f14ca1c4,SHARED_PGP_AND_WALLET,0.98
P-9953c7829f54,P-da2ea1de2db3,SHARED_PGP_AND_WALLET,0.98
P-9953c7829f54,P-f34e9aeec3dd,SHARED_PGP_AND_WALLET,0.98
P-da2ea1de2db3,P-f34e9aeec3dd,SHARED_PGP_AND_WALLET,0.98
P-e7eebe8cbdf6,P-851b5364c41c,SHARED_PGP_AND_WALLET,0.98
P-e7eebe8cbdf6,P-be63c03f8e82,SHARED_PGP_AND_WALLET,0.98
P-e7eebe8cbdf6,P-61d58c87c435,SHARED_PGP_AND_WALLET,0.98
P-e7eebe8cbdf6,P-7e75752c98dd,SHARED_PGP_AND_WALLET,0.98
P-851b5364c41c,P-be63c03f8e82,SHARED_PGP_AND_WALLET,0.98
P-851b5364c41c,P-61d58c87c435,SHARED_PGP_AND_WALLET,0.98
P-851b5364c41c,P-7e75752c98dd,SHARED_PGP_AND_WALLET,0.98
P-be63c03f8e82,P-61d58c87c435,SHARED_PGP_AND_WALLET,0.98
P-be63c03f8e82,P-7e75752c98dd,SHARED_PGP_AND_WALLET,0.98
P-61d58c87c435,P-7e75752c98dd,SHARED_PGP_AND_WALLET,0.98
P-42bd14476881,P-d10b293aabdc,SHARED_PGP_AND_WALLET,0.98
P-42bd14476881,P-753daf951164,SHARED_PGP_AND_WALLET,0.98
P-d10b293aabdc,P-753daf951164,SHARED_PGP_AND_WALLET,0.98
P-99cb707264dc,P-b22b526cf75b,SHARED_PGP_AND_WALLET,0.98
P-99cb707264dc,P-c8549328be6c,SHARED_PGP_AND_WALLET,0.98
P-99cb707264dc,P-7039a45a82d1,SHARED_PGP_AND_WALLET,0.98
P-b22b526cf75b,P-c8549328be6c,SHARED_PGP_AND_WALLET,0.98
P-b22b526cf75b,P-7039a45a82d1,SHARED_PGP_AND_WALLET,0.98
P-c8549328be6c,P-7039a45a82d1,SHARED_PGP_AND_WALLET,0.98
P-7a804facb29c,P-40ec467940f6,SHARED_PGP_AND_WALLET,0.98
P-7a804facb29c,P-6c290ea1c5fe,SHARED_PGP_AND_WALLET,0.98
P-7a804facb29c,P-2e856c839c73,SHARED_PGP_AND_WALLET,0.98
P-7a804facb29c,P-2f9d67f4f85c,SHARED_PGP_AND_WALLET,0.98
P-40ec467940f6,P-6c290ea1c5fe,SHARED_PGP_AND_WALLET,0.98
P-40ec467940f6,P-2e856c839c73,SHARED_PGP_AND_WALLET,0.98
P-40ec467940f6,P-2f9d67f4f85c,SHARED_PGP_AND_WALLET,0.98
P-6c290ea1c5fe,P-2e856c839c73,SHARED_PGP_AND_WALLET,0.98
P-6c290ea1c5fe,P-2f9d67f4f85c,SHARED_PGP_AND_WALLET,0.98
P-2e856c839c73,P-2f9d67f4f85c,SHARED_PGP_AND_WALLET,0.98
P-78986ad251ea,P-338a8ce7110f,SHARED_PGP_AND_WALLET,0.98
P-78986ad251ea,P-c1cc7239fe2f,SHARED_PGP_AND_WALLET,0.98
P-338a8ce7110f,P-c1cc7239fe2f,SHARED_PGP_AND_WALLET,0.98
P-c9946414ac3b,P-383974e7e56c,SHARED_PGP_AND_WALLET,0.98
P-c9946414ac3b,P-9c906ef7beb9,SHARED_PGP_AND_WALLET,0.98
P-c9946414ac3b,P-f6d6dab55aa2,SHARED_PGP_AND_WALLET,0.98
P-383974e7e56c,P-9c906ef7beb9,SHARED_PGP_AND_WALLET,0.98
P-383974e7e56c,P-f6d6dab55aa2,SHARED_PGP_AND_WALLET,0.98
P-9c906ef7beb9,P-f6d6dab55aa2,SHARED_PGP_AND_WALLET,0.98
P-e24617a15443,P-154104180f82,SHARED_PGP_AND_WALLET,0.98
P-e24617a15443,P-2f2aadf92eaa,SHARED_PGP_AND_WALLET,0.98
P-e24617a15443,P-1da463ed6dd0,SHARED_PGP_AND_WALLET,0.98
P-e24617a15443,P-ba49c20b3a29,SHARED_PGP_AND_WALLET,0.98
P-154104180f82,P-2f2aadf92eaa,SHARED_PGP_AND_WALLET,0.98
P-154104180f82,P-1da463ed6dd0,SHARED_PGP_AND_WALLET,0.98
P-154104180f82,P-ba49c20b3a29,SHARED_PGP_AND_WALLET,0.98
P-2f2aadf92eaa,P-1da463ed6dd0,SHARED_PGP_AND_WALLET,0.98
P-2f2aadf92eaa,P-ba49c20b3a29,SHARED_PGP_AND_WALLET,0.98
P-1da463ed6dd0,P-ba49c20b3a29,SHARED_PGP_AND_WALLET,0.98
P-3e6baf8fd7eb,P-f7a67cc5fd84,SHARED_PGP_AND_WALLET,0.98
P-3e6baf8fd7eb,P-9b134fc003b9,SHARED_PGP_AND_WALLET,0.98
P-f7a67cc5fd84,P-9b134fc003b9,SHARED_PGP_AND_WALLET,0.98
P-496c1d678639,P-d46151caae4f,SHARED_PGP_AND_WALLET,0.98
P-496c1d678639,P-b8f7995cb8fd,SHARED_PGP_AND_WALLET,0.98
P-d46151caae4f,P-b8f7995cb8fd,SHARED_PGP_AND_WALLET,0.98
P-c5b92d73617a,P-7be688dc47f2,SHARED_PGP_AND_WALLET,0.98
P-c5b92d73617a,P-226518205682,SHARED_PGP_AND_WALLET,0.98
P-7be688dc47f2,P-226518205682,SHARED_PGP_AND_WALLET,0.98
P-5784ec25ab83,P-29fcb47a677d,SHARED_PGP_AND_WALLET,0.98
P-5784ec25ab83,P-be04d024f314,SHARED_PGP_AND_WALLET,0.98
P-5784ec25ab83,P-809eaafdaaab,SHARED_PGP_AND_WALLET,0.98
P-29fcb47a677d,P-be04d024f314,SHARED_PGP_AND_WALLET,0.98
P-29fcb47a677d,P-809eaafdaaab,SHARED_PGP_AND_WALLET,0.98
P-be04d024f314,P-809eaafdaaab,SHARED_PGP_AND_WALLET,0.98
P-ab18390023da,P-703e7dc033c7,SHARED_PGP_AND_WALLET,0.98
P-ab18390023da,P-84f3e14e5db4,SHARED_PGP_AND_WALLET,0.98
P-ab18390023da,P-3f34d8e5a89b,SHARED_PGP_AND_WALLET,0.98
P-ab18390023da,P-45e887cbb659,SHARED_PGP_AND_WALLET,0.98
P-703e7dc033c7,P-84f3e14e5db4,SHARED_PGP_AND_WALLET,0.98
P-703e7dc033c7,P-3f34d8e5a89b,SHARED_PGP_AND_WALLET,0.98
P-703e7dc033c7,P-45e887cbb659,SHARED_PGP_AND_WALLET,0.98
P-84f3e14e5db4,P-3f34d8e5a89b,SHARED_PGP_AND_WALLET,0.98
P-84f3e14e5db4,P-45e887cbb659,SHARED_PGP_AND_WALLET,0.98
P-3f34d8e5a89b,P-45e887cbb659,SHARED_PGP_AND_WALLET,0.98
P-53b0c1fce1db,P-8dd323150b52,SHARED_PGP_AND_WALLET,0.98
P-53b0c1fce1db,P-081c44aa6d3c,SHARED_PGP_AND_WALLET,0.98
P-53b0c1fce1db,P-db09903e849f,SHARED_PGP_AND_WALLET,0.98
P-53b0c1fce1db,P-0ba929400314,SHARED_PGP_AND_WALLET,0.98
P-8dd323150b52,P-081c44aa6d3c,SHARED_PGP_AND_WALLET,0.98
P-8dd323150b52,P-db09903e849f,SHARED_PGP_AND_WALLET,0.98
P-8dd323150b52,P-0ba929400314,SHARED_PGP_AND_WALLET,0.98
P-081c44aa6d3c,P-db09903e849f,SHARED_PGP_AND_WALLET,0.98
P-081c44aa6d3c,P-0ba929400314,SHARED_PGP_AND_WALLET,0.98
P-db09903e849f,P-0ba929400314,SHARED_PGP_AND_WALLET,0.98
P-e17bee2b684a,P-4072d5c5f0f5,SHARED_PGP_AND_WALLET,0.98
P-e17bee2b684a,P-4d0db28c6990,SHARED_PGP_AND_WALLET,0.98
P-e17bee2b684a,P-5a53f5879484,SHARED_PGP_AND_WALLET,0.98
P-e17bee2b684a,P-0f7584648ded,SHARED_PGP_AND_WALLET,0.98
P-4072d5c5f0f5,P-4d0db28c6990,SHARED_PGP_AND_WALLET,0.98
P-4072d5c5f0f5,P-5a53f5879484,SHARED_PGP_AND_WALLET,0.98
P-4072d5c5f0f5,P-0f7584648ded,SHARED_PGP_AND_WALLET,0.98
P-4d0db28c6990,P-5a53f5879484,SHARED_PGP_AND_WALLET,0.98
P-4d0db28c6990,P-0f7584648ded,SHARED_PGP_AND_WALLET,0.98
P-5a53f5879484,P-0f7584648ded,SHARED_PGP_AND_WALLET,0.98
P-958430b49b45,P-73cbffdb2061,SHARED_PGP_AND_WALLET,0.98
P-958430b49b45,P-99c5c0e59ab0,SHARED_PGP_AND_WALLET,0.98
P-73cbffdb2061,P-99c5c0e59ab0,SHARED_PGP_AND_WALLET,0.98
P-974ed3db2e5c,P-3b51371e9c88,SHARED_PGP_AND_WALLET,0.98
P-974ed3db2e5c,P-8b35ad48567f,SHARED_PGP_AND_WALLET,0.98
P-3b51371e9c88,P-8b35ad48567f,SHARED_PGP_AND_WALLET,0.98
P-cea9a9e9833d,P-9298b554f600,SHARED_PGP_AND_WALLET,0.98
P-cea9a9e9833d,P-e8852e4453b0,SHARED_PGP_AND_WALLET,0.98
P-9298b554f600,P-e8852e4453b0,SHARED_PGP_AND_WALLET,0.98
P-42dbabb6aa0b,P-1bd4b7d286cd,SHARED_PGP_AND_WALLET,0.98
P-42dbabb6aa0b,P-1b2c5cfacd8d,SHARED_PGP_AND_WALLET,0.98
P-1bd4b7d286cd,P-1b2c5cfacd8d,SHARED_PGP_AND_WALLET,0.98
P-51e91931267c,P-b43516d949e2,SHARED_PGP_AND_WALLET,0.98
P-51e91931267c,P-04bd85be0c55,SHARED_PGP_AND_WALLET,0.98
P-51e91931267c,P-ddde5ee4f5f4,SHARED_PGP_AND_WALLET,0.98
P-b43516d949e2,P-04bd85be0c55,SHARED_PGP_AND_WALLET,0.98
P-b43516d949e2,P-ddde5ee4f5f4,SHARED_PGP_AND_WALLET,0.98
P-04bd85be0c55,P-ddde5ee4f5f4,SHARED_PGP_AND_WALLET,0.98
P-bdf8ca8518b3,P-0986aaee75a2,SHARED_PGP_AND_WALLET,0.98
P-bdf8ca8518b3,P-8cb49d7b0029,SHARED_PGP_AND_WALLET,0.98
P-bdf8ca8518b3,P-74889886d5d6,SHARED_PGP_AND_WALLET,0.98
P-0986aaee75a2,P-8cb49d7b0029,SHARED_PGP_AND_WALLET,0.98
P-0986aaee75a2,P-74889886d5d6,SHARED_PGP_AND_WALLET,0.98
P-8cb49d7b0029,P-74889886d5d6,SHARED_PGP_AND_WALLET,0.98
P-9c4e5093447a,P-58634a625eb4,SHARED_PGP_AND_WALLET,0.98
P-9c4e5093447a,P-c8cfb87073d8,SHARED_PGP_AND_WALLET,0.98
P-58634a625eb4,P-c8cfb87073d8,SHARED_PGP_AND_WALLET,0.98
P-b138a37669c1,P-8599ab339836,SHARED_PGP_AND_WALLET,0.98
P-b138a37669c1,P-24f86cf5cbc3,SHARED_PGP_AND_WALLET,0.98
P-8599ab339836,P-24f86cf5cbc3,SHARED_PGP_AND_WALLET,0.98
P-ce1c08e3c50d,P-e68f4260870d,SHARED_PGP_AND_WALLET,0.98
P-ce1c08e3c50d,P-53bd6a6d6a6f,SHARED_PGP_AND_WALLET,0.98
P-e68f4260870d,P-53bd6a6d6a6f,SHARED_PGP_AND_WALLET,0.98
P-3625d225b50a,P-a518194b4568,SHARED_PGP_AND_WALLET,0.98
P-3625d225b50a,P-8220033e1200,SHARED_PGP_AND_WALLET,0.98
P-3625d225b50a,P-44c28923d660,SHARED_PGP_AND_WALLET,0.98
P-3625d225b50a,P-0c0f8aed9343,SHARED_PGP_AND_WALLET,0.98
P-a518194b4568,P-8220033e1200,SHARED_PGP_AND_WALLET,0.98
P-a518194b4568,P-44c28923d660,SHARED_PGP_AND_WALLET,0.98
P-a518194b4568,P-0c0f8aed9343,SHARED_PGP_AND_WALLET,0.98
P-8220033e1200,P-44c28923d660,SHARED_PGP_AND_WALLET,0.98
P-8220033e1200,P-0c0f8aed9343,SHARED_PGP_AND_WALLET,0.98
P-44c28923d660,P-0c0f8aed9343,SHARED_PGP_AND_WALLET,0.98
P-8a9077678422,P-be3abd34a599,SHARED_PGP_AND_WALLET,0.98
P-8a9077678422,P-960dc3972137,SHARED_PGP_AND_WALLET,0.98
P-be3abd34a599,P-960dc3972137,SHARED_PGP_AND_WALLET,0.98
P-cff8ab29343e,P-278f4e708ac1,SHARED_PGP_AND_WALLET,0.98
P-cff8ab29343e,P-146e9aa040f2,SHARED_PGP_AND_WALLET,0.98
P-278f4e708ac1,P-146e9aa040f2,SHARED_PGP_AND_WALLET,0.98
P-f3a0d2bccc65,P-eecd8ca35aaf,SHARED_PGP_AND_WALLET,0.98
P-f3a0d2bccc65,P-98e8e2021dae,SHARED_PGP_AND_WALLET,0.98
P-f3a0d2bccc65,P-2a655f17687a,SHARED_PGP_AND_WALLET,0.98
P-f3a0d2bccc65,P-3aa85b2d433b,SHARED_PGP_AND_WALLET,0.98
P-eecd8ca35aaf,P-98e8e2021dae,SHARED_PGP_AND_WALLET,0.98
P-eecd8ca35aaf,P-2a655f17687a,SHARED_PGP_AND_WALLET,0.98
P-eecd8ca35aaf,P-3aa85b2d433b,SHARED_PGP_AND_WALLET,0.98
P-98e8e2021dae,P-2a655f17687a,SHARED_PGP_AND_WALLET,0.98
P-98e8e2021dae,P-3aa85b2d433b,SHARED_PGP_AND_WALLET,0.98
P-2a655f17687a,P-3aa85b2d433b,SHARED_PGP_AND_WALLET,0.98
P-c96a4d71a266,P-7a314a7c5bab,SHARED_PGP_AND_WALLET,0.98
P-c96a4d71a266,P-2c463f369f32,SHARED_PGP_AND_WALLET,0.98
P-c96a4d71a266,P-cc0c53176778,SHARED_PGP_AND_WALLET,0.98
P-c96a4d71a266,P-c7f9bea3bd1a,SHARED_PGP_AND_WALLET,0.98
P-7a314a7c5bab,P-2c463f369f32,SHARED_PGP_AND_WALLET,0.98
P-7a314a7c5bab,P-cc0c53176778,SHARED_PGP_AND_WALLET,0.98
P-7a314a7c5bab,P-c7f9bea3bd1a,SHARED_PGP_AND_WALLET,0.98
P-2c463f369f32,P-cc0c53176778,SHARED_PGP_AND_WALLET,0.98
P-2c463f369f32,P-c7f9bea3bd1a,SHARED_PGP_AND_WALLET,0.98
P-cc0c53176778,P-c7f9bea3bd1a,SHARED_PGP_AND_WALLET,0.98
P-29949387279b,P-e722f7bec529,SHARED_PGP_AND_WALLET,0.98
P-29949387279b,P-2345db902e03,SHARED_PGP_AND_WALLET,0.98
P-29949387279b,P-93ce8db8d041,SHARED_PGP_AND_WALLET,0.98
P-e722f7bec529,P-2345db902e03,SHARED_PGP_AND_WALLET,0.98
P-e722f7bec529,P-93ce8db8d041,SHARED_PGP_AND_WALLET,0.98
P-2345db902e03,P-93ce8db8d041,SHARED_PGP_AND_WALLET,0.98
P-6df649282ec8,P-58b661e464c8,SHARED_PGP_AND_WALLET,0.98
P-6df649282ec8,P-b8caaaa63d98,SHARED_PGP_AND_WALLET,0.98
P-58b661e464c8,P-b8caaaa63d98,SHARED_PGP_AND_WALLET,0.98
P-d630f02d298d,P-d302b62a577b,SHARED_PGP_AND_WALLET,0.98
P-d630f02d298d,P-207b5e74d7f7,SHARED_PGP_AND_WALLET,0.98
P-d630f02d298d,P-631047a93197,SHARED_PGP_AND_WALLET,0.98
P-d630f02d298d,P-0952790149e2,SHARED_PGP_AND_WALLET,0.98
P-d302b62a577b,P-207b5e74d7f7,SHARED_PGP_AND_WALLET,0.98
P-d302b62a577b,P-631047a93197,SHARED_PGP_AND_WALLET,0.98
P-d302b62a577b,P-0952790149e2,SHARED_PGP_AND_WALLET,0.98
P-207b5e74d7f7,P-631047a93197,SHARED_PGP_AND_WALLET,0.98
P-207b5e74d7f7,P-0952790149e2,SHARED_PGP_AND_WALLET,0.98
P-631047a93197,P-0952790149e2,SHARED_PGP_AND_WALLET,0.98
P-8fca176b7773,P-12e94aa3d406,SHARED_PGP_AND_WALLET,0.98
P-8fca176b7773,P-4c2f62efd775,SHARED_PGP_AND_WALLET,0.98
P-12e94aa3d406,P-4c2f62efd775,SHARED_PGP_AND_WALLET,0.98
P-dd71c1d6159f,P-072f2072e1d0,SHARED_PGP_AND_WALLET,0.98
P-dd71c1d6159f,P-dfed8d66af5d,SHARED_PGP_AND_WALLET,0.98
P-dd71c1d6159f,P-4df497db07e2,SHARED_PGP_AND_WALLET,0.98
P-dd71c1d6159f,P-8a9cf2d35cdd,SHARED_PGP_AND_WALLET,0.98
P-072f2072e1d0,P-dfed8d66af5d,SHARED_PGP_AND_WALLET,0.98
P-072f2072e1d0,P-4df497db07e2,SHARED_PGP_AND_WALLET,0.98
P-072f2072e1d0,P-8a9cf2d35cdd,SHARED_PGP_AND_WALLET,0.98
P-dfed8d66af5d,P-4df497db07e2,SHARED_PGP_AND_WALLET,0.98
P-dfed8d66af5d,P-8a9cf2d35cdd,SHARED_PGP_AND_WALLET,0.98
P-4df497db07e2,P-8a9cf2d35cdd,SHARED_PGP_AND_WALLET,0.98
P-a403d7eb81d0,P-23a6b01cfecb,SHARED_PGP_AND_WALLET,0.98
P-a403d7eb81d0,P-e96ab61d627b,SHARED_PGP_AND_WALLET,0.98
P-23a6b01cfecb,P-e96ab61d627b,SHARED_PGP_AND_WALLET,0.98
P-b83f04682a60,P-3a09b95498e1,SHARED_PGP_AND_WALLET,0.98
P-b83f04682a60,P-603bc5f78a87,SHARED_PGP_AND_WALLET,0.98
P-3a09b95498e1,P-603bc5f78a87,SHARED_PGP_AND_WALLET,0.98
P-ddc5e6ca627b,P-a2d5f4d38cb5,SHARED_PGP_AND_WALLET,0.98
P-ddc5e6ca627b,P-b81bc9ba0bbb,SHARED_PGP_AND_WALLET,0.98
P-ddc5e6ca627b,P-f5c665fa5e74,SHARED_PGP_AND_WALLET,0.98
P-ddc5e6ca627b,P-404f86b96af3,SHARED_PGP_AND_WALLET,0.98
P-a2d5f4d38cb5,P-b81bc9ba0bbb,SHARED_PGP_AND_WALLET,0.98
P-a2d5f4d38cb5,P-f5c665fa5e74,SHARED_PGP_AND_WALLET,0.98
P-a2d5f4d38cb5,P-404f86b96af3,SHARED_PGP_AND_WALLET,0.98
P-b81bc9ba0bbb,P-f5c665fa5e74,SHARED_PGP_AND_WALLET,0.98
P-b81bc9ba0bbb,P-404f86b96af3,SHARED_PGP_AND_WALLET,0.98
P-f5c665fa5e74,P-404f86b96af3,SHARED_PGP_AND_WALLET,0.98
P-66269a472c5a,P-5f38f71edf1d,SHARED_PGP_AND_WALLET,0.98
P-66269a472c5a,P-ea7dea107fc8,SHARED_PGP_AND_WALLET,0.98
P-5f38f71edf1d,P-ea7dea107fc8,SHARED_PGP_AND_WALLET,0.98
P-823e2ed2726a,P-9c349940011c,SHARED_PGP_AND_WALLET,0.98
P-823e2ed2726a,P-234ad182695b,SHARED_PGP_AND_WALLET,0.98
P-823e2ed2726a,P-deb451f04838,SHARED_PGP_AND_WALLET,0.98
P-9c349940011c,P-234ad182695b,SHARED_PGP_AND_WALLET,0.98
P-9c349940011c,P-deb451f04838,SHARED_PGP_AND_WALLET,0.98
P-234ad182695b,P-deb451f04838,SHARED_PGP_AND_WALLET,0.98
P-be1d0f3206d0,P-fb2b0a074b0c,SHARED_PGP_AND_WALLET,0.98
P-be1d0f3206d0,P-55237ab76c0f,SHARED_PGP_AND_WALLET,0.98
P-fb2b0a074b0c,P-55237ab76c0f,SHARED_PGP_AND_WALLET,0.98
P-d2b21a98e0f3,P-f91b23718ddd,SHARED_PGP_AND_WALLET,0.98
P-d2b21a98e0f3,P-6c7f34e5e43c,SHARED_PGP_AND_WALLET,0.98
P-f91b23718ddd,P-6c7f34e5e43c,SHARED_PGP_AND_WALLET,0.98
P-d44fe048fdbc,P-8aaf2639fb58,SHARED_PGP_AND_WALLET,0.98
P-d44fe048fdbc,P-252c3108d285,SHARED_PGP_AND_WALLET,0.98
P-d44fe048fdbc,P-f32b85be3ff9,SHARED_PGP_AND_WALLET,0.98
P-8aaf2639fb58,P-252c3108d285,SHARED_PGP_AND_WALLET,0.98
P-8aaf2639fb58,P-f32b85be3ff9,SHARED_PGP_AND_WALLET,0.98
P-252c3108d285,P-f32b85be3ff9,SHARED_PGP_AND_WALLET,0.98
P-d44149b13aa1,P-fefe2d1efaf0,SHARED_PGP_AND_WALLET,0.98
P-d44149b13aa1,P-4a5bc5094dd0,SHARED_PGP_AND_WALLET,0.98
P-fefe2d1efaf0,P-4a5bc5094dd0,SHARED_PGP_AND_WALLET,0.98
P-75f4c7fa286c,P-02ba1f24c071,SHARED_PGP_AND_WALLET,0.98
P-75f4c7fa286c,P-c155f1b1e189,SHARED_PGP_AND_WALLET,0.98
P-02ba1f24c071,P-c155f1b1e189,SHARED_PGP_AND_WALLET,0.98
P-1a652f7767ad,P-00ac1df64404,SHARED_PGP_AND_WALLET,0.98
P-1a652f7767ad,P-fd0b4daf6579,SHARED_PGP_AND_WALLET,0.98
P-1a652f7767ad,P-b0bd96e71aa5,SHARED_PGP_AND_WALLET,0.98
P-1a652f7767ad,P-c83ca98e9c0b,SHARED_PGP_AND_WALLET,0.98
P-00ac1df64404,P-fd0b4daf6579,SHARED_PGP_AND_WALLET,0.98
P-00ac1df64404,P-b0bd96e71aa5,SHARED_PGP_AND_WALLET,0.98
P-00ac1df64404,P-c83ca98e9c0b,SHARED_PGP_AND_WALLET,0.98
P-fd0b4daf6579,P-b0bd96e71aa5,SHARED_PGP_AND_WALLET,0.98
P-fd0b4daf6579,P-c83ca98e9c0b,SHARED_PGP_AND_WALLET,0.98
P-b0bd96e71aa5,P-c83ca98e9c0b,SHARED_PGP_AND_WALLET,0.98
P-a9cf3a1827dc,P-37a96872db72,SHARED_PGP_AND_WALLET,0.98
P-a9cf3a1827dc,P-d54d9d18304b,SHARED_PGP_AND_WALLET,0.98
P-37a96872db72,P-d54d9d18304b,SHARED_PGP_AND_WALLET,0.98
P-c249a4c2e54e,P-315c492f5639,SHARED_PGP_AND_WALLET,0.98
P-c249a4c2e54e,P-852904ddb550,SHARED_PGP_AND_WALLET,0.98
P-315c492f5639,P-852904ddb550,SHARED_PGP_AND_WALLET,0.98
P-16469cffce12,P-1f4ed952d2f2,SHARED_PGP_AND_WALLET,0.98
P-16469cffce12,P-fa49883e4220,SHARED_PGP_AND_WALLET,0.98
P-16469cffce12,P-ce874f909ad9,SHARED_PGP_AND_WALLET,0.98
P-1f4ed952d2f2,P-fa49883e4220,SHARED_PGP_AND_WALLET,0.98
P-1f4ed952d2f2,P-ce874f909ad9,SHARED_PGP_AND_WALLET,0.98
P-fa49883e4220,P-ce874f909ad9,SHARED_PGP_AND_WALLET,0.98
P-0d731163e965,P-2fe980c27ab3,SHARED_PGP_AND_WALLET,0.98
P-0d731163e965,P-d8bcdf79f1b4,SHARED_PGP_AND_WALLET,0.98
P-0d731163e965,P-5fc5fb181f5f,SHARED_PGP_AND_WALLET,0.98
P-2fe980c27ab3,P-d8bcdf79f1b4,SHARED_PGP_AND_WALLET,0.98
P-2fe980c27ab3,P-5fc5fb181f5f,SHARED_PGP_AND_WALLET,0.98
P-d8bcdf79f1b4,P-5fc5fb181f5f,SHARED_PGP_AND_WALLET,0.98
P-6e7bed876b3c,P-02d64b1fc01f,SHARED_PGP_AND_WALLET,0.98
P-6e7bed876b3c,P-7c80ea9e5852,SHARED_PGP_AND_WALLET,0.98
P-6e7bed876b3c,P-5da21d227faf,SHARED_PGP_AND_WALLET,0.98
P-02d64b1fc01f,P-7c80ea9e5852,SHARED_PGP_AND_WALLET,0.98
P-02d64b1fc01f,P-5da21d227faf,SHARED_PGP_AND_WALLET,0.98
P-7c80ea9e5852,P-5da21d227faf,SHARED_PGP_AND_WALLET,0.98
P-9a142ba28a75,P-f7b11bb1c0c3,SHARED_PGP_AND_WALLET,0.98
P-9a142ba28a75,P-2b0f063d3a80,SHARED_PGP_AND_WALLET,0.98
P-9a142ba28a75,P-70f2409b0273,SHARED_PGP_AND_WALLET,0.98
P-9a142ba28a75,P-1cd14ecbf7c3,SHARED_PGP_AND_WALLET,0.98
P-f7b11bb1c0c3,P-2b0f063d3a80,SHARED_PGP_AND_WALLET,0.98
P-f7b11bb1c0c3,P-70f2409b0273,SHARED_PGP_AND_WALLET,0.98
P-f7b11bb1c0c3,P-1cd14ecbf7c3,SHARED_PGP_AND_WALLET,0.98
P-2b0f063d3a80,P-70f2409b0273,SHARED_PGP_AND_WALLET,0.98
P-2b0f063d3a80,P-1cd14ecbf7c3,SHARED_PGP_AND_WALLET,0.98
P-70f2409b0273,P-1cd14ecbf7c3,SHARED_PGP_AND_WALLET,0.98
P-0c3d8b9ae1cb,P-a3d0baae354e,SHARED_PGP_AND_WALLET,0.98
P-0c3d8b9ae1cb,P-b0bf984f7a5e,SHARED_PGP_AND_WALLET,0.98
P-0c3d8b9ae1cb,P-058666ee5209,SHARED_PGP_AND_WALLET,0.98
P-a3d0baae354e,P-b0bf984f7a5e,SHARED_PGP_AND_WALLET,0.98
P-a3d0baae354e,P-058666ee5209,SHARED_PGP_AND_WALLET,0.98
P-b0bf984f7a5e,P-058666ee5209,SHARED_PGP_AND_WALLET,0.98
P-7081ee251913,P-39ae25f28bb1,SHARED_PGP_AND_WALLET,0.98
P-7081ee251913,P-ca6a75923ab8,SHARED_PGP_AND_WALLET,0.98
P-7081ee251913,P-6f0b5aade348,SHARED_PGP_AND_WALLET,0.98
P-39ae25f28bb1,P-ca6a75923ab8,SHARED_PGP_AND_WALLET,0.98
P-39ae25f28bb1,P-6f0b5aade348,SHARED_PGP_AND_WALLET,0.98
P-ca6a75923ab8,P-6f0b5aade348,SHARED_PGP_AND_WALLET,0.98
P-595ed6ae9cf8,P-9cf1621d7db9,SHARED_PGP_AND_WALLET,0.98
P-595ed6ae9cf8,P-085669bea743,SHARED_PGP_AND_WALLET,0.98
P-9cf1621d7db9,P-085669bea743,SHARED_PGP_AND_WALLET,0.98
P-4391dbbcb0e9,P-551cfb800a93,SHARED_PGP_AND_WALLET,0.98
P-4391dbbcb0e9,P-b2e0f77b5f4b,SHARED_PGP_AND_WALLET,0.98
P-551cfb800a93,P-b2e0f77b5f4b,SHARED_PGP_AND_WALLET,0.98
P-623e2314d0f1,P-634866b819b5,SHARED_PGP_AND_WALLET,0.98
P-623e2314d0f1,P-dc2e5e8d8876,SHARED_PGP_AND_WALLET,0.98
P-634866b819b5,P-dc2e5e8d8876,SHARED_PGP_AND_WALLET,0.98
P-05d008f7f517,P-945da897aa7a,SHARED_PGP_AND_WALLET,0.98
P-05d008f7f517,P-d02b9b709cd9,SHARED_PGP_AND_WALLET,0.98
P-05d008f7f517,P-be8d0cf94187,SHARED_PGP_AND_WALLET,0.98
P-945da897aa7a,P-d02b9b709cd9,SHARED_PGP_AND_WALLET,0.98
P-945da897aa7a,P-be8d0cf94187,SHARED_PGP_AND_WALLET,0.98
P-d02b9b709cd9,P-be8d0cf94187,SHARED_PGP_AND_WALLET,0.98
P-357993829e40,P-e9624433afba,SHARED_PGP_AND_WALLET,0.98
P-357993829e40,P-db06a2daf148,SHARED_PGP_AND_WALLET,0.98
P-e9624433afba,P-db06a2daf148,SHARED_PGP_AND_WALLET,0.98
P-f6d7309ed6ad,P-7aaf2da5a255,SHARED_PGP_AND_WALLET,0.98
P-f6d7309ed6ad,P-9e60476116df,SHARED_PGP_AND_WALLET,0.98
P-7aaf2da5a255,P-9e60476116df,SHARED_PGP_AND_WALLET,0.98
P-8801755d6ce5,P-0077bc39e8af,SHARED_PGP_AND_WALLET,0.98
P-8801755d6ce5,P-006a3c20c6c1,SHARED_PGP_AND_WALLET,0.98
P-8801755d6ce5,P-1cf32e261aed,SHARED_PGP_AND_WALLET,0.98
P-8801755d6ce5,P-25067d4bd047,SHARED_PGP_AND_WALLET,0.98
P-0077bc39e8af,P-006a3c20c6c1,SHARED_PGP_AND_WALLET,0.98
P-0077bc39e8af,P-1cf32e261aed,SHARED_PGP_AND_WALLET,0.98
P-0077bc39e8af,P-25067d4bd047,SHARED_PGP_AND_WALLET,0.98
P-006a3c20c6c1,P-1cf32e261aed,SHARED_PGP_AND_WALLET,0.98
P-006a3c20c6c1,P-25067d4bd047,SHARED_PGP_AND_WALLET,0.98
P-1cf32e261aed,P-25067d4bd047,SHARED_PGP_AND_WALLET,0.98
P-91b68f25f378,P-32ec1af212fc,SHARED_PGP_AND_WALLET,0.98
P-91b68f25f378,P-604b8ddb7d01,SHARED_PGP_AND_WALLET,0.98
P-32ec1af212fc,P-604b8ddb7d01,SHARED_PGP_AND_WALLET,0.98
P-61296dcefd3b,P-1114de2a84f4,SHARED_PGP_AND_WALLET,0.98
P-61296dcefd3b,P-d2a725e1da1c,SHARED_PGP_AND_WALLET,0.98
P-61296dcefd3b,P-3f7240bfae45,SHARED_PGP_AND_WALLET,0.98
P-61296dcefd3b,P-b4ce0fa23536,SHARED_PGP_AND_WALLET,0.98
P-1114de2a84f4,P-d2a725e1da1c,SHARED_PGP_AND_WALLET,0.98
P-1114de2a84f4,P-3f7240bfae45,SHARED_PGP_AND_WALLET,0.98
P-1114de2a84f4,P-b4ce0fa23536,SHARED_PGP_AND_WALLET,0.98
P-d2a725e1da1c,P-3f7240bfae45,SHARED_PGP_AND_WALLET,0.98
P-d2a725e1da1c,P-b4ce0fa23536,SHARED_PGP_AND_WALLET,0.98
P-3f7240bfae45,P-b4ce0fa23536,SHARED_PGP_AND_WALLET,0.98
P-88848dbfad6a,P-2aac9c99ea1e,SHARED_PGP_AND_WALLET,0.98
P-88848dbfad6a,P-bcfa87506255,SHARED_PGP_AND_WALLET,0.98
P-2aac9c99ea1e,P-bcfa87506255,SHARED_PGP_AND_WALLET,0.98
P-98ced6c692d6,P-0bd976eb231b,SHARED_PGP_AND_WALLET,0.98
P-98ced6c692d6,P-e65ecaedb62a,SHARED_PGP_AND_WALLET,0.98
P-98ced6c692d6,P-9f948902edd1,SHARED_PGP_AND_WALLET,0.98
P-98ced6c692d6,P-01505e1ce9aa,SHARED_PGP_AND_WALLET,0.98
P-0bd976eb231b,P-e65ecaedb62a,SHARED_PGP_AND_WALLET,0.98
P-0bd976eb231b,P-9f948902edd1,SHARED_PGP_AND_WALLET,0.98
P-0bd976eb231b,P-01505e1ce9aa,SHARED_PGP_AND_WALLET,0.98
P-e65ecaedb62a,P-9f948902edd1,SHARED_PGP_AND_WALLET,0.98
P-e65ecaedb62a,P-01505e1ce9aa,SHARED_PGP_AND_WALLET,0.98
P-9f948902edd1,P-01505e1ce9aa,SHARED_PGP_AND_WALLET,0.98
P-b6650ec6d2ec,P-ee7c84371783,SHARED_PGP_AND_WALLET,0.98
P-b6650ec6d2ec,P-ff7a54881520,SHARED_PGP_AND_WALLET,0.98
P-ee7c84371783,P-ff7a54881520,SHARED_PGP_AND_WALLET,0.98
P-5cfeb9e7fb59,P-f5e9657ca0b0,SHARED_PGP_AND_WALLET,0.98
P-5cfeb9e7fb59,P-5c5fdb1505fc,SHARED_PGP_AND_WALLET,0.98
P-5cfeb9e7fb59,P-db90311bd1e6,SHARED_PGP_AND_WALLET,0.98
P-5cfeb9e7fb59,P-ad76c32cec4a,SHARED_PGP_AND_WALLET,0.98
P-f5e9657ca0b0,P-5c5fdb1505fc,SHARED_PGP_AND_WALLET,0.98
P-f5e9657ca0b0,P-db90311bd1e6,SHARED_PGP_AND_WALLET,0.98
P-f5e9657ca0b0,P-ad76c32cec4a,SHARED_PGP_AND_WALLET,0.98
P-5c5fdb1505fc,P-db90311bd1e6,SHARED_PGP_AND_WALLET,0.98
P-5c5fdb1505fc,P-ad76c32cec4a,SHARED_PGP_AND_WALLET,0.98
P-db90311bd1e6,P-ad76c32cec4a,SHARED_PGP_AND_WALLET,0.98
P-b661e905c470,P-9fdb80d663df,SHARED_PGP_AND_WALLET,0.98
P-b661e905c470,P-95655d7ae9ae,SHARED_PGP_AND_WALLET,0.98
P-b661e905c470,P-1bcd2ea1e800,SHARED_PGP_AND_WALLET,0.98
P-9fdb80d663df,P-95655d7ae9ae,SHARED_PGP_AND_WALLET,0.98
P-9fdb80d663df,P-1bcd2ea1e800,SHARED_PGP_AND_WALLET,0.98
P-95655d7ae9ae,P-1bcd2ea1e800,SHARED_PGP_AND_WALLET,0.98
P-89860e93145d,P-b0637a64de85,SHARED_PGP_AND_WALLET,0.98
P-89860e93145d,P-eadaef5037dd,SHARED_PGP_AND_WALLET,0.98
P-b0637a64de85,P-eadaef5037dd,SHARED_PGP_AND_WALLET,0.98
P-b5908138e29b,P-9cf857d15c75,SHARED_PGP_AND_WALLET,0.98
P-b5908138e29b,P-19c4a29f933c,SHARED_PGP_AND_WALLET,0.98
P-9cf857d15c75,P-19c4a29f933c,SHARED_PGP_AND_WALLET,0.98
P-965ec57a8afe,P-f3f2d5f2e47f,SHARED_PGP_AND_WALLET,0.98
P-965ec57a8afe,P-77e7b8132c69,SHARED_PGP_AND_WALLET,0.98
P-f3f2d5f2e47f,P-77e7b8132c69,SHARED_PGP_AND_WALLET,0.98
P-c5bdb4347298,P-d9b379fb19a6,SHARED_PGP_AND_WALLET,0.98
P-c5bdb4347298,P-0f216f8172c8,SHARED_PGP_AND_WALLET,0.98
P-c5bdb4347298,P-34b431bee87e,SHARED_PGP_AND_WALLET,0.98
P-d9b379fb19a6,P-0f216f8172c8,SHARED_PGP_AND_WALLET,0.98
P-d9b379fb19a6,P-34b431bee87e,SHARED_PGP_AND_WALLET,0.98
P-0f216f8172c8,P-34b431bee87e,SHARED_PGP_AND_WALLET,0.98
P-c156f1d38e82,P-f4f2d9dabccd,SHARED_PGP_AND_WALLET,0.98
P-c156f1d38e82,P-f8c4e6c07943,SHARED_PGP_AND_WALLET,0.98
P-c156f1d38e82,P-d9097deae8d8,SHARED_PGP_AND_WALLET,0.98
P-f4f2d9dabccd,P-f8c4e6c07943,SHARED_PGP_AND_WALLET,0.98
P-f4f2d9dabccd,P-d9097deae8d8,SHARED_PGP_AND_WALLET,0.98
P-f8c4e6c07943,P-d9097deae8d8,SHARED_PGP_AND_WALLET,0.98
P-2d934bced1c7,P-992494690c4a,SHARED_PGP_AND_WALLET,0.98
P-2d934bced1c7,P-be71431b77f4,SHARED_PGP_AND_WALLET,0.98
P-992494690c4a,P-be71431b77f4,SHARED_PGP_AND_WALLET,0.98
P-5af64377237a,P-224d295138b3,SHARED_PGP_AND_WALLET,0.98
P-5af64377237a,P-9410650bd36c,SHARED_PGP_AND_WALLET,0.98
P-5af64377237a,P-267667f110e1,SHARED_PGP_AND_WALLET,0.98
P-5af64377237a,P-e59d1a51dc6d,SHARED_PGP_AND_WALLET,0.98
P-224d295138b3,P-9410650bd36c,SHARED_PGP_AND_WALLET,0.98
P-224d295138b3,P-267667f110e1,SHARED_PGP_AND_WALLET,0.98
P-224d295138b3,P-e59d1a51dc6d,SHARED_PGP_AND_WALLET,0.98
P-9410650bd36c,P-267667f110e1,SHARED_PGP_AND_WALLET,0.98
P-9410650bd36c,P-e59d1a51dc6d,SHARED_PGP_AND_WALLET,0.98
P-267667f110e1,P-e59d1a51dc6d,SHARED_PGP_AND_WALLET,0.98
P-256323d8aa2a,P-812e58b15113,SHARED_PGP_AND_WALLET,0.98
P-256323d8aa2a,P-df2cd2ba9458,SHARED_PGP_AND_WALLET,0.98
P-812e58b15113,P-df2cd2ba9458,SHARED_PGP_AND_WALLET,0.98
P-4be8d84263b0,P-f8cf7485ba37,SHARED_PGP_AND_WALLET,0.98
P-4be8d84263b0,P-5cb95d6bac22,SHARED_PGP_AND_WALLET,0.98
P-4be8d84263b0,P-82302b93c76e,SHARED_PGP_AND_WALLET,0.98
P-f8cf7485ba37,P-5cb95d6bac22,SHARED_PGP_AND_WALLET,0.98
P-f8cf7485ba37,P-82302b93c76e,SHARED_PGP_AND_WALLET,0.98
P-5cb95d6bac22,P-82302b93c76e,SHARED_PGP_AND_WALLET,0.98
P-b310cac50c76,P-9f2ab523394b,SHARED_PGP_AND_WALLET,0.98
P-b310cac50c76,P-cb9c64c77d8d,SHARED_PGP_AND_WALLET,0.98
P-b310cac50c76,P-984f69af1478,SHARED_PGP_AND_WALLET,0.98
P-b310cac50c76,P-6c1c7bea24c1,SHARED_PGP_AND_WALLET,0.98
P-9f2ab523394b,P-cb9c64c77d8d,SHARED_PGP_AND_WALLET,0.98
P-9f2ab523394b,P-984f69af1478,SHARED_PGP_AND_WALLET,0.98
P-9f2ab523394b,P-6c1c7bea24c1,SHARED_PGP_AND_WALLET,0.98
P-cb9c64c77d8d,P-984f69af1478,SHARED_PGP_AND_WALLET,0.98
P-cb9c64c77d8d,P-6c1c7bea24c1,SHARED_PGP_AND_WALLET,0.98
P-984f69af1478,P-6c1c7bea24c1,SHARED_PGP_AND_WALLET,0.98
P-0a51b511bf18,P-21237cdfe21c,SHARED_PGP_AND_WALLET,0.98
P-0a51b511bf18,P-efa43ace7f42,SHARED_PGP_AND_WALLET,0.98
P-0a51b511bf18,P-e3a7506c6ad2,SHARED_PGP_AND_WALLET,0.98
P-0a51b511bf18,P-0530575df64a,SHARED_PGP_AND_WALLET,0.98
P-21237cdfe21c,P-efa43ace7f42,SHARED_PGP_AND_WALLET,0.98
P-21237cdfe21c,P-e3a7506c6ad2,SHARED_PGP_AND_WALLET,0.98
P-21237cdfe21c,P-0530575df64a,SHARED_PGP_AND_WALLET,0.98
P-efa43ace7f42,P-e3a7506c6ad2,SHARED_PGP_AND_WALLET,0.98
P-efa43ace7f42,P-0530575df64a,SHARED_PGP_AND_WALLET,0.98
P-e3a7506c6ad2,P-0530575df64a,SHARED_PGP_AND_WALLET,0.98
P-dd629649570c,P-1c6565e6ea97,SHARED_PGP_AND_WALLET,0.98
P-dd629649570c,P-375a9b4076e6,SHARED_PGP_AND_WALLET,0.98
P-1c6565e6ea97,P-375a9b4076e6,SHARED_PGP_AND_WALLET,0.98
P-f40bd4704f89,P-0044adec2cb0,SHARED_PGP_AND_WALLET,0.98
P-f40bd4704f89,P-7417573aa05e,SHARED_PGP_AND_WALLET,0.98
P-f40bd4704f89,P-0fc415545bbe,SHARED_PGP_AND_WALLET,0.98
P-0044adec2cb0,P-7417573aa05e,SHARED_PGP_AND_WALLET,0.98
P-0044adec2cb0,P-0fc415545bbe,SHARED_PGP_AND_WALLET,0.98
P-7417573aa05e,P-0fc415545bbe,SHARED_PGP_AND_WALLET,0.98
P-3b0110e4808f,P-09fd6d930feb,SHARED_PGP_AND_WALLET,0.98
P-3b0110e4808f,P-44a1b511abfe,SHARED_PGP_AND_WALLET,0.98
P-09fd6d930feb,P-44a1b511abfe,SHARED_PGP_AND_WALLET,0.98
P-e2ade7f52ad7,P-91ccbcac9853,SHARED_PGP_AND_WALLET,0.98
P-e2ade7f52ad7,P-133e4a089e41,SHARED_PGP_AND_WALLET,0.98
P-e2ade7f52ad7,P-2ef0458f9ffc,SHARED_PGP_AND_WALLET,0.98
P-e2ade7f52ad7,P-0d67e8a4e021,SHARED_PGP_AND_WALLET,0.98
P-91ccbcac9853,P-133e4a089e41,SHARED_PGP_AND_WALLET,0.98
P-91ccbcac9853,P-2ef0458f9ffc,SHARED_PGP_AND_WALLET,0.98
P-91ccbcac9853,P-0d67e8a4e021,SHARED_PGP_AND_WALLET,0.98
P-133e4a089e41,P-2ef0458f9ffc,SHARED_PGP_AND_WALLET,0.98
P-133e4a089e41,P-0d67e8a4e021,SHARED_PGP_AND_WALLET,0.98
P-2ef0458f9ffc,P-0d67e8a4e021,SHARED_PGP_AND_WALLET,0.98
P-2fda45156b50,P-1e75ec5eb465,SHARED_PGP_AND_WALLET,0.98
P-2fda45156b50,P-f19edea1b95c,SHARED_PGP_AND_WALLET,0.98
P-1e75ec5eb465,P-f19edea1b95c,SHARED_PGP_AND_WALLET,0.98
P-7a3a2cc38035,P-dbcfe78ba501,SHARED_PGP_AND_WALLET,0.98
P-7a3a2cc38035,P-7dfbdc57e1b5,SHARED_PGP_AND_WALLET,0.98
P-dbcfe78ba501,P-7dfbdc57e1b5,SHARED_PGP_AND_WALLET,0.98
P-9b7ac2e76895,P-e3a96667d8c5,SHARED_PGP_AND_WALLET,0.98
P-9b7ac2e76895,P-e68d7b2da256,SHARED_PGP_AND_WALLET,0.98
P-e3a96667d8c5,P-e68d7b2da256,SHARED_PGP_AND_WALLET,0.98
P-99a1e47372a7,P-d38591ec9429,SHARED_PGP_AND_WALLET,0.98
P-99a1e47372a7,P-ebd9407e846f,SHARED_PGP_AND_WALLET,0.98
P-d38591ec9429,P-ebd9407e846f,SHARED_PGP_AND_WALLET,0.98
P-3ad3ab478639,P-1d1b3c50f3bc,SHARED_PGP_AND_WALLET,0.98
P-3ad3ab478639,P-f9524ead0953,SHARED_PGP_AND_WALLET,0.98
P-3ad3ab478639,P-3187de6421a0,SHARED_PGP_AND_WALLET,0.98
P-1d1b3c50f3bc,P-f9524ead0953,SHARED_PGP_AND_WALLET,0.98
P-1d1b3c50f3bc,P-3187de6421a0,SHARED_PGP_AND_WALLET,0.98
P-f9524ead0953,P-3187de6421a0,SHARED_PGP_AND_WALLET,0.98
P-d9e37c4beedc,P-cc5f3da48b4a,SHARED_PGP_AND_WALLET,0.98
P-d9e37c4beedc,P-3b268618ba71,SHARED_PGP_AND_WALLET,0.98
P-d9e37c4beedc,P-983ef1c3fd3b,SHARED_PGP_AND_WALLET,0.98
P-d9e37c4beedc,P-18b07dc3f132,SHARED_PGP_AND_WALLET,0.98
P-cc5f3da48b4a,P-3b268618ba71,SHARED_PGP_AND_WALLET,0.98
P-cc5f3da48b4a,P-983ef1c3fd3b,SHARED_PGP_AND_WALLET,0.98
P-cc5f3da48b4a,P-18b07dc3f132,SHARED_PGP_AND_WALLET,0.98
P-3b268618ba71,P-983ef1c3fd3b,SHARED_PGP_AND_WALLET,0.98
P-3b268618ba71,P-18b07dc3f132,SHARED_PGP_AND_WALLET,0.98
P-983ef1c3fd3b,P-18b07dc3f132,SHARED_PGP_AND_WALLET,0.98
P-ce3433fc7ef7,P-99cbae99c279,SHARED_PGP_AND_WALLET,0.98
P-ce3433fc7ef7,P-253a47d47a12,SHARED_PGP_AND_WALLET,0.98
P-ce3433fc7ef7,P-1520249f28f7,SHARED_PGP_AND_WALLET,0.98
P-99cbae99c279,P-253a47d47a12,SHARED_PGP_AND_WALLET,0.98
P-99cbae99c279,P-1520249f28f7,SHARED_PGP_AND_WALLET,0.98
P-253a47d47a12,P-1520249f28f7,SHARED_PGP_AND_WALLET,0.98
P-ebf2f4d7c1d0,P-5b2fef6077c2,SHARED_PGP_AND_WALLET,0.98
P-ebf2f4d7c1d0,P-286f1bc5ed93,SHARED_PGP_AND_WALLET,0.98
P-5b2fef6077c2,P-286f1bc5ed93,SHARED_PGP_AND_WALLET,0.98
P-64bdc57a9cdf,P-0e528f6ea70f,SHARED_PGP_AND_WALLET,0.98
P-64bdc57a9cdf,P-2b3f16dc0859,SHARED_PGP_AND_WALLET,0.98
P-0e528f6ea70f,P-2b3f16dc0859,SHARED_PGP_AND_WALLET,0.98
P-21530d13dafb,P-708fbd2b3aa0,SHARED_PGP_AND_WALLET,0.98
P-21530d13dafb,P-06c5fb7692a9,SHARED_PGP_AND_WALLET,0.98
P-21530d13dafb,P-c274eb5e5899,SHARED_PGP_AND_WALLET,0.98
P-21530d13dafb,P-7b23e5943257,SHARED_PGP_AND_WALLET,0.98
P-708fbd2b3aa0,P-06c5fb7692a9,SHARED_PGP_AND_WALLET,0.98
P-708fbd2b3aa0,P-c274eb5e5899,SHARED_PGP_AND_WALLET,0.98
P-708fbd2b3aa0,P-7b23e5943257,SHARED_PGP_AND_WALLET,0.98
P-06c5fb7692a9,P-c274eb5e5899,SHARED_PGP_AND_WALLET,0.98
P-06c5fb7692a9,P-7b23e5943257,SHARED_PGP_AND_WALLET,0.98
P-c274eb5e5899,P-7b23e5943257,SHARED_PGP_AND_WALLET,0.98
P-85b538c425e2,P-b263e278f2bb,SHARED_PGP_AND_WALLET,0.98
P-85b538c425e2,P-69e61e41ec44,SHARED_PGP_AND_WALLET,0.98
P-85b538c425e2,P-5ebdfd4376dc,SHARED_PGP_AND_WALLET,0.98
P-85b538c425e2,P-f403c36d40d9,SHARED_PGP_AND_WALLET,0.98
P-b263e278f2bb,P-69e61e41ec44,SHARED_PGP_AND_WALLET,0.98
P-b263e278f2bb,P-5ebdfd4376dc,SHARED_PGP_AND_WALLET,0.98
P-b263e278f2bb,P-f403c36d40d9,SHARED_PGP_AND_WALLET,0.98
P-69e61e41ec44,P-5ebdfd4376dc,SHARED_PGP_AND_WALLET,0.98
P-69e61e41ec44,P-f403c36d40d9,SHARED_PGP_AND_WALLET,0.98
P-5ebdfd4376dc,P-f403c36d40d9,SHARED_PGP_AND_WALLET,0.98
P-f71409eea33e,P-1d8f18c11172,SHARED_PGP_AND_WALLET,0.98
P-f71409eea33e,P-587beec698c3,SHARED_PGP_AND_WALLET,0.98
P-1d8f18c11172,P-587beec698c3,SHARED_PGP_AND_WALLET,0.98
P-f6c068ef16cd,P-7bccc9c55ec6,SHARED_PGP_AND_WALLET,0.98
P-f6c068ef16cd,P-9b9f55b1c0dc,SHARED_PGP_AND_WALLET,0.98
P-f6c068ef16cd,P-84701739a3bc,SHARED_PGP_AND_WALLET,0.98
P-f6c068ef16cd,P-4d1d178940db,SHARED_PGP_AND_WALLET,0.98
P-7bccc9c55ec6,P-9b9f55b1c0dc,SHARED_PGP_AND_WALLET,0.98
P-7bccc9c55ec6,P-84701739a3bc,SHARED_PGP_AND_WALLET,0.98
P-7bccc9c55ec6,P-4d1d178940db,SHARED_PGP_AND_WALLET,0.98
P-9b9f55b1c0dc,P-84701739a3bc,SHARED_PGP_AND_WALLET,0.98
P-9b9f55b1c0dc,P-4d1d178940db,SHARED_PGP_AND_WALLET,0.98
P-84701739a3bc,P-4d1d178940db,SHARED_PGP_AND_WALLET,0.98
P-21d8766ee444,P-ca42553e80ec,SHARED_PGP_AND_WALLET,0.98
P-21d8766ee444,P-11f7f70fa0dd,SHARED_PGP_AND_WALLET,0.98
P-ca42553e80ec,P-11f7f70fa0dd,SHARED_PGP_AND_WALLET,0.98
P-77cdc12c343c,P-0e043db68222,SHARED_PGP_AND_WALLET,0.98
P-77cdc12c343c,P-ccdc1182b515,SHARED_PGP_AND_WALLET,0.98
P-77cdc12c343c,P-66bbb5dd03af,SHARED_PGP_AND_WALLET,0.98
P-0e043db68222,P-ccdc1182b515,SHARED_PGP_AND_WALLET,0.98
P-0e043db68222,P-66bbb5dd03af,SHARED_PGP_AND_WALLET,0.98
P-ccdc1182b515,P-66bbb5dd03af,SHARED_PGP_AND_WALLET,0.98
P-1d3d947f9ec6,P-83f41984460b,SHARED_PGP_AND_WALLET,0.98
P-1d3d947f9ec6,P-9e9294f5a802,SHARED_PGP_AND_WALLET,0.98
P-83f41984460b,P-9e9294f5a802,SHARED_PGP_AND_WALLET,0.98
P-0096b5f9ab16,P-605bff56e163,SHARED_PGP_AND_WALLET,0.98
P-0096b5f9ab16,P-c1f4f00656ba,SHARED_PGP_AND_WALLET,0.98
P-0096b5f9ab16,P-6965b23e4e93,SHARED_PGP_AND_WALLET,0.98
P-0096b5f9ab16,P-a08a2345afac,SHARED_PGP_AND_WALLET,0.98
P-605bff56e163,P-c1f4f00656ba,SHARED_PGP_AND_WALLET,0.98
P-605bff56e163,P-6965b23e4e93,SHARED_PGP_AND_WALLET,0.98
P-605bff56e163,P-a08a2345afac,SHARED_PGP_AND_WALLET,0.98
P-c1f4f00656ba,P-6965b23e4e93,SHARED_PGP_AND_WALLET,0.98
P-c1f4f00656ba,P-a08a2345afac,SHARED_PGP_AND_WALLET,0.98
P-6965b23e4e93,P-a08a2345afac,SHARED_PGP_AND_WALLET,0.98
P-fbf1557a4278,P-7fe097a92d67,SHARED_PGP_AND_WALLET,0.98
P-fbf1557a4278,P-0860947449cd,SHARED_PGP_AND_WALLET,0.98
P-fbf1557a4278,P-865581ebd772,SHARED_PGP_AND_WALLET,0.98
P-fbf1557a4278,P-ed7c1c9ae590,SHARED_PGP_AND_WALLET,0.98
P-7fe097a92d67,P-0860947449cd,SHARED_PGP_AND_WALLET,0.98
P-7fe097a92d67,P-865581ebd772,SHARED_PGP_AND_WALLET,0.98
P-7fe097a92d67,P-ed7c1c9ae590,SHARED_PGP_AND_WALLET,0.98
P-0860947449cd,P-865581ebd772,SHARED_PGP_AND_WALLET,0.98
P-0860947449cd,P-ed7c1c9ae590,SHARED_PGP_AND_WALLET,0.98
P-865581ebd772,P-ed7c1c9ae590,SHARED_PGP_AND_WALLET,0.98
P-ddd19375b374,P-237f7ca5d826,SHARED_PGP_AND_WALLET,0.98
P-ddd19375b374,P-8e05aa9abe77,SHARED_PGP_AND_WALLET,0.98
P-ddd19375b374,P-d36c98139606,SHARED_PGP_AND_WALLET,0.98
P-237f7ca5d826,P-8e05aa9abe77,SHARED_PGP_AND_WALLET,0.98
P-237f7ca5d826,P-d36c98139606,SHARED_PGP_AND_WALLET,0.98
P-8e05aa9abe77,P-d36c98139606,SHARED_PGP_AND_WALLET,0.98
P-bb0364b905bf,P-0fcfa502b65d,SHARED_PGP_AND_WALLET,0.98
P-bb0364b905bf,P-2c3207834758,SHARED_PGP_AND_WALLET,0.98
P-bb0364b905bf,P-778535b379d7,SHARED_PGP_AND_WALLET,0.98
P-0fcfa502b65d,P-2c3207834758,SHARED_PGP_AND_WALLET,0.98
P-0fcfa502b65d,P-778535b379d7,SHARED_PGP_AND_WALLET,0.98
P-2c3207834758,P-778535b379d7,SHARED_PGP_AND_WALLET,0.98
P-52d7df148f2c,P-ca0ac05d094e,SHARED_PGP_AND_WALLET,0.98
P-52d7df148f2c,P-e1b06979835b,SHARED_PGP_AND_WALLET,0.98
P-52d7df148f2c,P-56616a7bef99,SHARED_PGP_AND_WALLET,0.98
P-ca0ac05d094e,P-e1b06979835b,SHARED_PGP_AND_WALLET,0.98
P-ca0ac05d094e,P-56616a7bef99,SHARED_PGP_AND_WALLET,0.98
P-e1b06979835b,P-56616a7bef99,SHARED_PGP_AND_WALLET,0.98
P-fd0c5fc46115,P-4a5013efefd0,SHARED_PGP_AND_WALLET,0.98
P-fd0c5fc46115,P-f38b58272073,SHARED_PGP_AND_WALLET,0.98
P-4a5013efefd0,P-f38b58272073,SHARED_PGP_AND_WALLET,0.98
P-05b7bedd0d51,P-c3ccd65009dc,SHARED_PGP_AND_WALLET,0.98
P-05b7bedd0d51,P-9ef94a7185e2,SHARED_PGP_AND_WALLET,0.98
P-05b7bedd0d51,P-640bca1db109,SHARED_PGP_AND_WALLET,0.98
P-c3ccd65009dc,P-9ef94a7185e2,SHARED_PGP_AND_WALLET,0.98
P-c3ccd65009dc,P-640bca1db109,SHARED_PGP_AND_WALLET,0.98
P-9ef94a7185e2,P-640bca1db109,SHARED_PGP_AND_WALLET,0.98
P-3211e6106773,P-054ace7ecfea,SHARED_PGP_AND_WALLET,0.98
P-3211e6106773,P-a9aaf44b196c,SHARED_PGP_AND_WALLET,0.98
P-3211e6106773,P-f1fc01f897ac,SHARED_PGP_AND_WALLET,0.98
P-3211e6106773,P-5e8f2fd54677,SHARED_PGP_AND_WALLET,0.98
P-054ace7ecfea,P-a9aaf44b196c,SHARED_PGP_AND_WALLET,0.98
P-054ace7ecfea,P-f1fc01f897ac,SHARED_PGP_AND_WALLET,0.98
P-054ace7ecfea,P-5e8f2fd54677,SHARED_PGP_AND_WALLET,0.98
P-a9aaf44b196c,P-f1fc01f897ac,SHARED_PGP_AND_WALLET,0.98
P-a9aaf44b196c,P-5e8f2fd54677,SHARED_PGP_AND_WALLET,0.98
P-f1fc01f897ac,P-5e8f2fd54677,SHARED_PGP_AND_WALLET,0.98
P-496af1185306,P-85ad62ead700,SHARED_PGP_AND_WALLET,0.98
P-496af1185306,P-63aa4ea620ff,SHARED_PGP_AND_WALLET,0.98
P-496af1185306,P-2c1840b838d4,SHARED_PGP_AND_WALLET,0.98
P-496af1185306,P-794f8b99045f,SHARED_PGP_AND_WALLET,0.98
P-85ad62ead700,P-63aa4ea620ff,SHARED_PGP_AND_WALLET,0.98
P-85ad62ead700,P-2c1840b838d4,SHARED_PGP_AND_WALLET,0.98
P-85ad62ead700,P-794f8b99045f,SHARED_PGP_AND_WALLET,0.98
P-63aa4ea620ff,P-2c1840b838d4,SHARED_PGP_AND_WALLET,0.98
P-63aa4ea620ff,P-794f8b99045f,SHARED_PGP_AND_WALLET,0.98
P-2c1840b838d4,P-794f8b99045f,SHARED_PGP_AND_WALLET,0.98
P-69a6fcc91f93,P-08a61d6db773,SHARED_PGP_AND_WALLET,0.98
P-69a6fcc91f93,P-d44ff1215b1c,SHARED_PGP_AND_WALLET,0.98
P-69a6fcc91f93,P-6b9de2aa7f3d,SHARED_PGP_AND_WALLET,0.98
P-08a61d6db773,P-d44ff1215b1c,SHARED_PGP_AND_WALLET,0.98
P-08a61d6db773,P-6b9de2aa7f3d,SHARED_PGP_AND_WALLET,0.98
P-d44ff1215b1c,P-6b9de2aa7f3d,SHARED_PGP_AND_WALLET,0.98
P-398b6dd4294b,P-f4f082e42561,SHARED_PGP_AND_WALLET,0.98
P-398b6dd4294b,P-642f75cf145a,SHARED_PGP_AND_WALLET,0.98
P-398b6dd4294b,P-bd3243c9a891,SHARED_PGP_AND_WALLET,0.98
P-f4f082e42561,P-642f75cf145a,SHARED_PGP_AND_WALLET,0.98
P-f4f082e42561,P-bd3243c9a891,SHARED_PGP_AND_WALLET,0.98
P-642f75cf145a,P-bd3243c9a891,SHARED_PGP_AND_WALLET,0.98
P-526e364cbf7c,P-6c00ce8e8991,SHARED_PGP_AND_WALLET,0.98
P-526e364cbf7c,P-5ed24415b973,SHARED_PGP_AND_WALLET,0.98
P-526e364cbf7c,P-2c743ca1ab6f,SHARED_PGP_AND_WALLET,0.98
P-6c00ce8e8991,P-5ed24415b973,SHARED_PGP_AND_WALLET,0.98
P-6c00ce8e8991,P-2c743ca1ab6f,SHARED_PGP_AND_WALLET,0.98
P-5ed24415b973,P-2c743ca1ab6f,SHARED_PGP_AND_WALLET,0.98
P-19492ddb6eb3,P-efaeb7bbc2ce,SHARED_PGP_AND_WALLET,0.98
P-19492ddb6eb3,P-bb6ec096727b,SHARED_PGP_AND_WALLET,0.98
P-19492ddb6eb3,P-e18f4c60070f,SHARED_PGP_AND_WALLET,0.98
P-efaeb7bbc2ce,P-bb6ec096727b,SHARED_PGP_AND_WALLET,0.98
P-efaeb7bbc2ce,P-e18f4c60070f,SHARED_PGP_AND_WALLET,0.98
P-bb6ec096727b,P-e18f4c60070f,SHARED_PGP_AND_WALLET,0.98
P-b80098f8ac2f,P-a90819dc972f,SHARED_PGP_AND_WALLET,0.98
P-b80098f8ac2f,P-47b9e6d229a9,SHARED_PGP_AND_WALLET,0.98
P-b80098f8ac2f,P-8200a2d7dac8,SHARED_PGP_AND_WALLET,0.98
P-b80098f8ac2f,P-d9605eadcba4,SHARED_PGP_AND_WALLET,0.98
P-a90819dc972f,P-47b9e6d229a9,SHARED_PGP_AND_WALLET,0.98
P-a90819dc972f,P-8200a2d7dac8,SHARED_PGP_AND_WALLET,0.98
P-a90819dc972f,P-d9605eadcba4,SHARED_PGP_AND_WALLET,0.98
P-47b9e6d229a9,P-8200a2d7dac8,SHARED_PGP_AND_WALLET,0.98
P-47b9e6d229a9,P-d9605eadcba4,SHARED_PGP_AND_WALLET,0.98
P-8200a2d7dac8,P-d9605eadcba4,SHARED_PGP_AND_WALLET,0.98
P-20a3a1732709,P-158522c53286,SHARED_PGP_AND_WALLET,0.98
P-20a3a1732709,P-8231aa3f2f80,SHARED_PGP_AND_WALLET,0.98
P-20a3a1732709,P-c46aa5cd9645,SHARED_PGP_AND_WALLET,0.98
P-20a3a1732709,P-a9dab1dcd1b8,SHARED_PGP_AND_WALLET,0.98
P-158522c53286,P-8231aa3f2f80,SHARED_PGP_AND_WALLET,0.98
P-158522c53286,P-c46aa5cd9645,SHARED_PGP_AND_WALLET,0.98
P-158522c53286,P-a9dab1dcd1b8,SHARED_PGP_AND_WALLET,0.98
P-8231aa3f2f80,P-c46aa5cd9645,SHARED_PGP_AND_WALLET,0.98
P-8231aa3f2f80,P-a9dab1dcd1b8,SHARED_PGP_AND_WALLET,0.98
P-c46aa5cd9645,P-a9dab1dcd1b8,SHARED_PGP_AND_WALLET,0.98
P-bafc6bed73ad,P-29d9c0db946e,SHARED_PGP_AND_WALLET,0.98
P-bafc6bed73ad,P-4ad60579023a,SHARED_PGP_AND_WALLET,0.98
P-bafc6bed73ad,P-654150a97bf5,SHARED_PGP_AND_WALLET,0.98
P-29d9c0db946e,P-4ad60579023a,SHARED_PGP_AND_WALLET,0.98
P-29d9c0db946e,P-654150a97bf5,SHARED_PGP_AND_WALLET,0.98
P-4ad60579023a,P-654150a97bf5,SHARED_PGP_AND_WALLET,0.98
P-511d061cf0db,P-a78e73d7a18e,SHARED_PGP_AND_WALLET,0.98
P-511d061cf0db,P-a5229d4f344e,SHARED_PGP_AND_WALLET,0.98
P-511d061cf0db,P-bb401f2491ba,SHARED_PGP_AND_WALLET,0.98
P-511d061cf0db,P-ecadb3c2db7f,SHARED_PGP_AND_WALLET,0.98
P-a78e73d7a18e,P-a5229d4f344e,SHARED_PGP_AND_WALLET,0.98
P-a78e73d7a18e,P-bb401f2491ba,SHARED_PGP_AND_WALLET,0.98
P-a78e73d7a18e,P-ecadb3c2db7f,SHARED_PGP_AND_WALLET,0.98
P-a5229d4f344e,P-bb401f2491ba,SHARED_PGP_AND_WALLET,0.98
P-a5229d4f344e,P-ecadb3c2db7f,SHARED_PGP_AND_WALLET,0.98
P-bb401f2491ba,P-ecadb3c2db7f,SHARED_PGP_AND_WALLET,0.98
P-0d9ebce15b65,P-0d95af614bf0,SHARED_PGP_AND_WALLET,0.98
P-0d9ebce15b65,P-41602bfa5a8b,SHARED_PGP_AND_WALLET,0.98
P-0d95af614bf0,P-41602bfa5a8b,SHARED_PGP_AND_WALLET,0.98
P-40c186a516d9,P-b4b0b809193a,SHARED_PGP_AND_WALLET,0.98
P-40c186a516d9,P-398bdec6c9b0,SHARED_PGP_AND_WALLET,0.98
P-40c186a516d9,P-f51dd0a360dc,SHARED_PGP_AND_WALLET,0.98
P-b4b0b809193a,P-398bdec6c9b0,SHARED_PGP_AND_WALLET,0.98
P-b4b0b809193a,P-f51dd0a360dc,SHARED_PGP_AND_WALLET,0.98
P-398bdec6c9b0,P-f51dd0a360dc,SHARED_PGP_AND_WALLET,0.98
P-a393cce876d9,P-ded4b57b3f78,SHARED_PGP_AND_WALLET,0.98
P-a393cce876d9,P-8acab55dd4cb,SHARED_PGP_AND_WALLET,0.98
P-ded4b57b3f78,P-8acab55dd4cb,SHARED_PGP_AND_WALLET,0.98
P-2e199feec05a,P-9a3053bbaa25,SHARED_PGP_AND_WALLET,0.98
P-2e199feec05a,P-c3e178553751,SHARED_PGP_AND_WALLET,0.98
P-2e199feec05a,P-972ecc1c2efb,SHARED_PGP_AND_WALLET,0.98
P-9a3053bbaa25,P-c3e178553751,SHARED_PGP_AND_WALLET,0.98
P-9a3053bbaa25,P-972ecc1c2efb,SHARED_PGP_AND_WALLET,0.98
P-c3e178553751,P-972ecc1c2efb,SHARED_PGP_AND_WALLET,0.98
P-3c037beb716e,P-00fbac73a641,SHARED_PGP_AND_WALLET,0.98
P-3c037beb716e,P-7d81883f094b,SHARED_PGP_AND_WALLET,0.98
P-00fbac73a641,P-7d81883f094b,SHARED_PGP_AND_WALLET,0.98
P-51a25c2dacce,P-41f5d294d1f6,SHARED_PGP_AND_WALLET,0.98
P-51a25c2dacce,P-953d22f66959,SHARED_PGP_AND_WALLET,0.98
P-51a25c2dacce,P-4f09b3ceb0e0,SHARED_PGP_AND_WALLET,0.98
P-41f5d294d1f6,P-953d22f66959,SHARED_PGP_AND_WALLET,0.98
P-41f5d294d1f6,P-4f09b3ceb0e0,SHARED_PGP_AND_WALLET,0.98
P-953d22f66959,P-4f09b3ceb0e0,SHARED_PGP_AND_WALLET,0.98
P-9f7dd67e09f2,P-1c8889c595f0,SHARED_PGP_AND_WALLET,0.98
P-9f7dd67e09f2,P-12c5393d0ce3,SHARED_PGP_AND_WALLET,0.98
P-9f7dd67e09f2,P-8f12f53eb6d5,SHARED_PGP_AND_WALLET,0.98
P-1c8889c595f0,P-12c5393d0ce3,SHARED_PGP_AND_WALLET,0.98
P-1c8889c595f0,P-8f12f53eb6d5,SHARED_PGP_AND_WALLET,0.98
P-12c5393d0ce3,P-8f12f53eb6d5,SHARED_PGP_AND_WALLET,0.98
P-e54749d80472,P-e5f1cd89b277,SHARED_PGP_AND_WALLET,0.98
P-e54749d80472,P-265ce36e2383,SHARED_PGP_AND_WALLET,0.98
P-e54749d80472,P-2716ebfc77c2,SHARED_PGP_AND_WALLET,0.98
P-e5f1cd89b277,P-265ce36e2383,SHARED_PGP_AND_WALLET,0.98
P-e5f1cd89b277,P-2716ebfc77c2,SHARED_PGP_AND_WALLET,0.98
P-265ce36e2383,P-2716ebfc77c2,SHARED_PGP_AND_WALLET,0.98
P-275beda07fee,P-4a9e47557248,SHARED_PGP_AND_WALLET,0.98
P-275beda07fee,P-6ec89e0b0a3c,SHARED_PGP_AND_WALLET,0.98
P-275beda07fee,P-da030cfcd4e7,SHARED_PGP_AND_WALLET,0.98
P-275beda07fee,P-9c1bc51768b3,SHARED_PGP_AND_WALLET,0.98
P-4a9e47557248,P-6ec89e0b0a3c,SHARED_PGP_AND_WALLET,0.98
P-4a9e47557248,P-da030cfcd4e7,SHARED_PGP_AND_WALLET,0.98
P-4a9e47557248,P-9c1bc51768b3,SHARED_PGP_AND_WALLET,0.98
P-6ec89e0b0a3c,P-da030cfcd4e7,SHARED_PGP_AND_WALLET,0.98
P-6ec89e0b0a3c,P-9c1bc51768b3,SHARED_PGP_AND_WALLET,0.98
P-da030cfcd4e7,P-9c1bc51768b3,SHARED_PGP_AND_WALLET,0.98
P-c0c93382bb64,P-617e32294e05,SHARED_PGP_AND_WALLET,0.98
P-c0c93382bb64,P-90373a36f6aa,SHARED_PGP_AND_WALLET,0.98
P-c0c93382bb64,P-b68a46b395f0,SHARED_PGP_AND_WALLET,0.98
P-617e32294e05,P-90373a36f6aa,SHARED_PGP_AND_WALLET,0.98
P-617e32294e05,P-b68a46b395f0,SHARED_PGP_AND_WALLET,0.98
P-90373a36f6aa,P-b68a46b395f0,SHARED_PGP_AND_WALLET,0.98
P-e3a2e35e5702,P-b640ced7325a,SHARED_PGP_AND_WALLET,0.98
P-e3a2e35e5702,P-11348c3b8d48,SHARED_PGP_AND_WALLET,0.98
P-b640ced7325a,P-11348c3b8d48,SHARED_PGP_AND_WALLET,0.98
P-09a9dac9703f,P-aca2b9afd51b,SHARED_PGP_AND_WALLET,0.98
P-09a9dac9703f,P-4e988321253f,SHARED_PGP_AND_WALLET,0.98
P-aca2b9afd51b,P-4e988321253f,SHARED_PGP_AND_WALLET,0.98
P-dbdfe56e5820,P-02ab899a9a6c,SHARED_PGP_AND_WALLET,0.98
P-dbdfe56e5820,P-19c7dd37b79f,SHARED_PGP_AND_WALLET,0.98
P-dbdfe56e5820,P-711655afcda7,SHARED_PGP_AND_WALLET,0.98
P-02ab899a9a6c,P-19c7dd37b79f,SHARED_PGP_AND_WALLET,0.98
P-02ab899a9a6c,P-711655afcda7,SHARED_PGP_AND_WALLET,0.98
P-19c7dd37b79f,P-711655afcda7,SHARED_PGP_AND_WALLET,0.98
P-8a00e62fe695,P-18ce807d529a,SHARED_PGP_AND_WALLET,0.98
P-8a00e62fe695,P-8c662eb70d64,SHARED_PGP_AND_WALLET,0.98
P-8a00e62fe695,P-3b13f1295e85,SHARED_PGP_AND_WALLET,0.98
P-8a00e62fe695,P-4a3f5c007f26,SHARED_PGP_AND_WALLET,0.98
P-18ce807d529a,P-8c662eb70d64,SHARED_PGP_AND_WALLET,0.98
P-18ce807d529a,P-3b13f1295e85,SHARED_PGP_AND_WALLET,0.98
P-18ce807d529a,P-4a3f5c007f26,SHARED_PGP_AND_WALLET,0.98
P-8c662eb70d64,P-3b13f1295e85,SHARED_PGP_AND_WALLET,0.98
P-8c662eb70d64,P-4a3f5c007f26,SHARED_PGP_AND_WALLET,0.98
P-3b13f1295e85,P-4a3f5c007f26,SHARED_PGP_AND_WALLET,0.98
P-11729ff60d78,P-ea52f949de5d,SHARED_PGP_AND_WALLET,0.98
P-11729ff60d78,P-ca7f9b585e40,SHARED_PGP_AND_WALLET,0.98
P-ea52f949de5d,P-ca7f9b585e40,SHARED_PGP_AND_WALLET,0.98
P-c2f50f2d7870,P-c3752bb509be,SHARED_PGP_AND_WALLET,0.98
P-c2f50f2d7870,P-6540cc2078fe,SHARED_PGP_AND_WALLET,0.98
P-c3752bb509be,P-6540cc2078fe,SHARED_PGP_AND_WALLET,0.98
P-56983c56fc7b,P-36f38fdeee18,SHARED_PGP_AND_WALLET,0.98
P-56983c56fc7b,P-a8841f020d10,SHARED_PGP_AND_WALLET,0.98
P-36f38fdeee18,P-a8841f020d10,SHARED_PGP_AND_WALLET,0.98
P-494210fa2d1e,P-d5f57cfc49db,SHARED_PGP_AND_WALLET,0.98
P-494210fa2d1e,P-56f40981f461,SHARED_PGP_AND_WALLET,0.98
P-494210fa2d1e,P-dcbb2a747e7f,SHARED_PGP_AND_WALLET,0.98
P-494210fa2d1e,P-ca4f71343581,SHARED_PGP_AND_WALLET,0.98
P-d5f57cfc49db,P-56f40981f461,SHARED_PGP_AND_WALLET,0.98
P-d5f57cfc49db,P-dcbb2a747e7f,SHARED_PGP_AND_WALLET,0.98
P-d5f57cfc49db,P-ca4f71343581,SHARED_PGP_AND_WALLET,0.98
P-56f40981f461,P-dcbb2a747e7f,SHARED_PGP_AND_WALLET,0.98
P-56f40981f461,P-ca4f71343581,SHARED_PGP_AND_WALLET,0.98
P-dcbb2a747e7f,P-ca4f71343581,SHARED_PGP_AND_WALLET,0.98
P-97fcd6b630c7,P-5d9bedb71b53,SHARED_PGP_AND_WALLET,0.98
P-97fcd6b630c7,P-5d5f1713d4d3,SHARED_PGP_AND_WALLET,0.98
P-5d9bedb71b53,P-5d5f1713d4d3,SHARED_PGP_AND_WALLET,0.98
P-7c18d0dcec1f,P-960f793b6118,SHARED_PGP_AND_WALLET,0.98
P-7c18d0dcec1f,P-7ce42ba07806,SHARED_PGP_AND_WALLET,0.98
P-960f793b6118,P-7ce42ba07806,SHARED_PGP_AND_WALLET,0.98
P-a930806c3473,P-2385fe80b4fc,SHARED_PGP_AND_WALLET,0.98
P-a930806c3473,P-cdf7d93f5d4c,SHARED_PGP_AND_WALLET,0.98
P-2385fe80b4fc,P-cdf7d93f5d4c,SHARED_PGP_AND_WALLET,0.98
P-1e86ee8a3fe6,P-15525edaea74,SHARED_PGP_AND_WALLET,0.98
P-1e86ee8a3fe6,P-7cee3b90bc84,SHARED_PGP_AND_WALLET,0.98
P-1e86ee8a3fe6,P-0edefbdd6928,SHARED_PGP_AND_WALLET,0.98
P-1e86ee8a3fe6,P-bf146088a347,SHARED_PGP_AND_WALLET,0.98
P-15525edaea74,P-7cee3b90bc84,SHARED_PGP_AND_WALLET,0.98
P-15525edaea74,P-0edefbdd6928,SHARED_PGP_AND_WALLET,0.98
P-15525edaea74,P-bf146088a347,SHARED_PGP_AND_WALLET,0.98
P-7cee3b90bc84,P-0edefbdd6928,SHARED_PGP_AND_WALLET,0.98
P-7cee3b90bc84,P-bf146088a347,SHARED_PGP_AND_WALLET,0.98
P-0edefbdd6928,P-bf146088a347,SHARED_PGP_AND_WALLET,0.98
P-443532611b95,P-797f1e084a0c,SHARED_PGP_AND_WALLET,0.98
P-443532611b95,P-d65e7f4407bb,SHARED_PGP_AND_WALLET,0.98
P-797f1e084a0c,P-d65e7f4407bb,SHARED_PGP_AND_WALLET,0.98
P-24020be16c1d,P-9387d580424d,SHARED_PGP_AND_WALLET,0.98
P-24020be16c1d,P-7311afade307,SHARED_PGP_AND_WALLET,0.98
P-24020be16c1d,P-1319b567b413,SHARED_PGP_AND_WALLET,0.98
P-9387d580424d,P-7311afade307,SHARED_PGP_AND_WALLET,0.98
P-9387d580424d,P-1319b567b413,SHARED_PGP_AND_WALLET,0.98
P-7311afade307,P-1319b567b413,SHARED_PGP_AND_WALLET,0.98
P-193d28e50d38,P-8498a570fbcc,SHARED_PGP_AND_WALLET,0.98
P-193d28e50d38,P-98d0fa98dedb,SHARED_PGP_AND_WALLET,0.98
P-8498a570fbcc,P-98d0fa98dedb,SHARED_PGP_AND_WALLET,0.98
P-a7e564384325,P-2df7cafbb677,SHARED_PGP_AND_WALLET,0.98
P-a7e564384325,P-e98977ec07fc,SHARED_PGP_AND_WALLET,0.98
P-2df7cafbb677,P-e98977ec07fc,SHARED_PGP_AND_WALLET,0.98
P-a046b2a10643,P-f8df5eb8b372,SHARED_PGP_AND_WALLET,0.98
P-a046b2a10643,P-5fe1e3d86db4,SHARED_PGP_AND_WALLET,0.98
P-a046b2a10643,P-19bbb059fa26,SHARED_PGP_AND_WALLET,0.98
P-a046b2a10643,P-71a65af33eec,SHARED_PGP_AND_WALLET,0.98
P-f8df5eb8b372,P-5fe1e3d86db4,SHARED_PGP_AND_WALLET,0.98
P-f8df5eb8b372,P-19bbb059fa26,SHARED_PGP_AND_WALLET,0.98
P-f8df5eb8b372,P-71a65af33eec,SHARED_PGP_AND_WALLET,0.98
P-5fe1e3d86db4,P-19bbb059fa26,SHARED_PGP_AND_WALLET,0.98
P-5fe1e3d86db4,P-71a65af33eec,SHARED_PGP_AND_WALLET,0.98
P-19bbb059fa26,P-71a65af33eec,SHARED_PGP_AND_WALLET,0.98
P-c2e0df5f0b12,P-dea29123364f,SHARED_PGP_AND_WALLET,0.98
P-c2e0df5f0b12,P-427b688c17b9,SHARED_PGP_AND_WALLET,0.98
P-dea29123364f,P-427b688c17b9,SHARED_PGP_AND_WALLET,0.98
P-a3f7f6524e4b,P-a729f00f3afd,SHARED_PGP_AND_WALLET,0.98
P-a3f7f6524e4b,P-9a1b392db948,SHARED_PGP_AND_WALLET,0.98
P-a729f00f3afd,P-9a1b392db948,SHARED_PGP_AND_WALLET,0.98
P-2c325dc532be,P-7fe818c530b0,SHARED_PGP_AND_WALLET,0.98
P-2c325dc532be,P-3b0632c43700,SHARED_PGP_AND_WALLET,0.98
P-2c325dc532be,P-e25daab038f6,SHARED_PGP_AND_WALLET,0.98
P-2c325dc532be,P-7c7c7be5d08d,SHARED_PGP_AND_WALLET,0.98
P-7fe818c530b0,P-3b0632c43700,SHARED_PGP_AND_WALLET,0.98
P-7fe818c530b0,P-e25daab038f6,SHARED_PGP_AND_WALLET,0.98
P-7fe818c530b0,P-7c7c7be5d08d,SHARED_PGP_AND_WALLET,0.98
P-3b0632c43700,P-e25daab038f6,SHARED_PGP_AND_WALLET,0.98
P-3b0632c43700,P-7c7c7be5d08d,SHARED_PGP_AND_WALLET,0.98
P-e25daab038f6,P-7c7c7be5d08d,SHARED_PGP_AND_WALLET,0.98
P-115abcf63e0c,P-0d536f5618b4,SHARED_PGP_AND_WALLET,0.98
P-115abcf63e0c,P-281b984ca0b6,SHARED_PGP_AND_WALLET,0.98
P-0d536f5618b4,P-281b984ca0b6,SHARED_PGP_AND_WALLET,0.98
P-9924e211c30a,P-9d7ad2e50c09,SHARED_PGP_AND_WALLET,0.98
P-9924e211c30a,P-6b640378eb6a,SHARED_PGP_AND_WALLET,0.98
P-9d7ad2e50c09,P-6b640378eb6a,SHARED_PGP_AND_WALLET,0.98
P-2b55dc0295cf,P-ab7d8e1c0fa3,SHARED_PGP_AND_WALLET,0.98
P-2b55dc0295cf,P-1c6c1c56ebfa,SHARED_PGP_AND_WALLET,0.98
P-ab7d8e1c0fa3,P-1c6c1c56ebfa,SHARED_PGP_AND_WALLET,0.98
P-32812cd31ae2,P-828cc0bc40c7,SHARED_PGP_AND_WALLET,0.98
P-32812cd31ae2,P-240fda622b25,SHARED_PGP_AND_WALLET,0.98
P-828cc0bc40c7,P-240fda622b25,SHARED_PGP_AND_WALLET,0.98
P-a2be6baad517,P-4019da299252,SHARED_PGP_AND_WALLET,0.98
P-a2be6baad517,P-c6e334ec945b,SHARED_PGP_AND_WALLET,0.98
P-a2be6baad517,P-c0c5e68b6d8a,SHARED_PGP_AND_WALLET,0.98
P-a2be6baad517,P-afa1ebc3cc6a,SHARED_PGP_AND_WALLET,0.98
P-4019da299252,P-c6e334ec945b,SHARED_PGP_AND_WALLET,0.98
P-4019da299252,P-c0c5e68b6d8a,SHARED_PGP_AND_WALLET,0.98
P-4019da299252,P-afa1ebc3cc6a,SHARED_PGP_AND_WALLET,0.98
P-c6e334ec945b,P-c0c5e68b6d8a,SHARED_PGP_AND_WALLET,0.98
P-c6e334ec945b,P-afa1ebc3cc6a,SHARED_PGP_AND_WALLET,0.98
P-c0c5e68b6d8a,P-afa1ebc3cc6a,SHARED_PGP_AND_WALLET,0.98
P-19b2cd4f350e,P-20426c9da319,SHARED_PGP_AND_WALLET,0.98
P-19b2cd4f350e,P-7dbd9fb09396,SHARED_PGP_AND_WALLET,0.98
P-19b2cd4f350e,P-ccdec0470497,SHARED_PGP_AND_WALLET,0.98
P-19b2cd4f350e,P-c8470533724a,SHARED_PGP_AND_WALLET,0.98
P-20426c9da319,P-7dbd9fb09396,SHARED_PGP_AND_WALLET,0.98
P-20426c9da319,P-ccdec0470497,SHARED_PGP_AND_WALLET,0.98
P-20426c9da319,P-c8470533724a,SHARED_PGP_AND_WALLET,0.98
P-7dbd9fb09396,P-ccdec0470497,SHARED_PGP_AND_WALLET,0.98
P-7dbd9fb09396,P-c8470533724a,SHARED_PGP_AND_WALLET,0.98
P-ccdec0470497,P-c8470533724a,SHARED_PGP_AND_WALLET,0.98
P-390e89acd959,P-a4290588d4ff,SHARED_PGP_AND_WALLET,0.98
P-390e89acd959,P-6e02119a5684,SHARED_PGP_AND_WALLET,0.98
P-390e89acd959,P-4c23df8ae00d,SHARED_PGP_AND_WALLET,0.98
P-390e89acd959,P-72208ee4be2a,SHARED_PGP_AND_WALLET,0.98
P-a4290588d4ff,P-6e02119a5684,SHARED_PGP_AND_WALLET,0.98
P-a4290588d4ff,P-4c23df8ae00d,SHARED_PGP_AND_WALLET,0.98
P-a4290588d4ff,P-72208ee4be2a,SHARED_PGP_AND_WALLET,0.98
P-6e02119a5684,P-4c23df8ae00d,SHARED_PGP_AND_WALLET,0.98
P-6e02119a5684,P-72208ee4be2a,SHARED_PGP_AND_WALLET,0.98
P-4c23df8ae00d,P-72208ee4be2a,SHARED_PGP_AND_WALLET,0.98
P-fb807eee89db,P-7330410c41a4,SHARED_PGP_AND_WALLET,0.98
P-fb807eee89db,P-06c0a0b58306,SHARED_PGP_AND_WALLET,0.98
P-7330410c41a4,P-06c0a0b58306,SHARED_PGP_AND_WALLET,0.98
P-d3692190105a,P-e25ed659a1d5,SHARED_PGP_AND_WALLET,0.98
P-d3692190105a,P-7ddc9f341e00,SHARED_PGP_AND_WALLET,0.98
P-d3692190105a,P-6da67092d2e3,SHARED_PGP_AND_WALLET,0.98
P-d3692190105a,P-61c3a29c6341,SHARED_PGP_AND_WALLET,0.98
P-e25ed659a1d5,P-7ddc9f341e00,SHARED_PGP_AND_WALLET,0.98
P-e25ed659a1d5,P-6da67092d2e3,SHARED_PGP_AND_WALLET,0.98
P-e25ed659a1d5,P-61c3a29c6341,SHARED_PGP_AND_WALLET,0.98
P-7ddc9f341e00,P-6da67092d2e3,SHARED_PGP_AND_WALLET,0.98
P-7ddc9f341e00,P-61c3a29c6341,SHARED_PGP_AND_WALLET,0.98
P-6da67092d2e3,P-61c3a29c6341,SHARED_PGP_AND_WALLET,0.98
P-f20b4f388ac0,P-76fbeaa5af0e,SHARED_PGP_AND_WALLET,0.98
P-f20b4f388ac0,P-d06af2e30299,SHARED_PGP_AND_WALLET,0.98
P-f20b4f388ac0,P-48aa4d792d0f,SHARED_PGP_AND_WALLET,0.98
P-76fbeaa5af0e,P-d06af2e30299,SHARED_PGP_AND_WALLET,0.98
P-76fbeaa5af0e,P-48aa4d792d0f,SHARED_PGP_AND_WALLET,0.98
P-d06af2e30299,P-48aa4d792d0f,SHARED_PGP_AND_WALLET,0.98
P-4f6f1948c9ec,P-487f319eab19,SHARED_PGP_AND_WALLET,0.98
P-4f6f1948c9ec,P-eff7a161eeea,SHARED_PGP_AND_WALLET,0.98
P-487f319eab19,P-eff7a161eeea,SHARED_PGP_AND_WALLET,0.98
P-99af268780d4,P-fd394ddb78f3,SHARED_PGP_AND_WALLET,0.98
P-99af268780d4,P-1de44c91a50c,SHARED_PGP_AND_WALLET,0.98
P-99af268780d4,P-acca04beee58,SHARED_PGP_AND_WALLET,0.98
P-99af268780d4,P-7192595a20bc,SHARED_PGP_AND_WALLET,0.98
P-fd394ddb78f3,P-1de44c91a50c,SHARED_PGP_AND_WALLET,0.98
P-fd394ddb78f3,P-acca04beee58,SHARED_PGP_AND_WALLET,0.98
P-fd394ddb78f3,P-7192595a20bc,SHARED_PGP_AND_WALLET,0.98
P-1de44c91a50c,P-acca04beee58,SHARED_PGP_AND_WALLET,0.98
P-1de44c91a50c,P-7192595a20bc,SHARED_PGP_AND_WALLET,0.98
P-acca04beee58,P-7192595a20bc,SHARED_PGP_AND_WALLET,0.98
P-c926bca724be,P-1762283ac969,SHARED_PGP_AND_WALLET,0.98
P-c926bca724be,P-5667f42280c7,SHARED_PGP_AND_WALLET,0.98
P-1762283ac969,P-5667f42280c7,SHARED_PGP_AND_WALLET,0.98
P-8f6704f01dc1,P-ce4ddf3ea560,SHARED_PGP_AND_WALLET,0.98
P-8f6704f01dc1,P-22db63752f70,SHARED_PGP_AND_WALLET,0.98
P-8f6704f01dc1,P-d55bb40bbffa,SHARED_PGP_AND_WALLET,0.98
P-ce4ddf3ea560,P-22db63752f70,SHARED_PGP_AND_WALLET,0.98
P-ce4ddf3ea560,P-d55bb40bbffa,SHARED_PGP_AND_WALLET,0.98
P-22db63752f70,P-d55bb40bbffa,SHARED_PGP_AND_WALLET,0.98
P-ea92b685451f,P-4185a3ced386,SHARED_PGP_AND_WALLET,0.98
P-ea92b685451f,P-1eeb4e34a656,SHARED_PGP_AND_WALLET,0.98
P-ea92b685451f,P-1dfdc457af6d,SHARED_PGP_AND_WALLET,0.98
P-ea92b685451f,P-21176e55f0e5,SHARED_PGP_AND_WALLET,0.98
P-4185a3ced386,P-1eeb4e34a656,SHARED_PGP_AND_WALLET,0.98
P-4185a3ced386,P-1dfdc457af6d,SHARED_PGP_AND_WALLET,0.98
P-4185a3ced386,P-21176e55f0e5,SHARED_PGP_AND_WALLET,0.98
P-1eeb4e34a656,P-1dfdc457af6d,SHARED_PGP_AND_WALLET,0.98
P-1eeb4e34a656,P-21176e55f0e5,SHARED_PGP_AND_WALLET,0.98
P-1dfdc457af6d,P-21176e55f0e5,SHARED_PGP_AND_WALLET,0.98
P-8309764839fe,P-0ac52a59eaf5,SHARED_PGP_AND_WALLET,0.98
P-8309764839fe,P-c27b47183928,SHARED_PGP_AND_WALLET,0.98
P-0ac52a59eaf5,P-c27b47183928,SHARED_PGP_AND_WALLET,0.98
P-cb8e160b2e27,P-076e5b4855bb,SHARED_PGP_AND_WALLET,0.98
P-cb8e160b2e27,P-208870ea9b59,SHARED_PGP_AND_WALLET,0.98
P-cb8e160b2e27,P-45db1d1e1c2a,SHARED_PGP_AND_WALLET,0.98
P-cb8e160b2e27,P-ee7fbee2899f,SHARED_PGP_AND_WALLET,0.98
P-076e5b4855bb,P-208870ea9b59,SHARED_PGP_AND_WALLET,0.98
P-076e5b4855bb,P-45db1d1e1c2a,SHARED_PGP_AND_WALLET,0.98
P-076e5b4855bb,P-ee7fbee2899f,SHARED_PGP_AND_WALLET,0.98
P-208870ea9b59,P-45db1d1e1c2a,SHARED_PGP_AND_WALLET,0.98
P-208870ea9b59,P-ee7fbee2899f,SHARED_PGP_AND_WALLET,0.98
P-45db1d1e1c2a,P-ee7fbee2899f,SHARED_PGP_AND_WALLET,0.98
P-1bcb1a8c7f62,P-28d986c80f4b,SHARED_PGP_AND_WALLET,0.98
P-1bcb1a8c7f62,P-b06c9c2c8119,SHARED_PGP_AND_WALLET,0.98
P-28d986c80f4b,P-b06c9c2c8119,SHARED_PGP_AND_WALLET,0.98
P-0801fb547918,P-ba0c818d7be4,SHARED_PGP_AND_WALLET,0.98
P-0801fb547918,P-1b778867d3b4,SHARED_PGP_AND_WALLET,0.98
P-0801fb547918,P-5f1826f675b6,SHARED_PGP_AND_WALLET,0.98
P-0801fb547918,P-56d1d4aabad4,SHARED_PGP_AND_WALLET,0.98
P-ba0c818d7be4,P-1b778867d3b4,SHARED_PGP_AND_WALLET,0.98
P-ba0c818d7be4,P-5f1826f675b6,SHARED_PGP_AND_WALLET,0.98
P-ba0c818d7be4,P-56d1d4aabad4,SHARED_PGP_AND_WALLET,0.98
P-1b778867d3b4,P-5f1826f675b6,SHARED_PGP_AND_WALLET,0.98
P-1b778867d3b4,P-56d1d4aabad4,SHARED_PGP_AND_WALLET,0.98
P-5f1826f675b6,P-56d1d4aabad4,SHARED_PGP_AND_WALLET,0.98
P-d0fa3736fa03,P-1ff13942c7b1,SHARED_PGP_AND_WALLET,0.98
P-d0fa3736fa03,P-b7096fca8c02,SHARED_PGP_AND_WALLET,0.98
P-1ff13942c7b1,P-b7096fca8c02,SHARED_PGP_AND_WALLET,0.98
P-25c94d1c256f,P-02b363fe98ee,SHARED_PGP_AND_WALLET,0.98
P-25c94d1c256f,P-91035a59d906,SHARED_PGP_AND_WALLET,0.98
P-02b363fe98ee,P-91035a59d906,SHARED_PGP_AND_WALLET,0.98
P-006a74ce84e7,P-3e8064e8b5d3,SHARED_PGP_AND_WALLET,0.98
P-006a74ce84e7,P-b783df668b0a,SHARED_PGP_AND_WALLET,0.98
P-006a74ce84e7,P-5fee46ff17ca,SHARED_PGP_AND_WALLET,0.98
P-3e8064e8b5d3,P-b783df668b0a,SHARED_PGP_AND_WALLET,0.98
P-3e8064e8b5d3,P-5fee46ff17ca,SHARED_PGP_AND_WALLET,0.98
P-b783df668b0a,P-5fee46ff17ca,SHARED_PGP_AND_WALLET,0.98
P-19e07bbfa701,P-1306d3098855,SHARED_PGP_AND_WALLET,0.98
P-19e07bbfa701,P-bf38de9164ab,SHARED_PGP_AND_WALLET,0.98
P-1306d3098855,P-bf38de9164ab,SHARED_PGP_AND_WALLET,0.98
P-1e310c4146fe,P-6e33495ed5cd,SHARED_PGP_AND_WALLET,0.98
P-1e310c4146fe,P-91181f0648c7,SHARED_PGP_AND_WALLET,0.98
P-1e310c4146fe,P-ad6036c1d081,SHARED_PGP_AND_WALLET,0.98
P-6e33495ed5cd,P-91181f0648c7,SHARED_PGP_AND_WALLET,0.98
P-6e33495ed5cd,P-ad6036c1d081,SHARED_PGP_AND_WALLET,0.98
P-91181f0648c7,P-ad6036c1d081,SHARED_PGP_AND_WALLET,0.98
P-94a4b870478f,P-8788fc55e468,SHARED_PGP_AND_WALLET,0.98
P-94a4b870478f,P-53971916463b,SHARED_PGP_AND_WALLET,0.98
P-8788fc55e468,P-53971916463b,SHARED_PGP_AND_WALLET,0.98
P-18fc5bcffa81,P-ed002cb37332,SHARED_PGP_AND_WALLET,0.98
P-18fc5bcffa81,P-1b192c936bce,SHARED_PGP_AND_WALLET,0.98
P-ed002cb37332,P-1b192c936bce,SHARED_PGP_AND_WALLET,0.98
P-fa7d8f90cdce,P-fbf815af06dd,SHARED_PGP_AND_WALLET,0.98
P-fa7d8f90cdce,P-c068ad495143,SHARED_PGP_AND_WALLET,0.98
P-fa7d8f90cdce,P-43143e6a2f95,SHARED_PGP_AND_WALLET,0.98
P-fa7d8f90cdce,P-a8d9c3ffbcdd,SHARED_PGP_AND_WALLET,0.98
P-fbf815af06dd,P-c068ad495143,SHARED_PGP_AND_WALLET,0.98
P-fbf815af06dd,P-43143e6a2f95,SHARED_PGP_AND_WALLET,0.98
P-fbf815af06dd,P-a8d9c3ffbcdd,SHARED_PGP_AND_WALLET,0.98
P-c068ad495143,P-43143e6a2f95,SHARED_PGP_AND_WALLET,0.98
P-c068ad495143,P-a8d9c3ffbcdd,SHARED_PGP_AND_WALLET,0.98
P-43143e6a2f95,P-a8d9c3ffbcdd,SHARED_PGP_AND_WALLET,0.98
P-adb3ab88e82d,P-54d31d401230,SHARED_PGP_AND_WALLET,0.98
P-adb3ab88e82d,P-f64d024f6e56,SHARED_PGP_AND_WALLET,0.98
P-adb3ab88e82d,P-dd049996d40a,SHARED_PGP_AND_WALLET,0.98
P-adb3ab88e82d,P-b5f4d2146500,SHARED_PGP_AND_WALLET,0.98
P-54d31d401230,P-f64d024f6e56,SHARED_PGP_AND_WALLET,0.98
P-54d31d401230,P-dd049996d40a,SHARED_PGP_AND_WALLET,0.98
P-54d31d401230,P-b5f4d2146500,SHARED_PGP_AND_WALLET,0.98
P-f64d024f6e56,P-dd049996d40a,SHARED_PGP_AND_WALLET,0.98
P-f64d024f6e56,P-b5f4d2146500,SHARED_PGP_AND_WALLET,0.98
P-dd049996d40a,P-b5f4d2146500,SHARED_PGP_AND_WALLET,0.98
P-213aed282aad,P-cb1ad452eaa3,SHARED_PGP_AND_WALLET,0.98
P-213aed282aad,P-c86fc4f16851,SHARED_PGP_AND_WALLET,0.98
P-213aed282aad,P-6a722692a04e,SHARED_PGP_AND_WALLET,0.98
P-213aed282aad,P-aa4061faee3b,SHARED_PGP_AND_WALLET,0.98
P-cb1ad452eaa3,P-c86fc4f16851,SHARED_PGP_AND_WALLET,0.98
P-cb1ad452eaa3,P-6a722692a04e,SHARED_PGP_AND_WALLET,0.98
P-cb1ad452eaa3,P-aa4061faee3b,SHARED_PGP_AND_WALLET,0.98
P-c86fc4f16851,P-6a722692a04e,SHARED_PGP_AND_WALLET,0.98
P-c86fc4f16851,P-aa4061faee3b,SHARED_PGP_AND_WALLET,0.98
P-6a722692a04e,P-aa4061faee3b,SHARED_PGP_AND_WALLET,0.98
P-ed497f8aef35,P-c7045c404388,SHARED_PGP_AND_WALLET,0.98
P-ed497f8aef35,P-ed576d06b862,SHARED_PGP_AND_WALLET,0.98
P-c7045c404388,P-ed576d06b862,SHARED_PGP_AND_WALLET,0.98
P-4bb71b11d7f3,P-7649197d5b7a,SHARED_PGP_AND_WALLET,0.98
P-4bb71b11d7f3,P-36354a25c33a,SHARED_PGP_AND_WALLET,0.98
P-7649197d5b7a,P-36354a25c33a,SHARED_PGP_AND_WALLET,0.98
P-fa2170ae761b,P-bf93d6865583,SHARED_PGP_AND_WALLET,0.98
P-fa2170ae761b,P-7d3b45460278,SHARED_PGP_AND_WALLET,0.98
P-fa2170ae761b,P-fa46eff8ca4e,SHARED_PGP_AND_WALLET,0.98
P-fa2170ae761b,P-6b479c057d8e,SHARED_PGP_AND_WALLET,0.98
P-bf93d6865583,P-7d3b45460278,SHARED_PGP_AND_WALLET,0.98
P-bf93d6865583,P-fa46eff8ca4e,SHARED_PGP_AND_WALLET,0.98
P-bf93d6865583,P-6b479c057d8e,SHARED_PGP_AND_WALLET,0.98
P-7d3b45460278,P-fa46eff8ca4e,SHARED_PGP_AND_WALLET,0.98
P-7d3b45460278,P-6b479c057d8e,SHARED_PGP_AND_WALLET,0.98
P-fa46eff8ca4e,P-6b479c057d8e,SHARED_PGP_AND_WALLET,0.98
P-9d139682eea3,P-acc9a769e9b7,SHARED_PGP_AND_WALLET,0.98
P-9d139682eea3,P-84fde374da5f,SHARED_PGP_AND_WALLET,0.98
P-9d139682eea3,P-75cad8349686,SHARED_PGP_AND_WALLET,0.98
P-acc9a769e9b7,P-84fde374da5f,SHARED_PGP_AND_WALLET,0.98
P-acc9a769e9b7,P-75cad8349686,SHARED_PGP_AND_WALLET,0.98
P-84fde374da5f,P-75cad8349686,SHARED_PGP_AND_WALLET,0.98
P-08e9af7b3310,P-be69d1f280de,SHARED_PGP_AND_WALLET,0.98
P-08e9af7b3310,P-80601c6353da,SHARED_PGP_AND_WALLET,0.98
P-08e9af7b3310,P-69dd79ec8c57,SHARED_PGP_AND_WALLET,0.98
P-08e9af7b3310,P-528706a7c386,SHARED_PGP_AND_WALLET,0.98
P-be69d1f280de,P-80601c6353da,SHARED_PGP_AND_WALLET,0.98
P-be69d1f280de,P-69dd79ec8c57,SHARED_PGP_AND_WALLET,0.98
P-be69d1f280de,P-528706a7c386,SHARED_PGP_AND_WALLET,0.98
P-80601c6353da,P-69dd79ec8c57,SHARED_PGP_AND_WALLET,0.98
P-80601c6353da,P-528706a7c386,SHARED_PGP_AND_WALLET,0.98
P-69dd79ec8c57,P-528706a7c386,SHARED_PGP_AND_WALLET,0.98
P-8897987cc12d,P-287c64c2a7ba,SHARED_PGP_AND_WALLET,0.98
P-8897987cc12d,P-cbcf16ad78de,SHARED_PGP_AND_WALLET,0.98
P-287c64c2a7ba,P-cbcf16ad78de,SHARED_PGP_AND_WALLET,0.98
P-74bb5c3939bf,P-05da85b4770a,SHARED_PGP_AND_WALLET,0.98
P-74bb5c3939bf,P-c67611aa83cb,SHARED_PGP_AND_WALLET,0.98
P-74bb5c3939bf,P-92bf89f50973,SHARED_PGP_AND_WALLET,0.98
P-05da85b4770a,P-c67611aa83cb,SHARED_PGP_AND_WALLET,0.98
P-05da85b4770a,P-92bf89f50973,SHARED_PGP_AND_WALLET,0.98
P-c67611aa83cb,P-92bf89f50973,SHARED_PGP_AND_WALLET,0.98
P-b89c0397f3bf,P-db6031cee9ca,SHARED_PGP_AND_WALLET,0.98
P-b89c0397f3bf,P-bdc1f70890d1,SHARED_PGP_AND_WALLET,0.98
P-b89c0397f3bf,P-5cc9b02d8a93,SHARED_PGP_AND_WALLET,0.98
P-db6031cee9ca,P-bdc1f70890d1,SHARED_PGP_AND_WALLET,0.98
P-db6031cee9ca,P-5cc9b02d8a93,SHARED_PGP_AND_WALLET,0.98
P-bdc1f70890d1,P-5cc9b02d8a93,SHARED_PGP_AND_WALLET,0.98
P-2ee2508a585d,P-44db6a2bca07,SHARED_PGP_AND_WALLET,0.98
P-2ee2508a585d,P-09eb834a089f,SHARED_PGP_AND_WALLET,0.98
P-44db6a2bca07,P-09eb834a089f,SHARED_PGP_AND_WALLET,0.98
P-60449715db6e,P-f518b282c590,SHARED_PGP_AND_WALLET,0.98
P-60449715db6e,P-5a0d22d1b33f,SHARED_PGP_AND_WALLET,0.98
P-60449715db6e,P-8906109d4cdb,SHARED_PGP_AND_WALLET,0.98
P-f518b282c590,P-5a0d22d1b33f,SHARED_PGP_AND_WALLET,0.98
P-f518b282c590,P-8906109d4cdb,SHARED_PGP_AND_WALLET,0.98
P-5a0d22d1b33f,P-8906109d4cdb,SHARED_PGP_AND_WALLET,0.98
P-9097b36e7320,P-77abc7e22454,SHARED_PGP_AND_WALLET,0.98
P-9097b36e7320,P-b6931bf2963a,SHARED_PGP_AND_WALLET,0.98
P-9097b36e7320,P-ed0034b44729,SHARED_PGP_AND_WALLET,0.98
P-77abc7e22454,P-b6931bf2963a,SHARED_PGP_AND_WALLET,0.98
P-77abc7e22454,P-ed0034b44729,SHARED_PGP_AND_WALLET,0.98
P-b6931bf2963a,P-ed0034b44729,SHARED_PGP_AND_WALLET,0.98
P-efcb814318ae,P-792f7a4a0124,SHARED_PGP_AND_WALLET,0.98
P-efcb814318ae,P-ca53ccaeeffb,SHARED_PGP_AND_WALLET,0.98
P-792f7a4a0124,P-ca53ccaeeffb,SHARED_PGP_AND_WALLET,0.98
P-809fafd3cf8e,P-cdc25a852414,SHARED_PGP_AND_WALLET,0.98
P-809fafd3cf8e,P-dd8a055b7d4d,SHARED_PGP_AND_WALLET,0.98
P-809fafd3cf8e,P-b0c9e5337133,SHARED_PGP_AND_WALLET,0.98
P-809fafd3cf8e,P-35ddab5b9fae,SHARED_PGP_AND_WALLET,0.98
P-cdc25a852414,P-dd8a055b7d4d,SHARED_PGP_AND_WALLET,0.98
P-cdc25a852414,P-b0c9e5337133,SHARED_PGP_AND_WALLET,0.98
P-cdc25a852414,P-35ddab5b9fae,SHARED_PGP_AND_WALLET,0.98
P-dd8a055b7d4d,P-b0c9e5337133,SHARED_PGP_AND_WALLET,0.98
P-dd8a055b7d4d,P-35ddab5b9fae,SHARED_PGP_AND_WALLET,0.98
P-b0c9e5337133,P-35ddab5b9fae,SHARED_PGP_AND_WALLET,0.98
P-4710d609e6e2,P-8e5dd308b812,SHARED_PGP_AND_WALLET,0.98
P-4710d609e6e2,P-f577b2f8535d,SHARED_PGP_AND_WALLET,0.98
P-8e5dd308b812,P-f577b2f8535d,SHARED_PGP_AND_WALLET,0.98
P-90b16e0e9b75,P-b80353ba17dc,SHARED_PGP_AND_WALLET,0.98
P-90b16e0e9b75,P-1269f450f9f9,SHARED_PGP_AND_WALLET,0.98
P-90b16e0e9b75,P-6e7857105747,SHARED_PGP_AND_WALLET,0.98
P-90b16e0e9b75,P-4f895de42c03,SHARED_PGP_AND_WALLET,0.98
P-b80353ba17dc,P-1269f450f9f9,SHARED_PGP_AND_WALLET,0.98
P-b80353ba17dc,P-6e7857105747,SHARED_PGP_AND_WALLET,0.98
P-b80353ba17dc,P-4f895de42c03,SHARED_PGP_AND_WALLET,0.98
P-1269f450f9f9,P-6e7857105747,SHARED_PGP_AND_WALLET,0.98
P-1269f450f9f9,P-4f895de42c03,SHARED_PGP_AND_WALLET,0.98
P-6e7857105747,P-4f895de42c03,SHARED_PGP_AND_WALLET,0.98
P-e5caff6be317,P-b658d82e92bf,SHARED_PGP_AND_WALLET,0.98
P-e5caff6be317,P-68bfba2eeac5,SHARED_PGP_AND_WALLET,0.98
P-e5caff6be317,P-4d8369020778,SHARED_PGP_AND_WALLET,0.98
P-b658d82e92bf,P-68bfba2eeac5,SHARED_PGP_AND_WALLET,0.98
P-b658d82e92bf,P-4d8369020778,SHARED_PGP_AND_WALLET,0.98
P-68bfba2eeac5,P-4d8369020778,SHARED_PGP_AND_WALLET,0.98
P-bad0d3746a54,P-e5692c36627a,SHARED_PGP_AND_WALLET,0.98
P-bad0d3746a54,P-6d1bcc1c7fe8,SHARED_PGP_AND_WALLET,0.98
P-e5692c36627a,P-6d1bcc1c7fe8,SHARED_PGP_AND_WALLET,0.98
P-ac84d0d96186,P-36f160e22e6d,SHARED_PGP_AND_WALLET,0.98
P-ac84d0d96186,P-002e7d6cd48e,SHARED_PGP_AND_WALLET,0.98
P-36f160e22e6d,P-002e7d6cd48e,SHARED_PGP_AND_WALLET,0.98
P-a7c33e559ef2,P-9c41e11de8f8,SHARED_PGP_AND_WALLET,0.98
P-a7c33e559ef2,P-087abdbb3e08,SHARED_PGP_AND_WALLET,0.98
P-a7c33e559ef2,P-3b0529f864d8,SHARED_PGP_AND_WALLET,0.98
P-a7c33e559ef2,P-ac367708a8b0,SHARED_PGP_AND_WALLET,0.98
P-9c41e11de8f8,P-087abdbb3e08,SHARED_PGP_AND_WALLET,0.98
P-9c41e11de8f8,P-3b0529f864d8,SHARED_PGP_AND_WALLET,0.98
P-9c41e11de8f8,P-ac367708a8b0,SHARED_PGP_AND_WALLET,0.98
P-087abdbb3e08,P-3b0529f864d8,SHARED_PGP_AND_WALLET,0.98
P-087abdbb3e08,P-ac367708a8b0,SHARED_PGP_AND_WALLET,0.98
P-3b0529f864d8,P-ac367708a8b0,SHARED_PGP_AND_WALLET,0.98
P-7f67c0f32083,P-24d384b2b934,SHARED_PGP_AND_WALLET,0.98
P-7f67c0f32083,P-60b8f8ec124f,SHARED_PGP_AND_WALLET,0.98
P-24d384b2b934,P-60b8f8ec124f,SHARED_PGP_AND_WALLET,0.98
P-1a0c3022e7a6,P-bdf705771c8c,SHARED_PGP_AND_WALLET,0.98
P-1a0c3022e7a6,P-6b915d9ea709,SHARED_PGP_AND_WALLET,0.98
P-bdf705771c8c,P-6b915d9ea709,SHARED_PGP_AND_WALLET,0.98
P-92464dbb5a38,P-87513f0db60b,SHARED_PGP_AND_WALLET,0.98
P-92464dbb5a38,P-bf1a0dcb18fd,SHARED_PGP_AND_WALLET,0.98
P-87513f0db60b,P-bf1a0dcb18fd,SHARED_PGP_AND_WALLET,0.98
P-033262ffa1d8,P-e23a400223dc,SHARED_PGP_AND_WALLET,0.98
P-033262ffa1d8,P-889776a90bab,SHARED_PGP_AND_WALLET,0.98
P-e23a400223dc,P-889776a90bab,SHARED_PGP_AND_WALLET,0.98
P-bdcec9ca057e,P-b5000344dcad,SHARED_PGP_AND_WALLET,0.98
P-bdcec9ca057e,P-cbd474eab9c4,SHARED_PGP_AND_WALLET,0.98
P-bdcec9ca057e,P-a3ff8dcd0da4,SHARED_PGP_AND_WALLET,0.98
P-bdcec9ca057e,P-a1210a533fd4,SHARED_PGP_AND_WALLET,0.98
P-b5000344dcad,P-cbd474eab9c4,SHARED_PGP_AND_WALLET,0.98
P-b5000344dcad,P-a3ff8dcd0da4,SHARED_PGP_AND_WALLET,0.98
P-b5000344dcad,P-a1210a533fd4,SHARED_PGP_AND_WALLET,0.98
P-cbd474eab9c4,P-a3ff8dcd0da4,SHARED_PGP_AND_WALLET,0.98
P-cbd474eab9c4,P-a1210a533fd4,SHARED_PGP_AND_WALLET,0.98
P-a3ff8dcd0da4,P-a1210a533fd4,SHARED_PGP_AND_WALLET,0.98
P-f69cc7f06a29,P-343c7feda951,SHARED_PGP_AND_WALLET,0.98
P-f69cc7f06a29,P-015a43886727,SHARED_PGP_AND_WALLET,0.98
P-f69cc7f06a29,P-d94b4382cd02,SHARED_PGP_AND_WALLET,0.98
P-343c7feda951,P-015a43886727,SHARED_PGP_AND_WALLET,0.98
P-343c7feda951,P-d94b4382cd02,SHARED_PGP_AND_WALLET,0.98
P-015a43886727,P-d94b4382cd02,SHARED_PGP_AND_WALLET,0.98
P-1b8de48262a6,P-d41054b4bcfe,SHARED_PGP_AND_WALLET,0.98
P-1b8de48262a6,P-c1eadacf90af,SHARED_PGP_AND_WALLET,0.98
P-d41054b4bcfe,P-c1eadacf90af,SHARED_PGP_AND_WALLET,0.98
P-8d73efbdf37b,P-8fbcd6e91885,SHARED_PGP_AND_WALLET,0.98
P-8d73efbdf37b,P-a5d9fcdafb15,SHARED_PGP_AND_WALLET,0.98
P-8d73efbdf37b,P-d58aa58e2e1b,SHARED_PGP_AND_WALLET,0.98
P-8fbcd6e91885,P-a5d9fcdafb15,SHARED_PGP_AND_WALLET,0.98
P-8fbcd6e91885,P-d58aa58e2e1b,SHARED_PGP_AND_WALLET,0.98
P-a5d9fcdafb15,P-d58aa58e2e1b,SHARED_PGP_AND_WALLET,0.98
P-597261c22be0,P-710318888e8a,SHARED_PGP_AND_WALLET,0.98
P-597261c22be0,P-2a901f89f853,SHARED_PGP_AND_WALLET,0.98
P-597261c22be0,P-b765e8eeb469,SHARED_PGP_AND_WALLET,0.98
P-710318888e8a,P-2a901f89f853,SHARED_PGP_AND_WALLET,0.98
P-710318888e8a,P-b765e8eeb469,SHARED_PGP_AND_WALLET,0.98
P-2a901f89f853,P-b765e8eeb469,SHARED_PGP_AND_WALLET,0.98
P-9e052798e133,P-5d2548e01698,SHARED_PGP_AND_WALLET,0.98
P-9e052798e133,P-5833a75a38ef,SHARED_PGP_AND_WALLET,0.98
P-9e052798e133,P-fa13b9dd0e3b,SHARED_PGP_AND_WALLET,0.98
P-9e052798e133,P-655ac1377ae1,SHARED_PGP_AND_WALLET,0.98
P-5d2548e01698,P-5833a75a38ef,SHARED_PGP_AND_WALLET,0.98
P-5d2548e01698,P-fa13b9dd0e3b,SHARED_PGP_AND_WALLET,0.98
P-5d2548e01698,P-655ac1377ae1,SHARED_PGP_AND_WALLET,0.98
P-5833a75a38ef,P-fa13b9dd0e3b,SHARED_PGP_AND_WALLET,0.98
P-5833a75a38ef,P-655ac1377ae1,SHARED_PGP_AND_WALLET,0.98
P-fa13b9dd0e3b,P-655ac1377ae1,SHARED_PGP_AND_WALLET,0.98
P-e8bacde0d437,P-4b98f1348bf3,SHARED_PGP_AND_WALLET,0.98
P-e8bacde0d437,P-bfff9e338578,SHARED_PGP_AND_WALLET,0.98
P-e8bacde0d437,P-fe1ac850d5e6,SHARED_PGP_AND_WALLET,0.98
P-4b98f1348bf3,P-bfff9e338578,SHARED_PGP_AND_WALLET,0.98
P-4b98f1348bf3,P-fe1ac850d5e6,SHARED_PGP_AND_WALLET,0.98
P-bfff9e338578,P-fe1ac850d5e6,SHARED_PGP_AND_WALLET,0.98
P-06a9c4574c52,P-14b041cb149f,SHARED_PGP_AND_WALLET,0.98
P-06a9c4574c52,P-d622f9abe887,SHARED_PGP_AND_WALLET,0.98
P-06a9c4574c52,P-36df875ab0f9,SHARED_PGP_AND_WALLET,0.98
P-06a9c4574c52,P-1904235a316f,SHARED_PGP_AND_WALLET,0.98
P-14b041cb149f,P-d622f9abe887,SHARED_PGP_AND_WALLET,0.98
P-14b041cb149f,P-36df875ab0f9,SHARED_PGP_AND_WALLET,0.98
P-14b041cb149f,P-1904235a316f,SHARED_PGP_AND_WALLET,0.98
P-d622f9abe887,P-36df875ab0f9,SHARED_PGP_AND_WALLET,0.98
P-d622f9abe887,P-1904235a316f,SHARED_PGP_AND_WALLET,0.98
P-36df875ab0f9,P-1904235a316f,SHARED_PGP_AND_WALLET,0.98
P-6f2bab2d925b,P-a7bdf6c126d8,SHARED_PGP_AND_WALLET,0.98
P-6f2bab2d925b,P-69296e895049,SHARED_PGP_AND_WALLET,0.98
P-6f2bab2d925b,P-4514e7dea6a2,SHARED_PGP_AND_WALLET,0.98
P-6f2bab2d925b,P-0c1363206540,SHARED_PGP_AND_WALLET,0.98
P-a7bdf6c126d8,P-69296e895049,SHARED_PGP_AND_WALLET,0.98
P-a7bdf6c126d8,P-4514e7dea6a2,SHARED_PGP_AND_WALLET,0.98
P-a7bdf6c126d8,P-0c1363206540,SHARED_PGP_AND_WALLET,0.98
P-69296e895049,P-4514e7dea6a2,SHARED_PGP_AND_WALLET,0.98
P-69296e895049,P-0c1363206540,SHARED_PGP_AND_WALLET,0.98
P-4514e7dea6a2,P-0c1363206540,SHARED_PGP_AND_WALLET,0.98
P-fe2feebf5243,P-237e39bd79f3,SHARED_PGP_AND_WALLET,0.98
P-fe2feebf5243,P-646e6fba7037,SHARED_PGP_AND_WALLET,0.98
P-237e39bd79f3,P-646e6fba7037,SHARED_PGP_AND_WALLET,0.98
P-494a1c5118e4,P-beae2f578cc8,SHARED_PGP_AND_WALLET,0.98
P-494a1c5118e4,P-a19724a634e0,SHARED_PGP_AND_WALLET,0.98
P-beae2f578cc8,P-a19724a634e0,SHARED_PGP_AND_WALLET,0.98
P-8cd19bbf26aa,P-974dd806a98f,SHARED_PGP_AND_WALLET,0.98
P-8cd19bbf26aa,P-b7287df078ff,SHARED_PGP_AND_WALLET,0.98
P-974dd806a98f,P-b7287df078ff,SHARED_PGP_AND_WALLET,0.98
P-d2d065ff4d78,P-47fc7c9781e1,SHARED_PGP_AND_WALLET,0.98
P-d2d065ff4d78,P-095339d3b6f7,SHARED_PGP_AND_WALLET,0.98
P-d2d065ff4d78,P-e53b36b9af40,SHARED_PGP_AND_WALLET,0.98
P-d2d065ff4d78,P-342e6076449b,SHARED_PGP_AND_WALLET,0.98
P-47fc7c9781e1,P-095339d3b6f7,SHARED_PGP_AND_WALLET,0.98
P-47fc7c9781e1,P-e53b36b9af40,SHARED_PGP_AND_WALLET,0.98
P-47fc7c9781e1,P-342e6076449b,SHARED_PGP_AND_WALLET,0.98
P-095339d3b6f7,P-e53b36b9af40,SHARED_PGP_AND_WALLET,0.98
P-095339d3b6f7,P-342e6076449b,SHARED_PGP_AND_WALLET,0.98
P-e53b36b9af40,P-342e6076449b,SHARED_PGP_AND_WALLET,0.98
P-4c57c767bcf1,P-4b672a8d595e,SHARED_PGP_AND_WALLET,0.98
P-4c57c767bcf1,P-dca944e1c511,SHARED_PGP_AND_WALLET,0.98
P-4c57c767bcf1,P-7da3d2ec591a,SHARED_PGP_AND_WALLET,0.98
P-4c57c767bcf1,P-8a97f4175b88,SHARED_PGP_AND_WALLET,0.98
P-4b672a8d595e,P-dca944e1c511,SHARED_PGP_AND_WALLET,0.98
P-4b672a8d595e,P-7da3d2ec591a,SHARED_PGP_AND_WALLET,0.98
P-4b672a8d595e,P-8a97f4175b88,SHARED_PGP_AND_WALLET,0.98
P-dca944e1c511,P-7da3d2ec591a,SHARED_PGP_AND_WALLET,0.98
P-dca944e1c511,P-8a97f4175b88,SHARED_PGP_AND_WALLET,0.98
P-7da3d2ec591a,P-8a97f4175b88,SHARED_PGP_AND_WALLET,0.98
P-390e74c8d9e8,P-64a9defa1a74,SHARED_PGP_AND_WALLET,0.98
P-390e74c8d9e8,P-34633db3fa85,SHARED_PGP_AND_WALLET,0.98
P-64a9defa1a74,P-34633db3fa85,SHARED_PGP_AND_WALLET,0.98
P-dd1f15e25b52,P-dab46ac40c2d,SHARED_PGP_AND_WALLET,0.98
P-dd1f15e25b52,P-28a1138c9236,SHARED_PGP_AND_WALLET,0.98
P-dab46ac40c2d,P-28a1138c9236,SHARED_PGP_AND_WALLET,0.98
P-3e8461b8437d,P-09b3fc91a602,SHARED_PGP_AND_WALLET,0.98
P-3e8461b8437d,P-e040e2cf2d7e,SHARED_PGP_AND_WALLET,0.98
P-09b3fc91a602,P-e040e2cf2d7e,SHARED_PGP_AND_WALLET,0.98
P-bcc716c2e63b,P-522419c92d5d,SHARED_PGP_AND_WALLET,0.98
P-bcc716c2e63b,P-27d455d33950,SHARED_PGP_AND_WALLET,0.98
P-522419c92d5d,P-27d455d33950,SHARED_PGP_AND_WALLET,0.98
P-6895d90df764,P-e0327c6f2e67,SHARED_PGP_AND_WALLET,0.98
P-6895d90df764,P-30f992cb96e8,SHARED_PGP_AND_WALLET,0.98
P-e0327c6f2e67,P-30f992cb96e8,SHARED_PGP_AND_WALLET,0.98
P-d5e44554bf8e,P-98ae5139160c,SHARED_PGP_AND_WALLET,0.98
P-d5e44554bf8e,P-29fefbd755e3,SHARED_PGP_AND_WALLET,0.98
P-98ae5139160c,P-29fefbd755e3,SHARED_PGP_AND_WALLET,0.98
P-de139427e85b,P-41ed11c7b90b,SHARED_PGP_AND_WALLET,0.98
P-de139427e85b,P-051b5793718b,SHARED_PGP_AND_WALLET,0.98
P-41ed11c7b90b,P-051b5793718b,SHARED_PGP_AND_WALLET,0.98
P-347a89677f8a,P-1f67f48ff005,SHARED_PGP_AND_WALLET,0.98
P-347a89677f8a,P-a0783be790e1,SHARED_PGP_AND_WALLET,0.98
P-347a89677f8a,P-cff5c5634c01,SHARED_PGP_AND_WALLET,0.98
P-347a89677f8a,P-0eeec7abfbc6,SHARED_PGP_AND_WALLET,0.98
P-1f67f48ff005,P-a0783be790e1,SHARED_PGP_AND_WALLET,0.98
P-1f67f48ff005,P-cff5c5634c01,SHARED_PGP_AND_WALLET,0.98
P-1f67f48ff005,P-0eeec7abfbc6,SHARED_PGP_AND_WALLET,0.98
P-a0783be790e1,P-cff5c5634c01,SHARED_PGP_AND_WALLET,0.98
P-a0783be790e1,P-0eeec7abfbc6,SHARED_PGP_AND_WALLET,0.98
P-cff5c5634c01,P-0eeec7abfbc6,SHARED_PGP_AND_WALLET,0.98
P-7ff08e821ab2,P-590e19c238e0,SHARED_PGP_AND_WALLET,0.98
P-7ff08e821ab2,P-ac7ec7883fa3,SHARED_PGP_AND_WALLET,0.98
P-7ff08e821ab2,P-3a351233de9d,SHARED_PGP_AND_WALLET,0.98
P-7ff08e821ab2,P-0bdccdc1bc7f,SHARED_PGP_AND_WALLET,0.98
P-590e19c238e0,P-ac7ec7883fa3,SHARED_PGP_AND_WALLET,0.98
P-590e19c238e0,P-3a351233de9d,SHARED_PGP_AND_WALLET,0.98
P-590e19c238e0,P-0bdccdc1bc7f,SHARED_PGP_AND_WALLET,0.98
P-ac7ec7883fa3,P-3a351233de9d,SHARED_PGP_AND_WALLET,0.98
P-ac7ec7883fa3,P-0bdccdc1bc7f,SHARED_PGP_AND_WALLET,0.98
P-3a351233de9d,P-0bdccdc1bc7f,SHARED_PGP_AND_WALLET,0.98
P-1406599e2c62,P-103e2aabd0b9,SHARED_PGP_AND_WALLET,0.98
P-1406599e2c62,P-55eab69b7972,SHARED_PGP_AND_WALLET,0.98
P-1406599e2c62,P-86e67a464eb4,SHARED_PGP_AND_WALLET,0.98
P-103e2aabd0b9,P-55eab69b7972,SHARED_PGP_AND_WALLET,0.98
P-103e2aabd0b9,P-86e67a464eb4,SHARED_PGP_AND_WALLET,0.98
P-55eab69b7972,P-86e67a464eb4,SHARED_PGP_AND_WALLET,0.98
P-d13f14bcccc4,P-7cea8e0dac6d,SHARED_PGP_AND_WALLET,0.98
P-d13f14bcccc4,P-22a18c957f76,SHARED_PGP_AND_WALLET,0.98
P-7cea8e0dac6d,P-22a18c957f76,SHARED_PGP_AND_WALLET,0.98
P-3842fb002d5f,P-81c07e2ce42c,SHARED_PGP_AND_WALLET,0.98
P-3842fb002d5f,P-256d7c692e0c,SHARED_PGP_AND_WALLET,0.98
P-81c07e2ce42c,P-256d7c692e0c,SHARED_PGP_AND_WALLET,0.98
P-54801814f66f,P-78720aa9ab11,SHARED_PGP_AND_WALLET,0.98
P-54801814f66f,P-cdc1eaffb5fc,SHARED_PGP_AND_WALLET,0.98
P-54801814f66f,P-2a5b4b26283b,SHARED_PGP_AND_WALLET,0.98
P-54801814f66f,P-305c777ce6bf,SHARED_PGP_AND_WALLET,0.98
P-78720aa9ab11,P-cdc1eaffb5fc,SHARED_PGP_AND_WALLET,0.98
P-78720aa9ab11,P-2a5b4b26283b,SHARED_PGP_AND_WALLET,0.98
P-78720aa9ab11,P-305c777ce6bf,SHARED_PGP_AND_WALLET,0.98
P-cdc1eaffb5fc,P-2a5b4b26283b,SHARED_PGP_AND_WALLET,0.98
P-cdc1eaffb5fc,P-305c777ce6bf,SHARED_PGP_AND_WALLET,0.98
P-2a5b4b26283b,P-305c777ce6bf,SHARED_PGP_AND_WALLET,0.98
P-e700cb2e83fa,P-d16c23ce4946,SHARED_PGP_AND_WALLET,0.98
P-e700cb2e83fa,P-820a53843fb9,SHARED_PGP_AND_WALLET,0.98
P-e700cb2e83fa,P-dd39f3d5a86d,SHARED_PGP_AND_WALLET,0.98
P-e700cb2e83fa,P-007e9e7c61d0,SHARED_PGP_AND_WALLET,0.98
P-d16c23ce4946,P-820a53843fb9,SHARED_PGP_AND_WALLET,0.98
P-d16c23ce4946,P-dd39f3d5a86d,SHARED_PGP_AND_WALLET,0.98
P-d16c23ce4946,P-007e9e7c61d0,SHARED_PGP_AND_WALLET,0.98
P-820a53843fb9,P-dd39f3d5a86d,SHARED_PGP_AND_WALLET,0.98
P-820a53843fb9,P-007e9e7c61d0,SHARED_PGP_AND_WALLET,0.98
P-dd39f3d5a86d,P-007e9e7c61d0,SHARED_PGP_AND_WALLET,0.98
P-99c1fe5e4ebb,P-a829a568a344,SHARED_PGP_AND_WALLET,0.98
P-99c1fe5e4ebb,P-3b6c1798d5e4,SHARED_PGP_AND_WALLET,0.98
P-99c1fe5e4ebb,P-45daf59984da,SHARED_PGP_AND_WALLET,0.98
P-a829a568a344,P-3b6c1798d5e4,SHARED_PGP_AND_WALLET,0.98
P-a829a568a344,P-45daf59984da,SHARED_PGP_AND_WALLET,0.98
P-3b6c1798d5e4,P-45daf59984da,SHARED_PGP_AND_WALLET,0.98
P-e024e54d45b2,P-96bfdeeed7de,SHARED_PGP_AND_WALLET,0.98
P-e024e54d45b2,P-07a98eaa0fb6,SHARED_PGP_AND_WALLET,0.98
P-e024e54d45b2,P-1dcbf973659d,SHARED_PGP_AND_WALLET,0.98
P-96bfdeeed7de,P-07a98eaa0fb6,SHARED_PGP_AND_WALLET,0.98
P-96bfdeeed7de,P-1dcbf973659d,SHARED_PGP_AND_WALLET,0.98
P-07a98eaa0fb6,P-1dcbf973659d,SHARED_PGP_AND_WALLET,0.98
P-b0ae13358122,P-1ea95c5a7f3b,SHARED_PGP_AND_WALLET,0.98
P-b0ae13358122,P-c300f75c0c6e,SHARED_PGP_AND_WALLET,0.98
P-b0ae13358122,P-c9fe21bbb2d6,SHARED_PGP_AND_WALLET,0.98
P-b0ae13358122,P-6a9471d1b513,SHARED_PGP_AND_WALLET,0.98
P-1ea95c5a7f3b,P-c300f75c0c6e,SHARED_PGP_AND_WALLET,0.98
P-1ea95c5a7f3b,P-c9fe21bbb2d6,SHARED_PGP_AND_WALLET,0.98
P-1ea95c5a7f3b,P-6a9471d1b513,SHARED_PGP_AND_WALLET,0.98
P-c300f75c0c6e,P-c9fe21bbb2d6,SHARED_PGP_AND_WALLET,0.98
P-c300f75c0c6e,P-6a9471d1b513,SHARED_PGP_AND_WALLET,0.98
P-c9fe21bbb2d6,P-6a9471d1b513,SHARED_PGP_AND_WALLET,0.98
P-7ec5b408f1b4,P-982aa872add4,SHARED_PGP_AND_WALLET,0.98
P-7ec5b408f1b4,P-d4395dcf9b6c,SHARED_PGP_AND_WALLET,0.98
P-982aa872add4,P-d4395dcf9b6c,SHARED_PGP_AND_WALLET,0.98
P-8a6f8f77c021,P-527ef3699e6d,SHARED_PGP_AND_WALLET,0.98
P-8a6f8f77c021,P-d639607550e2,SHARED_PGP_AND_WALLET,0.98
P-8a6f8f77c021,P-d8b1352f748e,SHARED_PGP_AND_WALLET,0.98
P-8a6f8f77c021,P-f61d3b728999,SHARED_PGP_AND_WALLET,0.98
P-527ef3699e6d,P-d639607550e2,SHARED_PGP_AND_WALLET,0.98
P-527ef3699e6d,P-d8b1352f748e,SHARED_PGP_AND_WALLET,0.98
P-527ef3699e6d,P-f61d3b728999,SHARED_PGP_AND_WALLET,0.98
P-d639607550e2,P-d8b1352f748e,SHARED_PGP_AND_WALLET,0.98
P-d639607550e2,P-f61d3b728999,SHARED_PGP_AND_WALLET,0.98
P-d8b1352f748e,P-f61d3b728999,SHARED_PGP_AND_WALLET,0.98
P-2c22d6184d4e,P-4c8e99d5874a,SHARED_PGP_AND_WALLET,0.98
P-2c22d6184d4e,P-624b4c8ea400,SHARED_PGP_AND_WALLET,0.98
P-2c22d6184d4e,P-4737d0c924bc,SHARED_PGP_AND_WALLET,0.98
P-4c8e99d5874a,P-624b4c8ea400,SHARED_PGP_AND_WALLET,0.98
P-4c8e99d5874a,P-4737d0c924bc,SHARED_PGP_AND_WALLET,0.98
P-624b4c8ea400,P-4737d0c924bc,SHARED_PGP_AND_WALLET,0.98
P-9b7c94828632,P-954e81b478dc,SHARED_PGP_AND_WALLET,0.98
P-9b7c94828632,P-e7a03d37af26,SHARED_PGP_AND_WALLET,0.98
P-9b7c94828632,P-c40e144f282b,SHARED_PGP_AND_WALLET,0.98
P-9b7c94828632,P-18a2ec1650f3,SHARED_PGP_AND_WALLET,0.98
P-954e81b478dc,P-e7a03d37af26,SHARED_PGP_AND_WALLET,0.98
P-954e81b478dc,P-c40e144f282b,SHARED_PGP_AND_WALLET,0.98
P-954e81b478dc,P-18a2ec1650f3,SHARED_PGP_AND_WALLET,0.98
P-e7a03d37af26,P-c40e144f282b,SHARED_PGP_AND_WALLET,0.98
P-e7a03d37af26,P-18a2ec1650f3,SHARED_PGP_AND_WALLET,0.98
P-c40e144f282b,P-18a2ec1650f3,SHARED_PGP_AND_WALLET,0.98
P-71b80059d18b,P-49df113dd77a,SHARED_PGP_AND_WALLET,0.98
P-71b80059d18b,P-954bde8c961e,SHARED_PGP_AND_WALLET,0.98
P-71b80059d18b,P-dacb2577edd7,SHARED_PGP_AND_WALLET,0.98
P-49df113dd77a,P-954bde8c961e,SHARED_PGP_AND_WALLET,0.98
P-49df113dd77a,P-dacb2577edd7,SHARED_PGP_AND_WALLET,0.98
P-954bde8c961e,P-dacb2577edd7,SHARED_PGP_AND_WALLET,0.98
P-dd4a1c3ce80f,P-578191dc1d20,SHARED_PGP_AND_WALLET,0.98
P-dd4a1c3ce80f,P-87cebe53967b,SHARED_PGP_AND_WALLET,0.98
P-578191dc1d20,P-87cebe53967b,SHARED_PGP_AND_WALLET,0.98
P-bf0baa76cd09,P-76a611aa332e,SHARED_PGP_AND_WALLET,0.98
P-bf0baa76cd09,P-4fe64f8b7f52,SHARED_PGP_AND_WALLET,0.98
P-bf0baa76cd09,P-257596a5f1c0,SHARED_PGP_AND_WALLET,0.98
P-76a611aa332e,P-4fe64f8b7f52,SHARED_PGP_AND_WALLET,0.98
P-76a611aa332e,P-257596a5f1c0,SHARED_PGP_AND_WALLET,0.98
P-4fe64f8b7f52,P-257596a5f1c0,SHARED_PGP_AND_WALLET,0.98
P-f3a90e549a08,P-fa4dc323de3c,SHARED_PGP_AND_WALLET,0.98
P-f3a90e549a08,P-6f84902a638a,SHARED_PGP_AND_WALLET,0.98
P-f3a90e549a08,P-7f2045ba50dd,SHARED_PGP_AND_WALLET,0.98
P-fa4dc323de3c,P-6f84902a638a,SHARED_PGP_AND_WALLET,0.98
P-fa4dc323de3c,P-7f2045ba50dd,SHARED_PGP_AND_WALLET,0.98
P-6f84902a638a,P-7f2045ba50dd,SHARED_PGP_AND_WALLET,0.98
P-b1c4b4c65e2f,P-4f525206a483,SHARED_PGP_AND_WALLET,0.98
P-b1c4b4c65e2f,P-e862e942290c,SHARED_PGP_AND_WALLET,0.98
P-b1c4b4c65e2f,P-a070cc1a36e8,SHARED_PGP_AND_WALLET,0.98
P-b1c4b4c65e2f,P-1108b2aa5fe5,SHARED_PGP_AND_WALLET,0.98
P-4f525206a483,P-e862e942290c,SHARED_PGP_AND_WALLET,0.98
P-4f525206a483,P-a070cc1a36e8,SHARED_PGP_AND_WALLET,0.98
P-4f525206a483,P-1108b2aa5fe5,SHARED_PGP_AND_WALLET,0.98
P-e862e942290c,P-a070cc1a36e8,SHARED_PGP_AND_WALLET,0.98
P-e862e942290c,P-1108b2aa5fe5,SHARED_PGP_AND_WALLET,0.98
P-a070cc1a36e8,P-1108b2aa5fe5,SHARED_PGP_AND_WALLET,0.98
P-523e1164aa08,P-3e12154fec94,SHARED_PGP_AND_WALLET,0.98
P-523e1164aa08,P-d59086b107ce,SHARED_PGP_AND_WALLET,0.98
P-523e1164aa08,P-c4ef0503cd35,SHARED_PGP_AND_WALLET,0.98
P-3e12154fec94,P-d59086b107ce,SHARED_PGP_AND_WALLET,0.98
P-3e12154fec94,P-c4ef0503cd35,SHARED_PGP_AND_WALLET,0.98
P-d59086b107ce,P-c4ef0503cd35,SHARED_PGP_AND_WALLET,0.98
P-42af9409786e,P-12b3760a1319,SHARED_PGP_AND_WALLET,0.98
P-42af9409786e,P-f7de3ecc5d25,SHARED_PGP_AND_WALLET,0.98
P-12b3760a1319,P-f7de3ecc5d25,SHARED_PGP_AND_WALLET,0.98
P-2343af32e328,P-defb49497857,SHARED_PGP_AND_WALLET,0.98
P-2343af32e328,P-7c2bff6d62fa,SHARED_PGP_AND_WALLET,0.98
P-2343af32e328,P-195ce9406bfe,SHARED_PGP_AND_WALLET,0.98
P-defb49497857,P-7c2bff6d62fa,SHARED_PGP_AND_WALLET,0.98
P-defb49497857,P-195ce9406bfe,SHARED_PGP_AND_WALLET,0.98
P-7c2bff6d62fa,P-195ce9406bfe,SHARED_PGP_AND_WALLET,0.98
P-ed460934f706,P-a637823c9416,SHARED_PGP_AND_WALLET,0.98
P-ed460934f706,P-1d7c52d12329,SHARED_PGP_AND_WALLET,0.98
P-a637823c9416,P-1d7c52d12329,SHARED_PGP_AND_WALLET,0.98
P-40a528894757,P-a744bd0f5e45,SHARED_PGP_AND_WALLET,0.98
P-40a528894757,P-187563a693b0,SHARED_PGP_AND_WALLET,0.98
P-a744bd0f5e45,P-187563a693b0,SHARED_PGP_AND_WALLET,0.98
P-1a6eb1b5770f,P-1e2fbd9449f6,SHARED_PGP_AND_WALLET,0.98
P-1a6eb1b5770f,P-e2e9225fb168,SHARED_PGP_AND_WALLET,0.98
P-1e2fbd9449f6,P-e2e9225fb168,SHARED_PGP_AND_WALLET,0.98
P-c8d8495571ca,P-5e289c80c1ae,SHARED_PGP_AND_WALLET,0.98
P-c8d8495571ca,P-ba29fb1bdcc5,SHARED_PGP_AND_WALLET,0.98
P-5e289c80c1ae,P-ba29fb1bdcc5,SHARED_PGP_AND_WALLET,0.98
P-8b2365435259,P-a69e37437a45,SHARED_PGP_AND_WALLET,0.98
P-8b2365435259,P-9ec8556c99d8,SHARED_PGP_AND_WALLET,0.98
P-8b2365435259,P-5776ce980ade,SHARED_PGP_AND_WALLET,0.98
P-a69e37437a45,P-9ec8556c99d8,SHARED_PGP_AND_WALLET,0.98
P-a69e37437a45,P-5776ce980ade,SHARED_PGP_AND_WALLET,0.98
P-9ec8556c99d8,P-5776ce980ade,SHARED_PGP_AND_WALLET,0.98
P-deaaeb8afaa0,P-0dbc12afeb09,SHARED_PGP_AND_WALLET,0.98
P-deaaeb8afaa0,P-7de210f66d60,SHARED_PGP_AND_WALLET,0.98
P-0dbc12afeb09,P-7de210f66d60,SHARED_PGP_AND_WALLET,0.98
P-886fcc4a221d,P-c49d558d8014,SHARED_PGP_AND_WALLET,0.98
P-dd883cd51c94,P-4f9daee298bd,SHARED_PGP_AND_WALLET,0.98
P-dd883cd51c94,P-722684a462b1,SHARED_PGP_AND_WALLET,0.98
P-4f9daee298bd,P-722684a462b1,SHARED_PGP_AND_WALLET,0.98
P-2aec8cc3e47e,P-a474f6e797e4,SHARED_PGP_AND_WALLET,0.98
P-2aec8cc3e47e,P-2ae9ff40df2f,SHARED_PGP_AND_WALLET,0.98
P-a474f6e797e4,P-2ae9ff40df2f,SHARED_PGP_AND_WALLET,0.98
P-e5e00ce7c6a4,P-4978a9619d83,SHARED_PGP_AND_WALLET,0.98
P-e5e00ce7c6a4,P-1551ab86344f,SHARED_PGP_AND_WALLET,0.98
P-4978a9619d83,P-1551ab86344f,SHARED_PGP_AND_WALLET,0.98
P-bbf11148b811,P-12cafcd4e703,SHARED_PGP_AND_WALLET,0.98
P-7e6b14bf1ca8,P-f7b2cd98ece8,SHARED_PGP_AND_WALLET,0.98
P-7e6b14bf1ca8,P-eb31718d941b,SHARED_PGP_AND_WALLET,0.98
P-7e6b14bf1ca8,P-de929041ac9f,SHARED_PGP_AND_WALLET,0.98
P-f7b2cd98ece8,P-eb31718d941b,SHARED_PGP_AND_WALLET,0.98
P-f7b2cd98ece8,P-de929041ac9f,SHARED_PGP_AND_WALLET,0.98
P-eb31718d941b,P-de929041ac9f,SHARED_PGP_AND_WALLET,0.98
P-393fc1a8423b,P-66c3832623b7,SHARED_PGP_AND_WALLET,0.98
P-4b7ca34e0eb2,P-67f71c069d97,SHARED_PGP_AND_WALLET,0.98
P-956c422ace25,P-9e4fcb89957c,SHARED_PGP_AND_WALLET,0.98
P-956c422ace25,P-aa01eefe123a,SHARED_PGP_AND_WALLET,0.98
P-956c422ace25,P-98c6aeb2c7c0,SHARED_PGP_AND_WALLET,0.98
P-9e4fcb89957c,P-aa01eefe123a,SHARED_PGP_AND_WALLET,0.98
P-9e4fcb89957c,P-98c6aeb2c7c0,SHARED_PGP_AND_WALLET,0.98
P-aa01eefe123a,P-98c6aeb2c7c0,SHARED_PGP_AND_WALLET,0.98
P-1ac4a6b998c0,P-542c4c643583,SHARED_PGP_AND_WALLET,0.98
P-1ac4a6b998c0,P-4d4fc776f342,SHARED_PGP_AND_WALLET,0.98
P-1ac4a6b998c0,P-97b09616d198,SHARED_PGP_AND_WALLET,0.98
P-542c4c643583,P-4d4fc776f342,SHARED_PGP_AND_WALLET,0.98
P-542c4c643583,P-97b09616d198,SHARED_PGP_AND_WALLET,0.98
P-4d4fc776f342,P-97b09616d198,SHARED_PGP_AND_WALLET,0.98
P-99657be155b7,P-460e93f879e8,SHARED_PGP_AND_WALLET,0.98
P-eaf3882c5042,P-510a4eb992c2,SHARED_PGP_AND_WALLET,0.98
P-eaf3882c5042,P-af9c362cee18,SHARED_PGP_AND_WALLET,0.98
P-eaf3882c5042,P-b20e4748602a,SHARED_PGP_AND_WALLET,0.98
P-510a4eb992c2,P-af9c362cee18,SHARED_PGP_AND_WALLET,0.98
P-510a4eb992c2,P-b20e4748602a,SHARED_PGP_AND_WALLET,0.98
P-af9c362cee18,P-b20e4748602a,SHARED_PGP_AND_WALLET,0.98
P-653d896a690d,P-c3a5219cbb9c,SHARED_PGP_AND_WALLET,0.98
P-8988d8a2fe11,P-aba8567fd789,SHARED_PGP_AND_WALLET,0.98
P-fd6fd0ab3e42,P-0cabdd8fd8fe,SHARED_PGP_AND_WALLET,0.98
P-fd6fd0ab3e42,P-2b12f8d04fd4,SHARED_PGP_AND_WALLET,0.98
P-0cabdd8fd8fe,P-2b12f8d04fd4,SHARED_PGP_AND_WALLET,0.98
P-ddc7c3a88737,P-a83ed4be3dac,SHARED_PGP_AND_WALLET,0.98
P-ddc7c3a88737,P-7e31f0892a08,SHARED_PGP_AND_WALLET,0.98
P-a83ed4be3dac,P-7e31f0892a08,SHARED_PGP_AND_WALLET,0.98
P-c3fc65ca856f,P-5a0e60af50b5,SHARED_PGP_AND_WALLET,0.98
P-c3fc65ca856f,P-4ca9bee9e198,SHARED_PGP_AND_WALLET,0.98
P-5a0e60af50b5,P-4ca9bee9e198,SHARED_PGP_AND_WALLET,0.98
P-9736409d6c1c,P-2d23ecf4fb2b,SHARED_PGP_AND_WALLET,0.98
P-34dc710aaedb,P-68e3b34275a3,SHARED_PGP_AND_WALLET,0.98
P-34dc710aaedb,P-c287574ad406,SHARED_PGP_AND_WALLET,0.98
P-34dc710aaedb,P-c2b03c495315,SHARED_PGP_AND_WALLET,0.98
P-68e3b34275a3,P-c287574ad406,SHARED_PGP_AND_WALLET,0.98
P-68e3b34275a3,P-c2b03c495315,SHARED_PGP_AND_WALLET,0.98
P-c287574ad406,P-c2b03c495315,SHARED_PGP_AND_WALLET,0.98
P-873532bad2fa,P-84d4b68ca18c,SHARED_PGP_AND_WALLET,0.98
P-def1c6e02a7c,P-6bb77b977b9c,SHARED_PGP_AND_WALLET,0.98
P-def1c6e02a7c,P-bae66d5f82f2,SHARED_PGP_AND_WALLET,0.98
P-6bb77b977b9c,P-bae66d5f82f2,SHARED_PGP_AND_WALLET,0.98
P-5e6b804ba43b,P-c0724fb52de0,SHARED_PGP_AND_WALLET,0.98
P-5e6b804ba43b,P-d0e0b8669f07,SHARED_PGP_AND_WALLET,0.98
P-c0724fb52de0,P-d0e0b8669f07,SHARED_PGP_AND_WALLET,0.98
P-984e703d9e7f,P-8cfbfd5cd3b9,SHARED_PGP_AND_WALLET,0.98
P-984e703d9e7f,P-560fc0091dcf,SHARED_PGP_AND_WALLET,0.98
P-984e703d9e7f,P-7fb2ee60140c,SHARED_PGP_AND_WALLET,0.98
P-8cfbfd5cd3b9,P-560fc0091dcf,SHARED_PGP_AND_WALLET,0.98
P-8cfbfd5cd3b9,P-7fb2ee60140c,SHARED_PGP_AND_WALLET,0.98
P-560fc0091dcf,P-7fb2ee60140c,SHARED_PGP_AND_WALLET,0.98
P-e060f202921a,P-3bfefe6e283e,SHARED_PGP_AND_WALLET,0.98
P-e060f202921a,P-605a87f867f5,SHARED_PGP_AND_WALLET,0.98
P-e060f202921a,P-6d5fd08bbdfa,SHARED_PGP_AND_WALLET,0.98
P-3bfefe6e283e,P-605a87f867f5,SHARED_PGP_AND_WALLET,0.98
P-3bfefe6e283e,P-6d5fd08bbdfa,SHARED_PGP_AND_WALLET,0.98
P-605a87f867f5,P-6d5fd08bbdfa,SHARED_PGP_AND_WALLET,0.98
P-4013af88fe6e,P-1c9d541654c3,SHARED_PGP_AND_WALLET,0.98
P-4013af88fe6e,P-efb17d88fb3c,SHARED_PGP_AND_WALLET,0.98
P-4013af88fe6e,P-958331f3db9f,SHARED_PGP_AND_WALLET,0.98
P-1c9d541654c3,P-efb17d88fb3c,SHARED_PGP_AND_WALLET,0.98
P-1c9d541654c3,P-958331f3db9f,SHARED_PGP_AND_WALLET,0.98
P-efb17d88fb3c,P-958331f3db9f,SHARED_PGP_AND_WALLET,0.98
P-cb4299994c36,P-b9d4d18d538a,SHARED_PGP_AND_WALLET,0.98
P-03c1b819de04,P-0592b49fef43,SHARED_PGP_AND_WALLET,0.98
P-03c1b819de04,P-9fe7305f0198,SHARED_PGP_AND_WALLET,0.98
P-0592b49fef43,P-9fe7305f0198,SHARED_PGP_AND_WALLET,0.98
P-be52633b441d,P-e18d76f4b822,SHARED_PGP_AND_WALLET,0.98
P-50f13c950380,P-6c330062c504,SHARED_PGP_AND_WALLET,0.98
P-2302dab0c6f1,P-c7eec7d13d2d,SHARED_PGP_AND_WALLET,0.98
P-7ebdbb341f27,P-6d0977c50ecf,SHARED_PGP_AND_WALLET,0.98
P-75a7b2510b90,P-333ed5770ed8,SHARED_PGP_AND_WALLET,0.98
P-75a7b2510b90,P-1a990ce207b1,SHARED_PGP_AND_WALLET,0.98
P-75a7b2510b90,P-1906d7243935,SHARED_PGP_AND_WALLET,0.98
P-333ed5770ed8,P-1a990ce207b1,SHARED_PGP_AND_WALLET,0.98
P-333ed5770ed8,P-1906d7243935,SHARED_PGP_AND_WALLET,0.98
P-1a990ce207b1,P-1906d7243935,SHARED_PGP_AND_WALLET,0.98
P-cf8ed5f0036c,P-cb3e08e2d700,SHARED_PGP_AND_WALLET,0.98
P-cf8ed5f0036c,P-ab33a479f7be,SHARED_PGP_AND_WALLET,0.98
P-cb3e08e2d700,P-ab33a479f7be,SHARED_PGP_AND_WALLET,0.98
P-8717a8784075,P-1ad61a4e3c8c,SHARED_PGP_AND_WALLET,0.98
P-a8142248219f,P-59380fd4413b,SHARED_PGP_AND_WALLET,0.98
P-644816cca6d6,P-0d16ff0c2d68,SHARED_PGP_AND_WALLET,0.98
P-fbb46d4cf97e,P-94735b77ca46,SHARED_PGP_AND_WALLET,0.98
P-8757bac39ee0,P-4ac51eb1d580,SHARED_PGP_AND_WALLET,0.98
P-8757bac39ee0,P-1bc15dd2afe4,SHARED_PGP_AND_WALLET,0.98
P-8757bac39ee0,P-69f10739a03b,SHARED_PGP_AND_WALLET,0.98
P-4ac51eb1d580,P-1bc15dd2afe4,SHARED_PGP_AND_WALLET,0.98
P-4ac51eb1d580,P-69f10739a03b,SHARED_PGP_AND_WALLET,0.98
P-1bc15dd2afe4,P-69f10739a03b,SHARED_PGP_AND_WALLET,0.98
P-2dcef264b590,P-59661fc1f57a,SHARED_PGP_AND_WALLET,0.98
P-eb3a01d02188,P-88c15d0450a6,SHARED_PGP_AND_WALLET,0.98
P-58aa7e6cda42,P-9633e2907b49,SHARED_PGP_AND_WALLET,0.98
P-58aa7e6cda42,P-1fff5deb15c0,SHARED_PGP_AND_WALLET,0.98
P-9633e2907b49,P-1fff5deb15c0,SHARED_PGP_AND_WALLET,0.98
P-419f6c81776e,P-3057e20d348c,SHARED_PGP_AND_WALLET,0.98
P-419f6c81776e,P-1bead4b6b85b,SHARED_PGP_AND_WALLET,0.98
P-419f6c81776e,P-4bf8919d6ecc,SHARED_PGP_AND_WALLET,0.98
P-3057e20d348c,P-1bead4b6b85b,SHARED_PGP_AND_WALLET,0.98
P-3057e20d348c,P-4bf8919d6ecc,SHARED_PGP_AND_WALLET,0.98
P-1bead4b6b85b,P-4bf8919d6ecc,SHARED_PGP_AND_WALLET,0.98
P-21ab20553e81,P-0b9a9f464198,SHARED_PGP_AND_WALLET,0.98
P-65db113e8242,P-753a06da0018,SHARED_PGP_AND_WALLET,0.98
P-ded34d55c022,P-62226068dd76,SHARED_PGP_AND_WALLET,0.98
P-ded34d55c022,P-207da5b954f1,SHARED_PGP_AND_WALLET,0.98
P-ded34d55c022,P-2c18f8107aa0,SHARED_PGP_AND_WALLET,0.98
P-62226068dd76,P-207da5b954f1,SHARED_PGP_AND_WALLET,0.98
P-62226068dd76,P-2c18f8107aa0,SHARED_PGP_AND_WALLET,0.98
P-207da5b954f1,P-2c18f8107aa0,SHARED_PGP_AND_WALLET,0.98
P-1ae68c482f3e,P-6ced3aadd150,SHARED_PGP_AND_WALLET,0.98
P-47cc7f8dd6c8,P-2ab103e383d1,SHARED_PGP_AND_WALLET,0.98
P-46c19cb72430,P-aaf8c93c9b81,SHARED_PGP_AND_WALLET,0.98
P-46c19cb72430,P-6898c0499b0c,SHARED_PGP_AND_WALLET,0.98
P-aaf8c93c9b81,P-6898c0499b0c,SHARED_PGP_AND_WALLET,0.98
P-a30807460e9a,P-51ace2cbb9cb,SHARED_PGP_AND_WALLET,0.98
P-7463f30816f1,P-22646f204307,SHARED_PGP_AND_WALLET,0.98
P-7463f30816f1,P-454bc8c13d6a,SHARED_PGP_AND_WALLET,0.98
P-7463f30816f1,P-a90149e7fb20,SHARED_PGP_AND_WALLET,0.98
P-22646f204307,P-454bc8c13d6a,SHARED_PGP_AND_WALLET,0.98
P-22646f204307,P-a90149e7fb20,SHARED_PGP_AND_WALLET,0.98
P-454bc8c13d6a,P-a90149e7fb20,SHARED_PGP_AND_WALLET,0.98
P-b589783756a6,P-55f0b93d70af,SHARED_PGP_AND_WALLET,0.98
P-67830022d951,P-fa905581114f,SHARED_PGP_AND_WALLET,0.98
P-67830022d951,P-c9e9d143b2d7,SHARED_PGP_AND_WALLET,0.98
P-fa905581114f,P-c9e9d143b2d7,SHARED_PGP_AND_WALLET,0.98
P-4b8a691524d7,P-70f1fae002c8,SHARED_PGP_AND_WALLET,0.98
P-4b8a691524d7,P-f50ff0e9ceb2,SHARED_PGP_AND_WALLET,0.98
P-70f1fae002c8,P-f50ff0e9ceb2,SHARED_PGP_AND_WALLET,0.98
P-33a87d6038cb,P-49c394a5012c,SHARED_PGP_AND_WALLET,0.98
P-76bbfbb85688,P-cabf03f5a100,SHARED_PGP_AND_WALLET,0.98
P-43cc4bf9e3ca,P-4fc389c348ac,SHARED_PGP_AND_WALLET,0.98
P-43cc4bf9e3ca,P-64ae42a354f3,SHARED_PGP_AND_WALLET,0.98
P-4fc389c348ac,P-64ae42a354f3,SHARED_PGP_AND_WALLET,0.98
P-41c533e9a710,P-caaf6d0498f1,SHARED_PGP_AND_WALLET,0.98
P-f5a0fa43f0d7,P-730238c13056,SHARED_PGP_AND_WALLET,0.98
P-f5a0fa43f0d7,P-ade5f3e961da,SHARED_PGP_AND_WALLET,0.98
P-730238c13056,P-ade5f3e961da,SHARED_PGP_AND_WALLET,0.98
P-6c2ecd65dbfd,P-cfd77e1da919,SHARED_PGP_AND_WALLET,0.98
P-6c2ecd65dbfd,P-83bdc7cb9dae,SHARED_PGP_AND_WALLET,0.98
P-cfd77e1da919,P-83bdc7cb9dae,SHARED_PGP_AND_WALLET,0.98
P-8ced41674e10,P-ebc934d19610,SHARED_PGP_AND_WALLET,0.98
P-8ced41674e10,P-1e7ff0c6de8a,SHARED_PGP_AND_WALLET,0.98
P-ebc934d19610,P-1e7ff0c6de8a,SHARED_PGP_AND_WALLET,0.98
P-3f110450a282,P-97ebb89d86b7,SHARED_PGP_AND_WALLET,0.98
P-3f110450a282,P-bf2903340d4b,SHARED_PGP_AND_WALLET,0.98
P-97ebb89d86b7,P-bf2903340d4b,SHARED_PGP_AND_WALLET,0.98
P-320f5257fd97,P-eca5f689c6ea,SHARED_PGP_AND_WALLET,0.98
P-320f5257fd97,P-1c3d06143b81,SHARED_PGP_AND_WALLET,0.98
P-320f5257fd97,P-c9b24ab31a2f,SHARED_PGP_AND_WALLET,0.98
P-eca5f689c6ea,P-1c3d06143b81,SHARED_PGP_AND_WALLET,0.98
P-eca5f689c6ea,P-c9b24ab31a2f,SHARED_PGP_AND_WALLET,0.98
P-1c3d06143b81,P-c9b24ab31a2f,SHARED_PGP_AND_WALLET,0.98
P-8b6147107543,P-3d12a9919181,SHARED_PGP_AND_WALLET,0.98
P-8b6147107543,P-4a2a3265323b,SHARED_PGP_AND_WALLET,0.98
P-8b6147107543,P-0fbbeff1eec2,SHARED_PGP_AND_WALLET,0.98
P-3d12a9919181,P-4a2a3265323b,SHARED_PGP_AND_WALLET,0.98
P-3d12a9919181,P-0fbbeff1eec2,SHARED_PGP_AND_WALLET,0.98
P-4a2a3265323b,P-0fbbeff1eec2,SHARED_PGP_AND_WALLET,0.98
P-099c813a8f9b,P-78456ef70f8d,SHARED_PGP_AND_WALLET,0.98
P-0e160ad12588,P-daee1d86b56b,SHARED_PGP_AND_WALLET,0.98
P-e81b5b23a32a,P-1917482715a4,SHARED_PGP_AND_WALLET,0.98
P-4eff2123a143,P-2a5915a1d8aa,SHARED_PGP_AND_WALLET,0.98
P-4eff2123a143,P-a050a7ad816c,SHARED_PGP_AND_WALLET,0.98
P-2a5915a1d8aa,P-a050a7ad816c,SHARED_PGP_AND_WALLET,0.98
P-e795ebbc05b0,P-e1173a5217f8,SHARED_PGP_AND_WALLET,0.98
P-46dfb174b7ad,P-76dca22330ad,SHARED_PGP_AND_WALLET,0.98
P-1a37257155cd,P-cab6459b896d,SHARED_PGP_AND_WALLET,0.98
P-1a37257155cd,P-6abbcc07d681,SHARED_PGP_AND_WALLET,0.98
P-1a37257155cd,P-83a55a4620c2,SHARED_PGP_AND_WALLET,0.98
P-cab6459b896d,P-6abbcc07d681,SHARED_PGP_AND_WALLET,0.98
P-cab6459b896d,P-83a55a4620c2,SHARED_PGP_AND_WALLET,0.98
P-6abbcc07d681,P-83a55a4620c2,SHARED_PGP_AND_WALLET,0.98
P-3b7c689a763e,P-6925c1a1e9ca,SHARED_PGP_AND_WALLET,0.98
P-3b7c689a763e,P-34bf2026ef1a,SHARED_PGP_AND_WALLET,0.98
P-6925c1a1e9ca,P-34bf2026ef1a,SHARED_PGP_AND_WALLET,0.98
P-9aba45b9d7dd,P-77d8f1b073f5,SHARED_PGP_AND_WALLET,0.98
P-9aba45b9d7dd,P-e861227472c0,SHARED_PGP_AND_WALLET,0.98
P-77d8f1b073f5,P-e861227472c0,SHARED_PGP_AND_WALLET,0.98
P-861ad1d9431f,P-e1fcd56f759a,SHARED_PGP_AND_WALLET,0.98
P-0dbfed0d9748,P-ceb3c74106b5,SHARED_PGP_AND_WALLET,0.98
P-85730bb6b0f3,P-b3340fb8dafb,SHARED_PGP_AND_WALLET,0.98
P-048b6c43b2c3,P-33e4ed60dc75,SHARED_PGP_AND_WALLET,0.98
P-048b6c43b2c3,P-5949e2bcc591,SHARED_PGP_AND_WALLET,0.98
P-048b6c43b2c3,P-ecc78cc17e7b,SHARED_PGP_AND_WALLET,0.98
P-33e4ed60dc75,P-5949e2bcc591,SHARED_PGP_AND_WALLET,0.98
P-33e4ed60dc75,P-ecc78cc17e7b,SHARED_PGP_AND_WALLET,0.98
P-5949e2bcc591,P-ecc78cc17e7b,SHARED_PGP_AND_WALLET,0.98
P-d6da3295439f,P-01364fe1af95,SHARED_PGP_AND_WALLET,0.98
P-d6da3295439f,P-3482c53c00da,SHARED_PGP_AND_WALLET,0.98
P-d6da3295439f,P-5e23efffd26b,SHARED_PGP_AND_WALLET,0.98
P-01364fe1af95,P-3482c53c00da,SHARED_PGP_AND_WALLET,0.98
P-01364fe1af95,P-5e23efffd26b,SHARED_PGP_AND_WALLET,0.98
P-3482c53c00da,P-5e23efffd26b,SHARED_PGP_AND_WALLET,0.98
P-de2df1425729,P-cd81e0d0e211,SHARED_PGP_AND_WALLET,0.98
P-0cf409a0974a,P-1c09e54175fe,SHARED_PGP_AND_WALLET,0.98
P-54cb4a418e57,P-61f2cc7fc405,SHARED_PGP_AND_WALLET,0.98
P-c03ed387d4fb,P-d8c0aef6d335,SHARED_PGP_AND_WALLET,0.98
P-c03ed387d4fb,P-241166986f3d,SHARED_PGP_AND_WALLET,0.98
P-c03ed387d4fb,P-e4cd14ad8b39,SHARED_PGP_AND_WALLET,0.98
P-d8c0aef6d335,P-241166986f3d,SHARED_PGP_AND_WALLET,0.98
P-d8c0aef6d335,P-e4cd14ad8b39,SHARED_PGP_AND_WALLET,0.98
P-241166986f3d,P-e4cd14ad8b39,SHARED_PGP_AND_WALLET,0.98
P-cc821962df3d,P-988e19bb7ae7,SHARED_PGP_AND_WALLET,0.98
P-cc821962df3d,P-74208f82b019,SHARED_PGP_AND_WALLET,0.98
P-988e19bb7ae7,P-74208f82b019,SHARED_PGP_AND_WALLET,0.98
P-a9ede6c31ca8,P-863047e50610,SHARED_PGP_AND_WALLET,0.98
P-a9ede6c31ca8,P-99f16c71f8e6,SHARED_PGP_AND_WALLET,0.98
P-a9ede6c31ca8,P-fa02f85fe1c0,SHARED_PGP_AND_WALLET,0.98
P-863047e50610,P-99f16c71f8e6,SHARED_PGP_AND_WALLET,0.98
P-863047e50610,P-fa02f85fe1c0,SHARED_PGP_AND_WALLET,0.98
P-99f16c71f8e6,P-fa02f85fe1c0,SHARED_PGP_AND_WALLET,0.98
P-b9a5c4f77a58,P-7835520c7d2e,SHARED_PGP_AND_WALLET,0.98
P-c7ddb10c96bd,P-d814a48c13d4,SHARED_PGP_AND_WALLET,0.98
P-c7ddb10c96bd,P-ad471ced7cb0,SHARED_PGP_AND_WALLET,0.98
P-c7ddb10c96bd,P-57917bdae1c4,SHARED_PGP_AND_WALLET,0.98
P-d814a48c13d4,P-ad471ced7cb0,SHARED_PGP_AND_WALLET,0.98
P-d814a48c13d4,P-57917bdae1c4,SHARED_PGP_AND_WALLET,0.98
P-ad471ced7cb0,P-57917bdae1c4,SHARED_PGP_AND_WALLET,0.98
P-7a9d537f5878,P-f6a9f02a3f10,SHARED_PGP_AND_WALLET,0.98
P-7a9d537f5878,P-2bf6d9c21c8d,SHARED_PGP_AND_WALLET,0.98
P-7a9d537f5878,P-6a37d5f893ac,SHARED_PGP_AND_WALLET,0.98
P-f6a9f02a3f10,P-2bf6d9c21c8d,SHARED_PGP_AND_WALLET,0.98
P-f6a9f02a3f10,P-6a37d5f893ac,SHARED_PGP_AND_WALLET,0.98
P-2bf6d9c21c8d,P-6a37d5f893ac,SHARED_PGP_AND_WALLET,0.98
P-6023607f70de,P-e89392d129eb,SHARED_PGP_AND_WALLET,0.98
P-6023607f70de,P-b7e848be7d76,SHARED_PGP_AND_WALLET,0.98
P-e89392d129eb,P-b7e848be7d76,SHARED_PGP_AND_WALLET,0.98
P-869611bc449d,P-6e16cd5376bc,SHARED_PGP_AND_WALLET,0.98
P-8e13cd9571dc,P-77f02296ce50,SHARED_PGP_AND_WALLET,0.98
P-8e13cd9571dc,P-4f2ef59f49f2,SHARED_PGP_AND_WALLET,0.98
P-77f02296ce50,P-4f2ef59f49f2,SHARED_PGP_AND_WALLET,0.98
P-2187224c3c19,P-6d308097280c,SHARED_PGP_AND_WALLET,0.98
P-2187224c3c19,P-1cc6ab79d3e4,SHARED_PGP_AND_WALLET,0.98
P-6d308097280c,P-1cc6ab79d3e4,SHARED_PGP_AND_WALLET,0.98
P-6448482fbed3,P-02614b46b477,SHARED_PGP_AND_WALLET,0.98
P-ca82c7bf8273,P-20fd791ecd67,SHARED_PGP_AND_WALLET,0.98
P-ca82c7bf8273,P-96658d3ec3bb,SHARED_PGP_AND_WALLET,0.98
P-ca82c7bf8273,P-bad98134a403,SHARED_PGP_AND_WALLET,0.98
P-20fd791ecd67,P-96658d3ec3bb,SHARED_PGP_AND_WALLET,0.98
P-20fd791ecd67,P-bad98134a403,SHARED_PGP_AND_WALLET,0.98
P-96658d3ec3bb,P-bad98134a403,SHARED_PGP_AND_WALLET,0.98
P-4df773020ea2,P-7b1111f6af9b,SHARED_PGP_AND_WALLET,0.98
P-4df773020ea2,P-3a7b400ee6b3,SHARED_PGP_AND_WALLET,0.98
P-4df773020ea2,P-e72ecfbc2f68,SHARED_PGP_AND_WALLET,0.98
P-7b1111f6af9b,P-3a7b400ee6b3,SHARED_PGP_AND_WALLET,0.98
P-7b1111f6af9b,P-e72ecfbc2f68,SHARED_PGP_AND_WALLET,0.98
P-3a7b400ee6b3,P-e72ecfbc2f68,SHARED_PGP_AND_WALLET,0.98
P-d98d8fbef406,P-f0fa237eb987,SHARED_PGP_AND_WALLET,0.98
P-c77bd4c97fca,P-32ca96c607a3,SHARED_PGP_AND_WALLET,0.98
P-c77bd4c97fca,P-bcef15106936,SHARED_PGP_AND_WALLET,0.98
P-32ca96c607a3,P-bcef15106936,SHARED_PGP_AND_WALLET,0.98
P-2f030afb4639,P-474b00899f06,SHARED_PGP_AND_WALLET,0.98
P-22704407b9d9,P-f4f02014a22e,SHARED_PGP_AND_WALLET,0.98
P-22704407b9d9,P-b03bf399265c,SHARED_PGP_AND_WALLET,0.98
P-22704407b9d9,P-f7689388e62d,SHARED_PGP_AND_WALLET,0.98
P-f4f02014a22e,P-b03bf399265c,SHARED_PGP_AND_WALLET,0.98
P-f4f02014a22e,P-f7689388e62d,SHARED_PGP_AND_WALLET,0.98
P-b03bf399265c,P-f7689388e62d,SHARED_PGP_AND_WALLET,0.98
P-87747dfed7b6,P-5a32c22febe4,SHARED_PGP_AND_WALLET,0.98
P-87747dfed7b6,P-42a75d2189a1,SHARED_PGP_AND_WALLET,0.98
P-5a32c22febe4,P-42a75d2189a1,SHARED_PGP_AND_WALLET,0.98
P-f850e5fa08a6,P-a6c0c16cc078,SHARED_PGP_AND_WALLET,0.98
P-f850e5fa08a6,P-993e5a93380b,SHARED_PGP_AND_WALLET,0.98
P-a6c0c16cc078,P-993e5a93380b,SHARED_PGP_AND_WALLET,0.98
P-f2a313201f7b,P-dc3df20cd8e1,SHARED_PGP_AND_WALLET,0.98
P-f2a313201f7b,P-779ce15a44d7,SHARED_PGP_AND_WALLET,0.98
P-f2a313201f7b,P-b92c6215e440,SHARED_PGP_AND_WALLET,0.98
P-dc3df20cd8e1,P-779ce15a44d7,SHARED_PGP_AND_WALLET,0.98
P-dc3df20cd8e1,P-b92c6215e440,SHARED_PGP_AND_WALLET,0.98
P-779ce15a44d7,P-b92c6215e440,SHARED_PGP_AND_WALLET,0.98
P-eeb65b92569b,P-17562c8ed131,SHARED_PGP_AND_WALLET,0.98
P-eeb65b92569b,P-06a4f32d283e,SHARED_PGP_AND_WALLET,0.98
P-17562c8ed131,P-06a4f32d283e,SHARED_PGP_AND_WALLET,0.98
P-e0f26c75503a,P-0243407bb130,SHARED_PGP_AND_WALLET,0.98
P-e0f26c75503a,P-3f8234aec406,SHARED_PGP_AND_WALLET,0.98
P-0243407bb130,P-3f8234aec406,SHARED_PGP_AND_WALLET,0.98
P-86b058037d8b,P-5e0711c09e25,SHARED_PGP_AND_WALLET,0.98
P-a164487c5d55,P-a442732561b8,SHARED_PGP_AND_WALLET,0.98
P-a164487c5d55,P-6e92223cd829,SHARED_PGP_AND_WALLET,0.98
P-a164487c5d55,P-9bfd8a1131f7,SHARED_PGP_AND_WALLET,0.98
P-a442732561b8,P-6e92223cd829,SHARED_PGP_AND_WALLET,0.98
P-a442732561b8,P-9bfd8a1131f7,SHARED_PGP_AND_WALLET,0.98
P-6e92223cd829,P-9bfd8a1131f7,SHARED_PGP_AND_WALLET,0.98
P-0407c29e902a,P-8919c91012f9,SHARED_PGP_AND_WALLET,0.98
P-69eb83df6e9c,P-f3fa534197e9,SHARED_PGP_AND_WALLET,0.98
P-ea6a04d38adc,P-69e8caf8f1b6,SHARED_PGP_AND_WALLET,0.98
P-ea6a04d38adc,P-3e2d50c72fd8,SHARED_PGP_AND_WALLET,0.98
P-ea6a04d38adc,P-2f0352244bae,SHARED_PGP_AND_WALLET,0.98
P-69e8caf8f1b6,P-3e2d50c72fd8,SHARED_PGP_AND_WALLET,0.98
P-69e8caf8f1b6,P-2f0352244bae,SHARED_PGP_AND_WALLET,0.98
P-3e2d50c72fd8,P-2f0352244bae,SHARED_PGP_AND_WALLET,0.98
P-1de3125135c7,P-3d669ecd4eb5,SHARED_PGP_AND_WALLET,0.98
P-1de3125135c7,P-474df353709b,SHARED_PGP_AND_WALLET,0.98
P-3d669ecd4eb5,P-474df353709b,SHARED_PGP_AND_WALLET,0.98
P-f3c439562075,P-61a82c0c41b8,SHARED_PGP_AND_WALLET,0.98
P-97c550546360,P-cd8f65108d1d,SHARED_PGP_AND_WALLET,0.98
P-50b04890b6bb,P-7e6bb293e360,SHARED_PGP_AND_WALLET,0.98
P-248255bff768,P-adc2b84f2733,SHARED_PGP_AND_WALLET,0.98
P-d7d9a6278391,P-fb9a4aa9249d,SHARED_PGP_AND_WALLET,0.98
P-d7d9a6278391,P-f16265b9cbf1,SHARED_PGP_AND_WALLET,0.98
P-fb9a4aa9249d,P-f16265b9cbf1,SHARED_PGP_AND_WALLET,0.98
P-e25daab038f6,P-3f7240bfae45,VOUCHED_FOR,0.85
P-69dd79ec8c57,P-8906109d4cdb,VOUCHED_FOR,0.75
P-e3a7506c6ad2,P-6965b23e4e93,VOUCHED_FOR,0.57
P-4d4fc776f342,P-ca4f71343581,VOUCHED_FOR,0.46
P-4f09b3ceb0e0,P-4a3f5c007f26,VOUCHED_FOR,0.5
P-0eeec7abfbc6,P-93ce8db8d041,VOUCHED_FOR,0.86
P-1fff5deb15c0,P-6a37d5f893ac,VOUCHED_FOR,0.62
P-1319b567b413,P-ab33a479f7be,VOUCHED_FOR,0.55
P-deb451f04838,P-1bc15dd2afe4,VOUCHED_FOR,0.45
P-92bf89f50973,P-82302b93c76e,VOUCHED_FOR,0.83
P-2bf6d9c21c8d,P-268a72d5aa4f,VOUCHED_FOR,0.5
P-ad6036c1d081,P-c29777a38aea,VOUCHED_FOR,0.72
P-4737d0c924bc,P-794f8b99045f,VOUCHED_FOR,0.85
P-dbdfe56e5820,P-074ea7ad8bdc,VOUCHED_FOR,0.59
P-21176e55f0e5,P-66bbb5dd03af,VOUCHED_FOR,0.87
P-66bbb5dd03af,P-69f10739a03b,VOUCHED_FOR,0.59
P-f6d6dab55aa2,P-1dfdc457af6d,VOUCHED_FOR,0.55
P-9e60476116df,P-6d308097280c,VOUCHED_FOR,0.55
P-f5c665fa5e74,P-45daf59984da,VOUCHED_FOR,0.45
P-ad7b677e18d7,P-da94c185eba4,VOUCHED_FOR,0.4
P-66269a472c5a,P-cd8f65108d1d,VOUCHED_FOR,0.44
P-d9097deae8d8,P-c83ca98e9c0b,VOUCHED_FOR,0.86
P-9ee0bc74159a,P-5fee46ff17ca,VOUCHED_FOR,0.7
P-a8d9c3ffbcdd,P-42a75d2189a1,VOUCHED_FOR,0.61
P-4bf8919d6ecc,P-c29777a38aea,VOUCHED_FOR,0.54
P-41ed11c7b90b,P-77e7b8132c69,VOUCHED_FOR,0.48
P-e1cf4db31af1,P-ebd9407e846f,VOUCHED_FOR,0.46
P-2bf6d9c21c8d,P-865581ebd772,VOUCHED_FOR,0.67
P-92bf89f50973,P-454bc8c13d6a,VOUCHED_FOR,0.87
P-74889886d5d6,P-0ebd520f23c5,VOUCHED_FOR,0.72
P-ccdc1182b515,P-5071cd549f81,VOUCHED_FOR,0.76
P-604b8ddb7d01,P-5ed24415b973,VOUCHED_FOR,0.58
P-d3f13d4e3a9c,P-b6931bf2963a,VOUCHED_FOR,0.85
P-de929041ac9f,P-058666ee5209,VOUCHED_FOR,0.61
P-57917bdae1c4,P-9c4e5093447a,VOUCHED_FOR,0.85
P-ee7fbee2899f,P-711655afcda7,VOUCHED_FOR,0.87
P-5595d635163a,P-70f2409b0273,VOUCHED_FOR,0.46
P-b5f4d2146500,P-400597dafd36,VOUCHED_FOR,0.45
P-aa4061faee3b,P-69f10739a03b,VOUCHED_FOR,0.55
P-0ebd520f23c5,P-f32b85be3ff9,VOUCHED_FOR,0.69
P-1c2c5c2713ef,P-97b09616d198,VOUCHED_FOR,0.83
P-573cacd7b90c,P-1319b567b413,VOUCHED_FOR,0.81
P-d58aa58e2e1b,P-4df497db07e2,VOUCHED_FOR,0.87
P-9c4e5093447a,P-19125f89395a,VOUCHED_FOR,0.83
P-7ff08e821ab2,P-edea9294d1a5,VOUCHED_FOR,0.74
P-ac367708a8b0,P-4d8369020778,VOUCHED_FOR,0.56
P-3f8234aec406,P-ac367708a8b0,VOUCHED_FOR,0.72
P-ad6036c1d081,P-9ffccbb76aab,VOUCHED_FOR,0.46
P-268a72d5aa4f,P-b20e4748602a,VOUCHED_FOR,0.68
P-b5f4d2146500,P-44c28923d660,VOUCHED_FOR,0.83
P-7f2045ba50dd,P-f2149482e2e3,VOUCHED_FOR,0.73
P-5f1826f675b6,P-72208ee4be2a,VOUCHED_FOR,0.58
P-4737d0c924bc,P-3e2d50c72fd8,VOUCHED_FOR,0.74
P-53bd6a6d6a6f,P-542c4c643583,VOUCHED_FOR,0.53
P-b89c0397f3bf,P-ad76c32cec4a,VOUCHED_FOR,0.53
P-5949e2bcc591,P-acca04beee58,VOUCHED_FOR,0.44
P-69f10739a03b,P-74208f82b019,VOUCHED_FOR,0.64
P-5c55de12358f,P-3b6c1798d5e4,VOUCHED_FOR,0.46
P-5c9fcc867794,P-c17c0ac5c7b9,VOUCHED_FOR,0.49
P-6e2325834ec9,P-cbcf16ad78de,VOUCHED_FOR,0.78
P-2ef845d53dd9,P-c932f0a1b1e5,VOUCHED_FOR,0.75
P-42a75d2189a1,P-a8d9c3ffbcdd,VOUCHED_FOR,0.43
P-6d5fd08bbdfa,P-36df875ab0f9,VOUCHED_FOR,0.7
P-3a7b400ee6b3,P-4d4fc776f342,VOUCHED_FOR,0.45
P-4d716e26ad6b,P-b06c9c2c8119,VOUCHED_FOR,0.47
P-e7f902f1ed14,P-2cc250d20d52,VOUCHED_FOR,0.74
P-817232aeb29b,P-7fe097a92d67,VOUCHED_FOR,0.78
P-f51dd0a360dc,P-782c01e26cf0,VOUCHED_FOR,0.74
P-342e6076449b,P-2c18f8107aa0,VOUCHED_FOR,0.49
P-83a55a4620c2,P-b89c0397f3bf,VOUCHED_FOR,0.69
P-1906d7243935,P-0edefbdd6928,VOUCHED_FOR,0.75
P-6a66b80a82e3,P-36df875ab0f9,VOUCHED_FOR,0.49
P-daaf65cbc8e7,P-ad36d47f5e01,VOUCHED_FOR,0.87
P-1cd14ecbf7c3,P-f61d3b728999,VOUCHED_FOR,0.68
P-83a55a4620c2,P-7a804facb29c,VOUCHED_FOR,0.74
P-06536c6c0d69,P-e7f902f1ed14,VOUCHED_FOR,0.81
P-6c1c7bea24c1,P-007e9e7c61d0,VOUCHED_FOR,0.7
P-8f12f53eb6d5,P-4ca9bee9e198,VOUCHED_FOR,0.6
P-82302b93c76e,P-3f7240bfae45,VOUCHED_FOR,0.6
P-0530575df64a,P-7fa87e47490e,VOUCHED_FOR,0.71
P-d8b1352f748e,P-66bbb5dd03af,VOUCHED_FOR,0.76
P-4a872584b235,P-3dc57f1f3c8f,VOUCHED_FOR,0.64
P-9e052798e133,P-21ab20553e81,VOUCHED_FOR,0.79
P-deaaeb8afaa0,P-b3340fb8dafb,VOUCHED_FOR,0.83
P-a75a280662f3,P-d55bb40bbffa,VOUCHED_FOR,0.72
P-a8d9c3ffbcdd,P-3a7b400ee6b3,VOUCHED_FOR,0.84
P-5595d635163a,P-18b07dc3f132,VOUCHED_FOR,0.75
P-45db1d1e1c2a,P-7b23e5943257,VOUCHED_FOR,0.76
P-8200a2d7dac8,P-c8470533724a,VOUCHED_FOR,0.54
P-8200a2d7dac8,P-8a97f4175b88,VOUCHED_FOR,0.88
P-0952790149e2,P-0eeec7abfbc6,VOUCHED_FOR,0.48
P-f32b85be3ff9,P-1bcd2ea1e800,VOUCHED_FOR,0.62
P-ce874f909ad9,P-a90149e7fb20,VOUCHED_FOR,0.81
P-d0e0b8669f07,P-993e5a93380b,VOUCHED_FOR,0.62
P-c0724fb52de0,P-4ac51eb1d580,VOUCHED_FOR,0.59
P-99c1fe5e4ebb,P-be0c41f91a40,VOUCHED_FOR,0.78
P-deb451f04838,P-7f2045ba50dd,VOUCHED_FOR,0.58
P-1bead4b6b85b,P-573cacd7b90c,VOUCHED_FOR,0.47
P-d8bcdf79f1b4,P-4a4f655d1cb5,VOUCHED_FOR,0.41
P-76c3739ac2f6,P-ed7c1c9ae590,VOUCHED_FOR,0.56
P-f3a0d2bccc65,P-374acb5db2cb,VOUCHED_FOR,0.48
P-48aa4d792d0f,P-71a65af33eec,VOUCHED_FOR,0.49
P-f16265b9cbf1,P-ed0034b44729,VOUCHED_FOR,0.61
P-8757bac39ee0,P-08c378ee0272,VOUCHED_FOR,0.57
P-7c7b86a0abd5,P-f0fa237eb987,VOUCHED_FOR,0.56
P-97b09616d198,P-ed7c1c9ae590,VOUCHED_FOR,0.47
P-af9c362cee18,P-4f09b3ceb0e0,VOUCHED_FOR,0.6
P-33a87d6038cb,P-4290b3f3643d,VOUCHED_FOR,0.7
P-4d4fc776f342,P-db09903e849f,VOUCHED_FOR,0.73
P-bae66d5f82f2,P-dc6abebba02c,VOUCHED_FOR,0.69
P-56d1d4aabad4,P-fa46eff8ca4e,VOUCHED_FOR,0.75
P-8da05885e783,P-f32b85be3ff9,VOUCHED_FOR,0.67
P-51f7171ec76e,P-1c2c5c2713ef,VOUCHED_FOR,0.61
P-0d67e8a4e021,P-25067d4bd047,VOUCHED_FOR,0.85
P-74889886d5d6,P-f32b85be3ff9,VOUCHED_FOR,0.7
P-779ce15a44d7,P-ed7c1c9ae590,VOUCHED_FOR,0.67
P-711655afcda7,P-b03bf399265c,VOUCHED_FOR,0.49
P-be04d024f314,P-1917482715a4,VOUCHED_FOR,0.7
P-b68a46b395f0,P-6d308097280c,VOUCHED_FOR,0.67
P-19125f89395a,P-1a652f7767ad,VOUCHED_FOR,0.82
P-deb451f04838,P-342e6076449b,VOUCHED_FOR,0.44
P-c8470533724a,P-97b09616d198,VOUCHED_FOR,0.83
P-03e94130f710,P-ac367708a8b0,VOUCHED_FOR,0.59
P-4df497db07e2,P-83a55a4620c2,VOUCHED_FOR,0.47
P-3c037beb716e,P-88fc88198b82,VOUCHED_FOR,0.51
P-dc26cc0c67f4,P-fe0690b2ebb5,VOUCHED_FOR,0.8
P-8a97f4175b88,P-76c3739ac2f6,VOUCHED_FOR,0.78
P-ed0034b44729,P-2bf6d9c21c8d,VOUCHED_FOR,0.79
P-c2b03c495315,P-7a804facb29c,VOUCHED_FOR,0.54
P-03c1b819de04,P-a361c2bae47a,VOUCHED_FOR,0.65
P-56d1d4aabad4,P-4a3f5c007f26,VOUCHED_FOR,0.78
P-ade5f3e961da,P-6c86faf6aef9,VOUCHED_FOR,0.54
P-f6d6dab55aa2,P-ad76c32cec4a,VOUCHED_FOR,0.41
P-a070cc1a36e8,P-64ae42a354f3,VOUCHED_FOR,0.6
P-ecc78cc17e7b,P-c83ca98e9c0b,VOUCHED_FOR,0.61
P-241166986f3d,P-01505e1ce9aa,VOUCHED_FOR,0.69
P-79be644a4ee7,P-db09903e849f,VOUCHED_FOR,0.62
P-83a55a4620c2,P-c2b03c495315,VOUCHED_FOR,0.62
P-91d9170380e7,P-b783df668b0a,VOUCHED_FOR,0.86
P-21ea0996fd25,P-5e6b804ba43b,VOUCHED_FOR,0.56
P-8200a2d7dac8,P-76c3739ac2f6,VOUCHED_FOR,0.55
P-241166986f3d,P-690b949f7c10,VOUCHED_FOR,0.7
P-e25daab038f6,P-ccdec0470497,VOUCHED_FOR,0.49
P-972ecc1c2efb,P-857b654aa701,VOUCHED_FOR,0.82
P-34dc710aaedb,P-ddc7c3a88737,VOUCHED_FOR,0.74
P-51f7171ec76e,P-2f0352244bae,VOUCHED_FOR,0.47
P-ca6a75923ab8,P-f5049d8554bb,VOUCHED_FOR,0.85
P-427bd43eb56a,P-30f992cb96e8,VOUCHED_FOR,0.87
P-79be644a4ee7,P-ca4f71343581,VOUCHED_FOR,0.56
P-36f38fdeee18,P-1e75ec5eb465,VOUCHED_FOR,0.66
P-4737d0c924bc,P-2a5b4b26283b,VOUCHED_FOR,0.73
P-61d58c87c435,P-a9dab1dcd1b8,VOUCHED_FOR,0.62
P-cbd474eab9c4,P-cab6459b896d,VOUCHED_FOR,0.82
P-b68a46b395f0,P-782c01e26cf0,VOUCHED_FOR,0.71
P-9a341f6fef6b,P-c15940494fb1,VOUCHED_FOR,0.71
P-74889886d5d6,P-0fc415545bbe,VOUCHED_FOR,0.42
P-da030cfcd4e7,P-9f948902edd1,VOUCHED_FOR,0.86
P-11348c3b8d48,P-b8f7995cb8fd,VOUCHED_FOR,0.56
P-a070cc1a36e8,P-ccdec0470497,VOUCHED_FOR,0.41
P-3b0529f864d8,P-1c4d2cce8a04,VOUCHED_FOR,0.72
P-1bcd2ea1e800,P-4d1d178940db,VOUCHED_FOR,0.43
P-0eeec7abfbc6,P-78a84d1b8f81,VOUCHED_FOR,0.5
P-0c1363206540,P-7e07247a5a85,VOUCHED_FOR,0.57
P-dd8a055b7d4d,P-ee7c84371783,VOUCHED_FOR,0.64
P-60b8f8ec124f,P-d8bcdf79f1b4,VOUCHED_FOR,0.47
P-99657be155b7,P-56616a7bef99,VOUCHED_FOR,0.76
P-34b431bee87e,P-5fee46ff17ca,VOUCHED_FOR,0.65
P-99c5c0e59ab0,P-983ef1c3fd3b,VOUCHED_FOR,0.56
P-474df353709b,P-db09903e849f,VOUCHED_FOR,0.59
P-82302b93c76e,P-92bf89f50973,VOUCHED_FOR,0.41
P-2b12f8d04fd4,P-5e8f2fd54677,VOUCHED_FOR,0.49
P-f3f2d5f2e47f,P-de2df1425729,VOUCHED_FOR,0.45
P-93ce8db8d041,P-0eeec7abfbc6,VOUCHED_FOR,0.75
P-44c28923d660,P-84701739a3bc,VOUCHED_FOR,0.57
P-1f67f48ff005,P-6f2bab2d925b,VOUCHED_FOR,0.51
P-be8d0cf94187,P-86e67a464eb4,VOUCHED_FOR,0.41
P-30440d5c11fa,P-e8bacde0d437,VOUCHED_FOR,0.49
P-7e75752c98dd,P-45db1d1e1c2a,VOUCHED_FOR,0.85
P-342e6076449b,P-d0e0b8669f07,VOUCHED_FOR,0.87
P-6b479c057d8e,P-b7e848be7d76,VOUCHED_FOR,0.64
P-06a4f32d283e,P-dd049996d40a,VOUCHED_FOR,0.78
P-0bdccdc1bc7f,P-45e887cbb659,VOUCHED_FOR,0.7
P-347a89677f8a,P-5706fe298a21,VOUCHED_FOR,0.7
P-7463f30816f1,P-f1ec1aa3fe6b,VOUCHED_FOR,0.85
P-6e7857105747,P-b5f4d2146500,VOUCHED_FOR,0.75
P-4a4f655d1cb5,P-00badace2bcf,VOUCHED_FOR,0.58
P-3f7240bfae45,P-ccdec0470497,VOUCHED_FOR,0.76
P-ab33a479f7be,P-6c86faf6aef9,VOUCHED_FOR,0.54
P-ba579b529200,P-58634a625eb4,VOUCHED_FOR,0.47
P-5949e2bcc591,P-a90149e7fb20,VOUCHED_FOR,0.84
P-ceb3c74106b5,P-47b9e6d229a9,VOUCHED_FOR,0.76
P-107029c835db,P-6a37d5f893ac,VOUCHED_FOR,0.85
P-76c3739ac2f6,P-1c2c5c2713ef,VOUCHED_FOR,0.45
P-c287574ad406,P-c6e334ec945b,VOUCHED_FOR,0.53
P-43143e6a2f95,P-0fc415545bbe,VOUCHED_FOR,0.43
P-8da05885e783,P-74889886d5d6,VOUCHED_FOR,0.43
P-1c3d06143b81,P-107029c835db,VOUCHED_FOR,0.42
P-8906109d4cdb,P-69dd79ec8c57,VOUCHED_FOR,0.48
P-dd629649570c,P-523e1164aa08,VOUCHED_FOR,0.42
P-d8c0aef6d335,P-8dd323150b52,VOUCHED_FOR,0.74
P-2f9d67f4f85c,P-779ce15a44d7,VOUCHED_FOR,0.53
P-d8b1352f748e,P-74208f82b019,VOUCHED_FOR,0.49
P-0fc415545bbe,P-279f479df5b0,VOUCHED_FOR,0.88
P-6e33495ed5cd,P-eeb65b92569b,VOUCHED_FOR,0.81
P-1e7ff0c6de8a,P-71a65af33eec,VOUCHED_FOR,0.74
P-ab18390023da,P-05d008f7f517,VOUCHED_FOR,0.44
P-ecc78cc17e7b,P-3482c53c00da,VOUCHED_FOR,0.66
P-2716ebfc77c2,P-c83ca98e9c0b,VOUCHED_FOR,0.55
P-87513f0db60b,P-ca53ccaeeffb,VOUCHED_FOR,0.62
P-d36c98139606,P-c83ca98e9c0b,VOUCHED_FOR,0.79
P-560fc0091dcf,P-8a97f4175b88,VOUCHED_FOR,0.6
P-8abfe9ed8f1b,P-bae66d5f82f2,VOUCHED_FOR,0.52
P-1b2c5cfacd8d,P-4c2f62efd775,VOUCHED_FOR,0.71
P-a90149e7fb20,P-6b9de2aa7f3d,VOUCHED_FOR,0.81
P-874df6c6c396,P-ed576d06b862,VOUCHED_FOR,0.64
P-cc0c53176778,P-e53b36b9af40,VOUCHED_FOR,0.56
P-6abbcc07d681,P-454bc8c13d6a,VOUCHED_FOR,0.48
P-404f86b96af3,P-db90311bd1e6,VOUCHED_FOR,0.8
P-687639ceab6d,P-7e31f0892a08,VOUCHED_FOR,0.82
P-3e2d50c72fd8,P-7039a45a82d1,VOUCHED_FOR,0.65
P-7e07247a5a85,P-654150a97bf5,VOUCHED_FOR,0.85
P-21176e55f0e5,P-1fff5deb15c0,VOUCHED_FOR,0.51
P-f32b85be3ff9,P-0fc415545bbe,VOUCHED_FOR,0.46
P-6a9471d1b513,P-bad98134a403,VOUCHED_FOR,0.51
P-c4ef0503cd35,P-809eaafdaaab,VOUCHED_FOR,0.51
P-92bf89f50973,P-cc0c53176778,VOUCHED_FOR,0.8
P-83a55a4620c2,P-1a401a7cea41,VOUCHED_FOR,0.83
P-5da21d227faf,P-af9c362cee18,VOUCHED_FOR,0.47
P-8cfbfd5cd3b9,P-7a314a7c5bab,VOUCHED_FOR,0.52
P-655ac1377ae1,P-a08a2345afac,VOUCHED_FOR,0.66
P-f0fa237eb987,P-e7a03d37af26,VOUCHED_FOR,0.49
P-5706fe298a21,P-d60cde2a182a,VOUCHED_FOR,0.46
P-e1f63dd2a859,P-d9a6d7d85296,VOUCHED_FOR,0.52
P-e8852e4453b0,P-77f02296ce50,VOUCHED_FOR,0.57
P-690b949f7c10,P-655ac1377ae1,VOUCHED_FOR,0.56
P-d9097deae8d8,P-d36c98139606,VOUCHED_FOR,0.61
P-0c1363206540,P-6d5fd08bbdfa,VOUCHED_FOR,0.7
P-f3a90e549a08,P-11729ff60d78,VOUCHED_FOR,0.87
P-8200a2d7dac8,P-2f0352244bae,VOUCHED_FOR,0.41
P-0fc415545bbe,P-1bcd2ea1e800,VOUCHED_FOR,0.76
P-e8852e4453b0,P-6e02119a5684,VOUCHED_FOR,0.68
P-3482c53c00da,P-7fa87e47490e,VOUCHED_FOR,0.58
P-779ce15a44d7,P-51f7171ec76e,VOUCHED_FOR,0.63
P-61d58c87c435,P-9bfd8a1131f7,VOUCHED_FOR,0.52
P-7de210f66d60,P-0ebd520f23c5,VOUCHED_FOR,0.62
P-7e75752c98dd,P-a8d9c3ffbcdd,VOUCHED_FOR,0.87
P-dd71c1d6159f,P-8a9077678422,VOUCHED_FOR,0.67
P-0fc415545bbe,P-74889886d5d6,VOUCHED_FOR,0.69
P-3db2ba023d6c,P-7dbd9fb09396,VOUCHED_FOR,0.46
P-5776ce980ade,P-c7f9bea3bd1a,VOUCHED_FOR,0.64
P-b0bd96e71aa5,P-d55bb40bbffa,VOUCHED_FOR,0.67
P-9bfd8a1131f7,P-c15940494fb1,VOUCHED_FOR,0.52
P-1de44c91a50c,P-b0bf984f7a5e,VOUCHED_FOR,0.64
P-b0bd96e71aa5,P-83bdc7cb9dae,VOUCHED_FOR,0.48
P-972ecc1c2efb,P-75cad8349686,VOUCHED_FOR,0.45
P-3e22d245f75d,P-a34c4abc4ca4,VOUCHED_FOR,0.63
P-4796f179e154,P-ac7ec7883fa3,VOUCHED_FOR,0.77
P-f7689388e62d,P-cc0c53176778,VOUCHED_FOR,0.77
P-58634a625eb4,P-1fc0884c16ea,VOUCHED_FOR,0.51
P-1cc6ab79d3e4,P-3187de6421a0,VOUCHED_FOR,0.74
P-0ebd520f23c5,P-7fb2ee60140c,VOUCHED_FOR,0.48
P-3bfefe6e283e,P-6b915d9ea709,VOUCHED_FOR,0.67
P-6965b23e4e93,P-ce874f909ad9,VOUCHED_FOR,0.78
P-6c86faf6aef9,P-ade5f3e961da,VOUCHED_FOR,0.65
P-f32b85be3ff9,P-7de210f66d60,VOUCHED_FOR,0.66
P-7da3d2ec591a,P-659cfe204218,VOUCHED_FOR,0.53
P-257596a5f1c0,P-61d58c87c435,VOUCHED_FOR,0.43
P-3f8234aec406,P-7192595a20bc,VOUCHED_FOR,0.63
P-4a3f5c007f26,P-e59d1a51dc6d,VOUCHED_FOR,0.46
P-ceb0bd4cc2ea,P-753daf951164,VOUCHED_FOR,0.72
P-acca04beee58,P-6b9de2aa7f3d,VOUCHED_FOR,0.58
P-b765e8eeb469,P-03e94130f710,VOUCHED_FOR,0.87
P-21176e55f0e5,P-98c6aeb2c7c0,VOUCHED_FOR,0.6
P-c15940494fb1,P-71a65af33eec,VOUCHED_FOR,0.5
P-400597dafd36,P-b5f4d2146500,VOUCHED_FOR,0.41
P-193d28e50d38,P-e795ebbc05b0,VOUCHED_FOR,0.41
P-6da67092d2e3,P-c9b24ab31a2f,VOUCHED_FOR,0.4
P-b8f7995cb8fd,P-33d20a53618d,VOUCHED_FOR,0.81
P-93ce8db8d041,P-6898c0499b0c,VOUCHED_FOR,0.63
P-2f9d67f4f85c,P-51f7171ec76e,VOUCHED_FOR,0.48
P-9bfd8a1131f7,P-4a2a3265323b,VOUCHED_FOR,0.81
P-812100a983bf,P-12b3760a1319,VOUCHED_FOR,0.46
P-e59d1a51dc6d,P-c7f9bea3bd1a,VOUCHED_FOR,0.63
P-bf93d6865583,P-3ca8816711c6,VOUCHED_FOR,0.52
P-ab33a479f7be,P-1319b567b413,VOUCHED_FOR,0.85
P-4d8369020778,P-a5491086811d,VOUCHED_FOR,0.76
P-8fca176b7773,P-099c813a8f9b,VOUCHED_FOR,0.59
P-6898c0499b0c,P-e18f4c60070f,VOUCHED_FOR,0.59
P-a3ff8dcd0da4,P-b20e4748602a,VOUCHED_FOR,0.84
P-97b09616d198,P-779ce15a44d7,VOUCHED_FOR,0.64
P-ab33a479f7be,P-573cacd7b90c,VOUCHED_FOR,0.52
P-56d1d4aabad4,P-af9c362cee18,VOUCHED_FOR,0.77
P-bae66d5f82f2,P-6c86faf6aef9,VOUCHED_FOR,0.6
P-61d58c87c435,P-8a9cf2d35cdd,VOUCHED_FOR,0.77
P-8801755d6ce5,P-3e6baf8fd7eb,VOUCHED_FOR,0.59
P-acca04beee58,P-a90149e7fb20,VOUCHED_FOR,0.87
P-db09903e849f,P-42a75d2189a1,VOUCHED_FOR,0.66
P-8a97f4175b88,P-c8470533724a,VOUCHED_FOR,0.59
P-43143e6a2f95,P-4d1d178940db,VOUCHED_FOR,0.84
P-4c23df8ae00d,P-a3ff8dcd0da4,VOUCHED_FOR,0.56
P-0fc415545bbe,P-f32b85be3ff9,VOUCHED_FOR,0.66
P-865581ebd772,P-4c23df8ae00d,VOUCHED_FOR,0.7
P-bf146088a347,P-9fe7305f0198,VOUCHED_FOR,0.65
P-474df353709b,P-7b23e5943257,VOUCHED_FOR,0.84
P-db90311bd1e6,P-ee7fbee2899f,VOUCHED_FOR,0.87
P-2c743ca1ab6f,P-d58aa58e2e1b,VOUCHED_FOR,0.72
P-984f69af1478,P-9fe7305f0198,VOUCHED_FOR,0.6
P-aa4061faee3b,P-1c3d06143b81,VOUCHED_FOR,0.69
P-e4cd14ad8b39,P-4fc389c348ac,VOUCHED_FOR,0.73
P-4d1d178940db,P-7fb2ee60140c,VOUCHED_FOR,0.55
P-9c1bc51768b3,P-6b9de2aa7f3d,VOUCHED_FOR,0.48
P-631047a93197,P-44c28923d660,VOUCHED_FOR,0.69
P-6abbcc07d681,P-e25daab038f6,VOUCHED_FOR,0.49
P-64ae42a354f3,P-92bf89f50973,VOUCHED_FOR,0.58
P-1bc15dd2afe4,P-c0c5e68b6d8a,VOUCHED_FOR,0.85
P-6b9de2aa7f3d,P-ce874f909ad9,VOUCHED_FOR,0.47
P-dc3df20cd8e1,P-c8feef545bac,VOUCHED_FOR,0.79
P-690b949f7c10,P-687639ceab6d,VOUCHED_FOR,0.49
P-b765e8eeb469,P-ac367708a8b0,VOUCHED_FOR,0.85
P-99f16c71f8e6,P-48aa4d792d0f,VOUCHED_FOR,0.65
P-25067d4bd047,P-d9605eadcba4,VOUCHED_FOR,0.42
P-ab33a479f7be,P-7da3d2ec591a,VOUCHED_FOR,0.69
P-3b13f1295e85,P-2f0352244bae,VOUCHED_FOR,0.55
P-3ef61d91fa3b,P-cbf78d4c2738,VOUCHED_FOR,0.57
P-c8e37d175908,P-ea6a04d38adc,VOUCHED_FOR,0.43
P-bcfa87506255,P-db06a2daf148,VOUCHED_FOR,0.53
P-33e4ed60dc75,P-792f7a4a0124,VOUCHED_FOR,0.73
P-78a84d1b8f81,P-6898c0499b0c,VOUCHED_FOR,0.67
P-31c22a8c8968,P-4a457b2a35cc,VOUCHED_FOR,0.87
P-bf146088a347,P-4d8369020778,VOUCHED_FOR,0.52
P-c6e334ec945b,P-34633db3fa85,VOUCHED_FOR,0.8
P-b0328d2c1aa9,P-4019da299252,VOUCHED_FOR,0.68
P-6c1c7bea24c1,P-ac7ec7883fa3,VOUCHED_FOR,0.5
P-268a72d5aa4f,P-865581ebd772,VOUCHED_FOR,0.44
P-d94b4382cd02,P-2b12f8d04fd4,VOUCHED_FOR,0.63
P-efeaa439a66a,P-c49d558d8014,VOUCHED_FOR,0.6
P-c287574ad406,P-6c1c7bea24c1,VOUCHED_FOR,0.83
P-c6e334ec945b,P-43ae31702059,VOUCHED_FOR,0.4
P-98c6aeb2c7c0,P-aa4061faee3b,VOUCHED_FOR,0.68
P-2b12f8d04fd4,P-a3ff8dcd0da4,VOUCHED_FOR,0.5
P-c49d558d8014,P-e4b9dfabd294,VOUCHED_FOR,0.6
P-6965b23e4e93,P-670a2147e373,VOUCHED_FOR,0.75
P-7f2045ba50dd,P-690b949f7c10,VOUCHED_FOR,0.66
P-be8d0cf94187,P-3f8234aec406,VOUCHED_FOR,0.64
P-fa46eff8ca4e,P-3e2d50c72fd8,VOUCHED_FOR,0.41
P-2a5b4b26283b,P-5776ce980ade,VOUCHED_FOR,0.69
P-c83ca98e9c0b,P-5595d635163a,VOUCHED_FOR,0.69
P-7de210f66d60,P-1bcd2ea1e800,VOUCHED_FOR,0.48
P-a08a2345afac,P-993e5a93380b,VOUCHED_FOR,0.55
P-c0c5e68b6d8a,P-bb401f2491ba,VOUCHED_FOR,0.74
P-ac7ec7883fa3,P-e861227472c0,VOUCHED_FOR,0.86
P-0bdccdc1bc7f,P-69f10739a03b,VOUCHED_FOR,0.73
P-d55bb40bbffa,P-a90149e7fb20,VOUCHED_FOR,0.41
P-ee7fbee2899f,P-6a722692a04e,VOUCHED_FOR,0.41
P-b92c6215e440,P-8906109d4cdb,VOUCHED_FOR,0.84
P-0fcfa502b65d,P-48ce7fd22a25,VOUCHED_FOR,0.57
P-7192595a20bc,P-984f69af1478,VOUCHED_FOR,0.63
P-7c80ea9e5852,P-02614b46b477,VOUCHED_FOR,0.69
P-78a84d1b8f81,P-7c7c7be5d08d,VOUCHED_FOR,0.57
P-427bd43eb56a,P-6c1c7bea24c1,VOUCHED_FOR,0.44
P-4d1d178940db,P-279f479df5b0,VOUCHED_FOR,0.52
P-6da67092d2e3,P-5776ce980ade,VOUCHED_FOR,0.47
P-9b9f55b1c0dc,P-5f77c8fce82b,VOUCHED_FOR,0.82
P-95655d7ae9ae,P-c1eadacf90af,VOUCHED_FOR,0.55
P-c7f9bea3bd1a,P-4a3f5c007f26,VOUCHED_FOR,0.82
P-f5c665fa5e74,P-1904235a316f,VOUCHED_FOR,0.71
P-0edefbdd6928,P-1906d7243935,VOUCHED_FOR,0.85
P-9410650bd36c,P-d3f13d4e3a9c,VOUCHED_FOR,0.79
P-c2b03c495315,P-83a55a4620c2,VOUCHED_FOR,0.44
P-c07c75bfd1bd,P-954bde8c961e,VOUCHED_FOR,0.78
P-1da463ed6dd0,P-1a990ce207b1,VOUCHED_FOR,0.67
P-70f2409b0273,P-c83ca98e9c0b,VOUCHED_FOR,0.66
P-7417573aa05e,P-c09e4cf60083,VOUCHED_FOR,0.56
P-29d9c0db946e,P-d814a48c13d4,VOUCHED_FOR,0.79
P-c9b24ab31a2f,P-7039a45a82d1,VOUCHED_FOR,0.59
P-00badace2bcf,P-1906d7243935,VOUCHED_FOR,0.47
P-75b7c05e80c3,P-bf1a0dcb18fd,VOUCHED_FOR,0.8
P-654150a97bf5,P-36df875ab0f9,VOUCHED_FOR,0.52
P-47869bae0ca3,P-7417573aa05e,VOUCHED_FOR,0.48
P-f5c665fa5e74,P-f16265b9cbf1,VOUCHED_FOR,0.87
P-c4acb9e45538,P-fa281ff01c1e,VOUCHED_FOR,0.62
P-560fc0091dcf,P-779ce15a44d7,VOUCHED_FOR,0.59
P-c9fe21bbb2d6,P-bf2903340d4b,VOUCHED_FOR,0.62
P-4514e7dea6a2,P-e25daab038f6,VOUCHED_FOR,0.78
P-b03bf399265c,P-6a722692a04e,VOUCHED_FOR,0.76
P-af9c362cee18,P-e59d1a51dc6d,VOUCHED_FOR,0.79
P-3ac53259099b,P-c2b03c495315,VOUCHED_FOR,0.88
P-7ef3fd665f43,P-75cad8349686,VOUCHED_FOR,0.58
P-5fee46ff17ca,P-1c4d2cce8a04,VOUCHED_FOR,0.55
P-1a401a7cea41,P-93ce8db8d041,VOUCHED_FOR,0.61
P-64ae42a354f3,P-cc0c53176778,VOUCHED_FOR,0.62
P-404f86b96af3,P-6d5fd08bbdfa,VOUCHED_FOR,0.78
P-bb401f2491ba,P-deb451f04838,VOUCHED_FOR,0.41
P-2ae9ff40df2f,P-3b0632c43700,VOUCHED_FOR,0.63
P-d55bb40bbffa,P-6965b23e4e93,VOUCHED_FOR,0.58
P-adb3ab88e82d,P-f6d6dab55aa2,VOUCHED_FOR,0.6
P-41766bdd2cfd,P-36b8361250cd,VOUCHED_FOR,0.83
P-b79d254ab370,P-b37a63860799,VOUCHED_FOR,0.43
P-5949e2bcc591,P-e3a7506c6ad2,VOUCHED_FOR,0.83
P-5fee46ff17ca,P-efb17d88fb3c,VOUCHED_FOR,0.66
P-ea6a04d38adc,P-e5f1cd89b277,VOUCHED_FOR,0.43
P-7e75752c98dd,P-db09903e849f,VOUCHED_FOR,0.84
P-c09e4cf60083,P-4a4f655d1cb5,VOUCHED_FOR,0.47
P-4d1d178940db,P-2a655f17687a,VOUCHED_FOR,0.43
P-4f09b3ceb0e0,P-c9b24ab31a2f,VOUCHED_FOR,0.58
P-e3a7506c6ad2,P-ce874f909ad9,VOUCHED_FOR,0.78
P-ce874f909ad9,P-9c1bc51768b3,VOUCHED_FOR,0.56
P-8dc14ef0560b,P-809eaafdaaab,VOUCHED_FOR,0.82
P-3b13f1295e85,P-779ce15a44d7,VOUCHED_FOR,0.65
P-5a53f5879484,P-1cc6ab79d3e4,VOUCHED_FOR,0.85
P-82302b93c76e,P-cc0c53176778,VOUCHED_FOR,0.47
P-c0c5e68b6d8a,P-7f2045ba50dd,VOUCHED_FOR,0.51
P-b138a37669c1,P-319c7fcc0410,VOUCHED_FOR,0.86
P-1dfdc457af6d,P-0eeec7abfbc6,VOUCHED_FOR,0.49
P-c274eb5e5899,P-1c6c1c56ebfa,VOUCHED_FOR,0.67
P-1a401a7cea41,P-3ac53259099b,VOUCHED_FOR,0.48
P-311a335d6237,P-def1c6e02a7c,VOUCHED_FOR,0.63
P-72ced2ffa8ec,P-ded4b57b3f78,VOUCHED_FOR,0.84
P-c9e9d143b2d7,P-47869bae0ca3,VOUCHED_FOR,0.44
P-a90149e7fb20,P-ce874f909ad9,VOUCHED_FOR,0.7
P-3482c53c00da,P-18b07dc3f132,VOUCHED_FOR,0.68
P-35ddab5b9fae,P-9bfd8a1131f7,VOUCHED_FOR,0.65
P-d8b1352f748e,P-1c3d06143b81,VOUCHED_FOR,0.69
P-da030cfcd4e7,P-d94083bc2a06,VOUCHED_FOR,0.61
P-72208ee4be2a,P-86e67a464eb4,VOUCHED_FOR,0.54
P-f2149482e2e3,P-655ac1377ae1,VOUCHED_FOR,0.78
P-0ba929400314,P-1cd14ecbf7c3,VOUCHED_FOR,0.67
P-b68a46b395f0,P-c287574ad406,VOUCHED_FOR,0.83
P-1de44c91a50c,P-006a3c20c6c1,VOUCHED_FOR,0.64
P-b92c6215e440,P-61c3a29c6341,VOUCHED_FOR,0.6
P-db09903e849f,P-79be644a4ee7,VOUCHED_FOR,0.52
P-f16265b9cbf1,P-b7e848be7d76,VOUCHED_FOR,0.72
P-474df353709b,P-9ffccbb76aab,VOUCHED_FOR,0.61
P-7e8790c167c4,P-69dd79ec8c57,VOUCHED_FOR,0.63
P-7d4a52997cea,P-8717a8784075,VOUCHED_FOR,0.58
P-631047a93197,P-3b0529f864d8,VOUCHED_FOR,0.82
P-3b13f1295e85,P-97b09616d198,VOUCHED_FOR,0.5
P-0d67e8a4e021,P-c46aa5cd9645,VOUCHED_FOR,0.52
P-ed576d06b862,P-f9faa365aa8d,VOUCHED_FOR,0.69
P-6a722692a04e,P-ba49c20b3a29,VOUCHED_FOR,0.45
P-69e8caf8f1b6,P-70f1fae002c8,VOUCHED_FOR,0.4
P-257596a5f1c0,P-1e7ff0c6de8a,VOUCHED_FOR,0.83
P-7de210f66d60,P-8da05885e783,VOUCHED_FOR,0.88
P-974ed3db2e5c,P-ad36d47f5e01,VOUCHED_FOR,0.42
P-5fee46ff17ca,P-f50ff0e9ceb2,VOUCHED_FOR,0.72
P-598b98b960f8,P-3ca8816711c6,VOUCHED_FOR,0.83
P-79be644a4ee7,P-9ffccbb76aab,VOUCHED_FOR,0.88
P-598b98b960f8,P-974dd806a98f,VOUCHED_FOR,0.4
P-3aa85b2d433b,P-7c7c7be5d08d,VOUCHED_FOR,0.8
P-51f7171ec76e,P-ed7c1c9ae590,VOUCHED_FOR,0.68
P-865581ebd772,P-2bf6d9c21c8d,VOUCHED_FOR,0.69
P-cd2840e92a5d,P-63aa4ea620ff,VOUCHED_FOR,0.69
P-6f0b5aade348,P-0fbbeff1eec2,VOUCHED_FOR,0.77
P-857b654aa701,P-b5f4d2146500,VOUCHED_FOR,0.81
P-779ce15a44d7,P-c8470533724a,VOUCHED_FOR,0.57
P-56d1d4aabad4,P-3e2d50c72fd8,VOUCHED_FOR,0.71
P-7e31f0892a08,P-bb401f2491ba,VOUCHED_FOR,0.78
P-972ecc1c2efb,P-44c28923d660,VOUCHED_FOR,0.52
P-4978a9619d83,P-fa26728c39e4,VOUCHED_FOR,0.42
P-db6031cee9ca,P-97d1db27f646,VOUCHED_FOR,0.47
P-670a2147e373,P-5949e2bcc591,VOUCHED_FOR,0.75
P-972ecc1c2efb,P-f50ff0e9ceb2,VOUCHED_FOR,0.68
P-dc6abebba02c,P-ab33a479f7be,VOUCHED_FOR,0.72
P-98c6aeb2c7c0,P-6a37d5f893ac,VOUCHED_FOR,0.74
P-560fc0091dcf,P-1c2c5c2713ef,VOUCHED_FOR,0.57
P-a08a2345afac,P-cff5c5634c01,VOUCHED_FOR,0.43
P-a164487c5d55,P-cd8f65108d1d,VOUCHED_FOR,0.79
P-01505e1ce9aa,P-1bc15dd2afe4,VOUCHED_FOR,0.62
P-6e16cd5376bc,P-84f3e14e5db4,VOUCHED_FOR,0.76
P-1bcd2ea1e800,P-7de210f66d60,VOUCHED_FOR,0.55
P-b03bf399265c,P-058666ee5209,VOUCHED_FOR,0.4
P-983ef1c3fd3b,P-a19724a634e0,VOUCHED_FOR,0.44
P-c29777a38aea,P-9ffccbb76aab,VOUCHED_FOR,0.82
P-6d308097280c,P-c6e334ec945b,VOUCHED_FOR,0.84
P-a19724a634e0,P-a4aadfad2e2e,VOUCHED_FOR,0.77
P-e25daab038f6,P-454bc8c13d6a,VOUCHED_FOR,0.56
P-b20e4748602a,P-6b479c057d8e,VOUCHED_FOR,0.4
P-779ce15a44d7,P-8a97f4175b88,VOUCHED_FOR,0.5
P-1b2c5cfacd8d,P-e862e942290c,VOUCHED_FOR,0.72
P-2c18f8107aa0,P-a08a2345afac,VOUCHED_FOR,0.61
P-69a6fcc91f93,P-5a0e60af50b5,VOUCHED_FOR,0.68
P-f50ff0e9ceb2,P-6e7857105747,VOUCHED_FOR,0.42
P-9ffccbb76aab,P-ca4f71343581,VOUCHED_FOR,0.68
P-953d22f66959,P-708fbd2b3aa0,VOUCHED_FOR,0.85
P-a3ff8dcd0da4,P-b7e848be7d76,VOUCHED_FOR,0.55
P-778535b379d7,P-36df875ab0f9,VOUCHED_FOR,0.53
P-6abbcc07d681,P-8bc48e80075a,VOUCHED_FOR,0.79
P-d8b1352f748e,P-aa4061faee3b,VOUCHED_FOR,0.53
P-4a3f5c007f26,P-7039a45a82d1,VOUCHED_FOR,0.51
P-bc12c85fbaa3,P-e3a7506c6ad2,VOUCHED_FOR,0.4
P-75fb7f3c98f3,P-d6da3295439f,VOUCHED_FOR,0.79
P-4a2a3265323b,P-257596a5f1c0,VOUCHED_FOR,0.41
P-64ae42a354f3,P-82302b93c76e,VOUCHED_FOR,0.77
P-45e887cbb659,P-0bdccdc1bc7f,VOUCHED_FOR,0.87
P-d2d065ff4d78,P-6898c0499b0c,VOUCHED_FOR,0.67
P-c3a5219cbb9c,P-63f9948fd1a0,VOUCHED_FOR,0.84
P-241166986f3d,P-342e6076449b,VOUCHED_FOR,0.49
P-3f7240bfae45,P-8bc48e80075a,VOUCHED_FOR,0.73
P-8aaf2639fb58,P-1ea95c5a7f3b,VOUCHED_FOR,0.52
P-1c2c5c2713ef,P-51f7171ec76e,VOUCHED_FOR,0.46
P-6f0b5aade348,P-3f8234aec406,VOUCHED_FOR,0.54
P-4d8369020778,P-6f0b5aade348,VOUCHED_FOR,0.83
P-3aa85b2d433b,P-e18f4c60070f,VOUCHED_FOR,0.45
P-84701739a3bc,P-9ee0bc74159a,VOUCHED_FOR,0.44
P-cbf78d4c2738,P-c4acb9e45538,VOUCHED_FOR,0.86
P-8e13cd9571dc,P-d8c0aef6d335,VOUCHED_FOR,0.78
P-6f0b5aade348,P-0ba929400314,VOUCHED_FOR,0.77
P-79be644a4ee7,P-ad6036c1d081,VOUCHED_FOR,0.77
P-1a990ce207b1,P-bf2903340d4b,VOUCHED_FOR,0.46
P-e9624433afba,P-f2a313201f7b,VOUCHED_FOR,0.44
P-087abdbb3e08,P-0f7584648ded,CO_OCCURRED_IN_THREAD,0.66
P-dd7a16ffb2b0,P-9fe7305f0198,CO_OCCURRED_IN_THREAD,0.79
P-3dc57f1f3c8f,P-8ab92ef5b36f,CO_OCCURRED_IN_THREAD,0.47
P-02614b46b477,P-e72ecfbc2f68,CO_OCCURRED_IN_THREAD,0.49
P-e25daab038f6,P-8bc48e80075a,CO_OCCURRED_IN_THREAD,0.56
P-7e31f0892a08,P-f208dd91f299,CO_OCCURRED_IN_THREAD,0.79
P-a08a2345afac,P-01505e1ce9aa,CO_OCCURRED_IN_THREAD,0.49
P-b03bf399265c,P-ba49c20b3a29,CO_OCCURRED_IN_THREAD,0.87
P-6d308097280c,P-c287574ad406,CO_OCCURRED_IN_THREAD,0.59
P-9801743048ba,P-496af1185306,CO_OCCURRED_IN_THREAD,0.49
P-ee7fbee2899f,P-7e07247a5a85,CO_OCCURRED_IN_THREAD,0.87
P-f1fc01f897ac,P-c4ef0503cd35,CO_OCCURRED_IN_THREAD,0.76
P-57917bdae1c4,P-19125f89395a,CO_OCCURRED_IN_THREAD,0.81
P-a8ab632d04c8,P-8ba00722ea39,CO_OCCURRED_IN_THREAD,0.69
P-1da463ed6dd0,P-99f16c71f8e6,CO_OCCURRED_IN_THREAD,0.47
P-8a97f4175b88,P-2f0352244bae,CO_OCCURRED_IN_THREAD,0.75
P-79be644a4ee7,P-a8d9c3ffbcdd,CO_OCCURRED_IN_THREAD,0.79
P-f50ff0e9ceb2,P-75cad8349686,CO_OCCURRED_IN_THREAD,0.54
P-4d716e26ad6b,P-e89392d129eb,CO_OCCURRED_IN_THREAD,0.54
P-a69e37437a45,P-e1e63760ed49,CO_OCCURRED_IN_THREAD,0.79
P-5f77c8fce82b,P-24f86cf5cbc3,CO_OCCURRED_IN_THREAD,0.81
P-fd394ddb78f3,P-2aac9c99ea1e,CO_OCCURRED_IN_THREAD,0.44
P-84701739a3bc,P-75cad8349686,CO_OCCURRED_IN_THREAD,0.41
P-972ecc1c2efb,P-3f34d8e5a89b,CO_OCCURRED_IN_THREAD,0.74
P-cdf7d93f5d4c,P-6b915d9ea709,CO_OCCURRED_IN_THREAD,0.69
P-3349fc7b2221,P-dd0b5b75af90,CO_OCCURRED_IN_THREAD,0.45
P-72208ee4be2a,P-0ba929400314,CO_OCCURRED_IN_THREAD,0.49
P-0eeec7abfbc6,P-3ac53259099b,CO_OCCURRED_IN_THREAD,0.51
P-bf146088a347,P-f61d3b728999,CO_OCCURRED_IN_THREAD,0.76
P-cb3e08e2d700,P-1306d3098855,CO_OCCURRED_IN_THREAD,0.85
P-dd049996d40a,P-1da463ed6dd0,CO_OCCURRED_IN_THREAD,0.83
P-cff8ab29343e,P-ce3433fc7ef7,CO_OCCURRED_IN_THREAD,0.44
P-db09903e849f,P-4bf8919d6ecc,CO_OCCURRED_IN_THREAD,0.42
P-29b8d79ae58a,P-9c41e11de8f8,CO_OCCURRED_IN_THREAD,0.4
P-1c2c5c2713ef,P-c8470533724a,CO_OCCURRED_IN_THREAD,0.79
P-241166986f3d,P-f208dd91f299,CO_OCCURRED_IN_THREAD,0.53
P-9ec8556c99d8,P-778535b379d7,CO_OCCURRED_IN_THREAD,0.44
P-753daf951164,P-713d645fd493,CO_OCCURRED_IN_THREAD,0.7
P-974ed3db2e5c,P-30440d5c11fa,CO_OCCURRED_IN_THREAD,0.75
P-a0581fda852c,P-c0724fb52de0,CO_OCCURRED_IN_THREAD,0.86
P-0bdccdc1bc7f,P-aa4061faee3b,CO_OCCURRED_IN_THREAD,0.4
P-6da67092d2e3,P-4f09b3ceb0e0,CO_OCCURRED_IN_THREAD,0.64
P-782c01e26cf0,P-dacb2577edd7,CO_OCCURRED_IN_THREAD,0.5
P-1c3d06143b81,P-3187de6421a0,CO_OCCURRED_IN_THREAD,0.8
P-5fee46ff17ca,P-400597dafd36,CO_OCCURRED_IN_THREAD,0.59
P-fa13b9dd0e3b,P-de929041ac9f,CO_OCCURRED_IN_THREAD,0.54
P-723f6fd22c11,P-18a2ec1650f3,CO_OCCURRED_IN_THREAD,0.52
P-f16265b9cbf1,P-268a72d5aa4f,CO_OCCURRED_IN_THREAD,0.87
P-1cd14ecbf7c3,P-1108b2aa5fe5,CO_OCCURRED_IN_THREAD,0.49
P-e53b36b9af40,P-2e856c839c73,CO_OCCURRED_IN_THREAD,0.86
P-9e60476116df,P-2924bf1fc647,CO_OCCURRED_IN_THREAD,0.51
P-2924bf1fc647,P-925b76113c8d,CO_OCCURRED_IN_THREAD,0.73
P-8e43465990ae,P-02c6d0b7cd72,CO_OCCURRED_IN_THREAD,0.86
P-7e07247a5a85,P-6d5fd08bbdfa,CO_OCCURRED_IN_THREAD,0.5
P-f7de3ecc5d25,P-1de44c91a50c,CO_OCCURRED_IN_THREAD,0.41
P-e2bb12cf8bd4,P-db78de5657f4,CO_OCCURRED_IN_THREAD,0.61
P-510a4eb992c2,P-3a351233de9d,CO_OCCURRED_IN_THREAD,0.78
P-2c18f8107aa0,P-c0c5e68b6d8a,CO_OCCURRED_IN_THREAD,0.61
P-958331f3db9f,P-f6d6dab55aa2,CO_OCCURRED_IN_THREAD,0.5
P-d9097deae8d8,P-0530575df64a,CO_OCCURRED_IN_THREAD,0.64
P-dd7a16ffb2b0,P-4d8369020778,CO_OCCURRED_IN_THREAD,0.62
P-0e160ad12588,P-87747dfed7b6,CO_OCCURRED_IN_THREAD,0.43
P-6b9de2aa7f3d,P-b0bd96e71aa5,CO_OCCURRED_IN_THREAD,0.5
P-94735b77ca46,P-7074a21b03c5,CO_OCCURRED_IN_THREAD,0.47
P-974ed3db2e5c,P-1e310c4146fe,CO_OCCURRED_IN_THREAD,0.77
P-e5692c36627a,P-efaeb7bbc2ce,CO_OCCURRED_IN_THREAD,0.57
P-3f7240bfae45,P-92bf89f50973,CO_OCCURRED_IN_THREAD,0.5
P-b765e8eeb469,P-5f1826f675b6,CO_OCCURRED_IN_THREAD,0.53
P-2f9d67f4f85c,P-c8470533724a,CO_OCCURRED_IN_THREAD,0.83
P-25c94d1c256f,P-80b18cbf0bbc,CO_OCCURRED_IN_THREAD,0.71
P-bb401f2491ba,P-241166986f3d,CO_OCCURRED_IN_THREAD,0.64
P-b5ed9191dd38,P-cdf417292d7c,CO_OCCURRED_IN_THREAD,0.75
P-6da67092d2e3,P-5da21d227faf,CO_OCCURRED_IN_THREAD,0.53
P-98c6aeb2c7c0,P-1fff5deb15c0,CO_OCCURRED_IN_THREAD,0.59
P-84fde374da5f,P-938f7dd24d53,CO_OCCURRED_IN_THREAD,0.52
P-34b431bee87e,P-631047a93197,CO_OCCURRED_IN_THREAD,0.76
P-21176e55f0e5,P-69f10739a03b,CO_OCCURRED_IN_THREAD,0.64
P-1557a527c7db,P-e59d1a51dc6d,CO_OCCURRED_IN_THREAD,0.86
P-3a7b400ee6b3,P-4bf8919d6ecc,CO_OCCURRED_IN_THREAD,0.77
P-1551ab86344f,P-ecadb3c2db7f,CO_OCCURRED_IN_THREAD,0.4
P-3aa85b2d433b,P-7a804facb29c,CO_OCCURRED_IN_THREAD,0.75
P-d9605eadcba4,P-ade5f3e961da,CO_OCCURRED_IN_THREAD,0.79
P-db90311bd1e6,P-6d5fd08bbdfa,CO_OCCURRED_IN_THREAD,0.59
P-b20e4748602a,P-f5c665fa5e74,CO_OCCURRED_IN_THREAD,0.58
P-ed0034b44729,P-b7e848be7d76,CO_OCCURRED_IN_THREAD,0.52
P-d2b21a98e0f3,P-7081ee251913,CO_OCCURRED_IN_THREAD,0.63
P-fe1ac850d5e6,P-6d308097280c,CO_OCCURRED_IN_THREAD,0.51
P-9a341f6fef6b,P-61d58c87c435,CO_OCCURRED_IN_THREAD,0.45
P-b3d8b7047b96,P-e68d7b2da256,CO_OCCURRED_IN_THREAD,0.82
P-adb3ab88e82d,P-1dfdc457af6d,CO_OCCURRED_IN_THREAD,0.66
P-7e085ac6b9e6,P-67f71c069d97,CO_OCCURRED_IN_THREAD,0.88
P-1a990ce207b1,P-8a9cf2d35cdd,CO_OCCURRED_IN_THREAD,0.51
P-93ce8db8d041,P-e18f4c60070f,CO_OCCURRED_IN_THREAD,0.45
P-dd7a16ffb2b0,P-1108b2aa5fe5,CO_OCCURRED_IN_THREAD,0.6
P-0fbbeff1eec2,P-1108b2aa5fe5,CO_OCCURRED_IN_THREAD,0.83
P-3ac53259099b,P-2c743ca1ab6f,CO_OCCURRED_IN_THREAD,0.84
P-5e8f2fd54677,P-f5c665fa5e74,CO_OCCURRED_IN_THREAD,0.79
P-a3ff8dcd0da4,P-268a72d5aa4f,CO_OCCURRED_IN_THREAD,0.63
P-f61d3b728999,P-6f0b5aade348,CO_OCCURRED_IN_THREAD,0.72
P-7fb2ee60140c,P-279f479df5b0,CO_OCCURRED_IN_THREAD,0.84
P-2f0352244bae,P-2f9d67f4f85c,CO_OCCURRED_IN_THREAD,0.78
P-79be644a4ee7,P-474df353709b,CO_OCCURRED_IN_THREAD,0.64
P-c6e334ec945b,P-4796f179e154,CO_OCCURRED_IN_THREAD,0.61
P-2716ebfc77c2,P-ecc78cc17e7b,CO_OCCURRED_IN_THREAD,0.67
P-7180fc6abf71,P-4a4f655d1cb5,CO_OCCURRED_IN_THREAD,0.87
P-7e07247a5a85,P-207da5b954f1,CO_OCCURRED_IN_THREAD,0.53
P-f9faa365aa8d,P-95655d7ae9ae,CO_OCCURRED_IN_THREAD,0.75
P-99c5c0e59ab0,P-e96ab61d627b,CO_OCCURRED_IN_THREAD,0.49
P-6e7857105747,P-857b654aa701,CO_OCCURRED_IN_THREAD,0.72
P-7d3b45460278,P-cab6459b896d,CO_OCCURRED_IN_THREAD,0.75
P-d36c98139606,P-c4ef0503cd35,CO_OCCURRED_IN_THREAD,0.47
P-c96b8c085a7a,P-953d22f66959,CO_OCCURRED_IN_THREAD,0.58
P-ca53ccaeeffb,P-a4aadfad2e2e,CO_OCCURRED_IN_THREAD,0.66
P-74208f82b019,P-45e887cbb659,CO_OCCURRED_IN_THREAD,0.44
P-d8bcdf79f1b4,P-e1f63dd2a859,CO_OCCURRED_IN_THREAD,0.47
P-8220033e1200,P-559f1be39b0c,CO_OCCURRED_IN_THREAD,0.74
P-29d9c0db946e,P-02614b46b477,CO_OCCURRED_IN_THREAD,0.74
P-69f10739a03b,P-6a37d5f893ac,CO_OCCURRED_IN_THREAD,0.62
P-ed0034b44729,P-a3ff8dcd0da4,CO_OCCURRED_IN_THREAD,0.6
P-b7e848be7d76,P-4c23df8ae00d,CO_OCCURRED_IN_THREAD,0.55
P-d0c5ca551b37,P-d8864229ed06,CO_OCCURRED_IN_THREAD,0.54
P-1a990ce207b1,P-61d58c87c435,CO_OCCURRED_IN_THREAD,0.82
P-09b3fc91a602,P-06c0a0b58306,CO_OCCURRED_IN_THREAD,0.46
P-05a7b70cbc78,P-2302dab0c6f1,CO_OCCURRED_IN_THREAD,0.74
P-77e7b8132c69,P-6c7f34e5e43c,CO_OCCURRED_IN_THREAD,0.59
P-e53b36b9af40,P-454bc8c13d6a,CO_OCCURRED_IN_THREAD,0.75
P-38ecbc2e3811,P-a8841f020d10,CO_OCCURRED_IN_THREAD,0.49
P-9e60476116df,P-b68a46b395f0,CO_OCCURRED_IN_THREAD,0.84
P-3e2d50c72fd8,P-c7f9bea3bd1a,CO_OCCURRED_IN_THREAD,0.52
P-61d58c87c435,P-35ddab5b9fae,CO_OCCURRED_IN_THREAD,0.65
P-da2ea1de2db3,P-851b5364c41c,CO_OCCURRED_IN_THREAD,0.56
P-f4f02014a22e,P-278c20f5150f,CO_OCCURRED_IN_THREAD,0.42
P-e4cd14ad8b39,P-cd81e0d0e211,CO_OCCURRED_IN_THREAD,0.51
P-2e856c839c73,P-4514e7dea6a2,CO_OCCURRED_IN_THREAD,0.47
P-fe800add80f0,P-e3a7506c6ad2,CO_OCCURRED_IN_THREAD,0.75
P-670a2147e373,P-acca04beee58,CO_OCCURRED_IN_THREAD,0.53
P-25c94d1c256f,P-5706fe298a21,CO_OCCURRED_IN_THREAD,0.77
P-5f38f71edf1d,P-3ca8816711c6,CO_OCCURRED_IN_THREAD,0.76
P-8988d8a2fe11,P-31cf9078c8de,CO_OCCURRED_IN_THREAD,0.63
P-960dc3972137,P-a7bdf6c126d8,CO_OCCURRED_IN_THREAD,0.83
P-c2e0df5f0b12,P-d36d5d0095ac,CO_OCCURRED_IN_THREAD,0.87
P-09b3fc91a602,P-6925c1a1e9ca,CO_OCCURRED_IN_THREAD,0.64
P-84701739a3bc,P-34b431bee87e,CO_OCCURRED_IN_THREAD,0.48
P-8a9cf2d35cdd,P-06a4f32d283e,CO_OCCURRED_IN_THREAD,0.72
P-1e7ff0c6de8a,P-dd049996d40a,CO_OCCURRED_IN_THREAD,0.64
P-a23359516985,P-b56820d7d66f,CO_OCCURRED_IN_THREAD,0.8
P-efb17d88fb3c,P-857b654aa701,CO_OCCURRED_IN_THREAD,0.55
P-1c2c5c2713ef,P-8a97f4175b88,CO_OCCURRED_IN_THREAD,0.61
P-1233af5d6992,P-64bdc57a9cdf,CO_OCCURRED_IN_THREAD,0.42
P-d8b1352f748e,P-6a37d5f893ac,CO_OCCURRED_IN_THREAD,0.52
P-f1fc01f897ac,P-5595d635163a,CO_OCCURRED_IN_THREAD,0.57
P-df2cd2ba9458,P-7aaf2da5a255,CO_OCCURRED_IN_THREAD,0.67
P-18a2ec1650f3,P-9f948902edd1,CO_OCCURRED_IN_THREAD,0.78
P-4a3f5c007f26,P-fa46eff8ca4e,CO_OCCURRED_IN_THREAD,0.58
P-357993829e40,P-8a9077678422,CO_OCCURRED_IN_THREAD,0.79
P-6a722692a04e,P-6a66b80a82e3,CO_OCCURRED_IN_THREAD,0.67
P-6f2bab2d925b,P-a393cce876d9,CO_OCCURRED_IN_THREAD,0.43
P-0952790149e2,P-1dfdc457af6d,CO_OCCURRED_IN_THREAD,0.69
P-b7e848be7d76,P-1904235a316f,CO_OCCURRED_IN_THREAD,0.57
P-cb8e160b2e27,P-ddd19375b374,CO_OCCURRED_IN_THREAD,0.77
P-794f8b99045f,P-e59d1a51dc6d,CO_OCCURRED_IN_THREAD,0.43
P-a5491086811d,P-0ba929400314,CO_OCCURRED_IN_THREAD,0.82
P-86e67a464eb4,P-0ba929400314,CO_OCCURRED_IN_THREAD,0.83
P-1557a527c7db,P-6da67092d2e3,CO_OCCURRED_IN_THREAD,0.7
P-1e7ff0c6de8a,P-9bfd8a1131f7,CO_OCCURRED_IN_THREAD,0.82
P-bd3243c9a891,P-ac7ec7883fa3,CO_OCCURRED_IN_THREAD,0.74
P-d58aa58e2e1b,P-958331f3db9f,CO_OCCURRED_IN_THREAD,0.43
P-1cf32e261aed,P-1cd14ecbf7c3,CO_OCCURRED_IN_THREAD,0.72
P-a69e37437a45,P-f8c4e6c07943,CO_OCCURRED_IN_THREAD,0.7
P-3f34d8e5a89b,P-efb17d88fb3c,CO_OCCURRED_IN_THREAD,0.67
P-3f34d8e5a89b,P-1c4d2cce8a04,CO_OCCURRED_IN_THREAD,0.52
P-ade5f3e961da,P-7e8790c167c4,CO_OCCURRED_IN_THREAD,0.58
P-4737d0c924bc,P-4f09b3ceb0e0,CO_OCCURRED_IN_THREAD,0.45
P-4f2ef59f49f2,P-c5bdb4347298,CO_OCCURRED_IN_THREAD,0.54
P-ccdec0470497,P-cc0c53176778,CO_OCCURRED_IN_THREAD,0.57
P-d36c98139606,P-8dc14ef0560b,CO_OCCURRED_IN_THREAD,0.49
P-30f992cb96e8,P-fe1ac850d5e6,CO_OCCURRED_IN_THREAD,0.66
P-797f1e084a0c,P-0f7584648ded,CO_OCCURRED_IN_THREAD,0.86
P-e54749d80472,P-daaf65cbc8e7,CO_OCCURRED_IN_THREAD,0.63
P-75cad8349686,P-34b431bee87e,CO_OCCURRED_IN_THREAD,0.81
P-c9b24ab31a2f,P-3e2d50c72fd8,CO_OCCURRED_IN_THREAD,0.84
P-cb8e160b2e27,P-152339bbe697,CO_OCCURRED_IN_THREAD,0.75
P-0530575df64a,P-70f2409b0273,CO_OCCURRED_IN_THREAD,0.8
P-72208ee4be2a,P-1cd14ecbf7c3,CO_OCCURRED_IN_THREAD,0.62
P-279f479df5b0,P-7de210f66d60,CO_OCCURRED_IN_THREAD,0.73
P-e17bee2b684a,P-2343af32e328,CO_OCCURRED_IN_THREAD,0.71
P-d10b293aabdc,P-80601c6353da,CO_OCCURRED_IN_THREAD,0.51
P-fa02f85fe1c0,P-6baaed09a618,CO_OCCURRED_IN_THREAD,0.44
P-5776ce980ade,P-5da21d227faf,CO_OCCURRED_IN_THREAD,0.66
P-ed0034b44729,P-5e8f2fd54677,CO_OCCURRED_IN_THREAD,0.68
P-a070cc1a36e8,P-3f7240bfae45,CO_OCCURRED_IN_THREAD,0.64
P-df2cd2ba9458,P-051b5793718b,CO_OCCURRED_IN_THREAD,0.56
P-2924bf1fc647,P-18a2ec1650f3,CO_OCCURRED_IN_THREAD,0.81
P-1cf9fd90aff0,P-8b6147107543,CO_OCCURRED_IN_THREAD,0.69
P-af9c362cee18,P-fa46eff8ca4e,CO_OCCURRED_IN_THREAD,0.88
P-603bc5f78a87,P-474b00899f06,CO_OCCURRED_IN_THREAD,0.64
P-722684a462b1,P-b92c6215e440,CO_OCCURRED_IN_THREAD,0.81
P-5e481ce25efd,P-aa01eefe123a,CO_OCCURRED_IN_THREAD,0.49
P-809fafd3cf8e,P-5706fe298a21,CO_OCCURRED_IN_THREAD,0.68
P-3a7b400ee6b3,P-ca4f71343581,CO_OCCURRED_IN_THREAD,0.45
P-5a0d22d1b33f,P-cdf7d93f5d4c,CO_OCCURRED_IN_THREAD,0.84
P-ac7ec7883fa3,P-fe1ac850d5e6,CO_OCCURRED_IN_THREAD,0.63
P-0fc415545bbe,P-2a655f17687a,CO_OCCURRED_IN_THREAD,0.75
P-5e8f2fd54677,P-b20e4748602a,CO_OCCURRED_IN_THREAD,0.84
P-8a6f8f77c021,P-ddd19375b374,CO_OCCURRED_IN_THREAD,0.73
P-cff5c5634c01,P-993e5a93380b,CO_OCCURRED_IN_THREAD,0.46
P-19ed85f98bb0,P-cff8ab29343e,CO_OCCURRED_IN_THREAD,0.69
P-5e6b804ba43b,P-b2e0f77b5f4b,CO_OCCURRED_IN_THREAD,0.71
P-8f12f53eb6d5,P-0c0f8aed9343,CO_OCCURRED_IN_THREAD,0.66
P-da030cfcd4e7,P-007e9e7c61d0,CO_OCCURRED_IN_THREAD,0.65
P-42a75d2189a1,P-9ffccbb76aab,CO_OCCURRED_IN_THREAD,0.68
P-25067d4bd047,P-573cacd7b90c,CO_OCCURRED_IN_THREAD,0.79
P-d8bcdf79f1b4,P-a050a7ad816c,CO_OCCURRED_IN_THREAD,0.47
P-2ae9ff40df2f,P-c6e334ec945b,CO_OCCURRED_IN_THREAD,0.56
P-8abfe9ed8f1b,P-d9605eadcba4,CO_OCCURRED_IN_THREAD,0.85
P-7fb2ee60140c,P-2a655f17687a,CO_OCCURRED_IN_THREAD,0.46
P-257596a5f1c0,P-c15940494fb1,CO_OCCURRED_IN_THREAD,0.8
P-8bc48e80075a,P-64ae42a354f3,CO_OCCURRED_IN_THREAD,0.78
P-6d308097280c,P-007e9e7c61d0,CO_OCCURRED_IN_THREAD,0.61
P-a3f7f6524e4b,P-c8d8495571ca,CO_OCCURRED_IN_THREAD,0.45
P-c274eb5e5899,P-3d12a9919181,CO_OCCURRED_IN_THREAD,0.81
P-ea5dc9c3be41,P-eff87e48a611,CO_OCCURRED_IN_THREAD,0.65
P-e18f4c60070f,P-7c7c7be5d08d,CO_OCCURRED_IN_THREAD,0.59
P-6d38b2266917,P-d36d5d0095ac,CO_OCCURRED_IN_THREAD,0.73
P-a2d5f4d38cb5,P-8ced41674e10,CO_OCCURRED_IN_THREAD,0.5
P-d8bcdf79f1b4,P-983ef1c3fd3b,CO_OCCURRED_IN_THREAD,0.83
P-8dc14ef0560b,P-c4ef0503cd35,CO_OCCURRED_IN_THREAD,0.64
P-c300f75c0c6e,P-713d645fd493,CO_OCCURRED_IN_THREAD,0.63
P-9bfd8a1131f7,P-8a9cf2d35cdd,CO_OCCURRED_IN_THREAD,0.7
P-6da67092d2e3,P-56d1d4aabad4,CO_OCCURRED_IN_THREAD,0.76
P-8444041f0ddc,P-3332d8365735,CO_OCCURRED_IN_THREAD,0.55
P-9a341f6fef6b,P-bf2903340d4b,CO_OCCURRED_IN_THREAD,0.87
P-2c743ca1ab6f,P-ad76c32cec4a,CO_OCCURRED_IN_THREAD,0.51
P-66bbb5dd03af,P-aa4061faee3b,CO_OCCURRED_IN_THREAD,0.42
P-30f992cb96e8,P-723f6fd22c11,CO_OCCURRED_IN_THREAD,0.43
P-1fff5deb15c0,P-0bdccdc1bc7f,CO_OCCURRED_IN_THREAD,0.73
P-f403c36d40d9,P-a1210a533fd4,CO_OCCURRED_IN_THREAD,0.42
P-5595d635163a,P-d36c98139606,CO_OCCURRED_IN_THREAD,0.54
P-d3f13d4e3a9c,P-a744bd0f5e45,CO_OCCURRED_IN_THREAD,0.88
P-058666ee5209,P-6a722692a04e,CO_OCCURRED_IN_THREAD,0.76
P-43143e6a2f95,P-7fb2ee60140c,CO_OCCURRED_IN_THREAD,0.85
P-bae66d5f82f2,P-1551ab86344f,CO_OCCURRED_IN_THREAD,0.79
P-98c6aeb2c7c0,P-74208f82b019,CO_OCCURRED_IN_THREAD,0.67
P-b7e848be7d76,P-f5c665fa5e74,CO_OCCURRED_IN_THREAD,0.83
P-6a722692a04e,P-6d5fd08bbdfa,CO_OCCURRED_IN_THREAD,0.86
P-9f948902edd1,P-fe1ac850d5e6,CO_OCCURRED_IN_THREAD,0.67
P-1c4d2cce8a04,P-efb17d88fb3c,CO_OCCURRED_IN_THREAD,0.83
P-4ca9bee9e198,P-db90311bd1e6,CO_OCCURRED_IN_THREAD,0.86
P-c27b47183928,P-9f948902edd1,CO_OCCURRED_IN_THREAD,0.77
P-61c3a29c6341,P-1551ab86344f,CO_OCCURRED_IN_THREAD,0.67
P-e2ade7f52ad7,P-4b98f1348bf3,CO_OCCURRED_IN_THREAD,0.74
P-1e7ff0c6de8a,P-8a9cf2d35cdd,CO_OCCURRED_IN_THREAD,0.59
P-dfed8d66af5d,P-cbd474eab9c4,CO_OCCURRED_IN_THREAD,0.6
P-20a3a1732709,P-e7eebe8cbdf6,CO_OCCURRED_IN_THREAD,0.48
P-ad76c32cec4a,P-d2d065ff4d78,CO_OCCURRED_IN_THREAD,0.85
P-da030cfcd4e7,P-f577b2f8535d,CO_OCCURRED_IN_THREAD,0.72
P-b20e4748602a,P-45daf59984da,CO_OCCURRED_IN_THREAD,0.52
P-1bead4b6b85b,P-dc6abebba02c,CO_OCCURRED_IN_THREAD,0.87
P-ecadb3c2db7f,P-6c86faf6aef9,CO_OCCURRED_IN_THREAD,0.66
P-df2cd2ba9458,P-5cc9b02d8a93,CO_OCCURRED_IN_THREAD,0.77
P-8a9cf2d35cdd,P-257596a5f1c0,CO_OCCURRED_IN_THREAD,0.72
P-5a32c22febe4,P-1306d3098855,CO_OCCURRED_IN_THREAD,0.58
P-cff5c5634c01,P-7e31f0892a08,CO_OCCURRED_IN_THREAD,0.7
P-1a401a7cea41,P-d2d065ff4d78,CO_OCCURRED_IN_THREAD,0.63
P-66bbb5dd03af,P-1c3d06143b81,CO_OCCURRED_IN_THREAD,0.49
P-9810bf3de145,P-0dbc12afeb09,CO_OCCURRED_IN_THREAD,0.49
P-5f1826f675b6,P-f61d3b728999,CO_OCCURRED_IN_THREAD,0.47
P-8f12f53eb6d5,P-195ce9406bfe,CO_OCCURRED_IN_THREAD,0.53
P-d7d9a6278391,P-fff063bad009,CO_OCCURRED_IN_THREAD,0.8
P-59380fd4413b,P-7c80ea9e5852,CO_OCCURRED_IN_THREAD,0.4
P-7f2045ba50dd,P-687639ceab6d,CO_OCCURRED_IN_THREAD,0.88
P-7c2bff6d62fa,P-7e6bb293e360,CO_OCCURRED_IN_THREAD,0.77
P-4f09b3ceb0e0,P-c7f9bea3bd1a,CO_OCCURRED_IN_THREAD,0.44
P-c2b03c495315,P-2c743ca1ab6f,CO_OCCURRED_IN_THREAD,0.8
P-535cfe16b1c2,P-7463f30816f1,CO_OCCURRED_IN_THREAD,0.43
P-7039a45a82d1,P-6da67092d2e3,CO_OCCURRED_IN_THREAD,0.44
P-9ffccbb76aab,P-45db1d1e1c2a,CO_OCCURRED_IN_THREAD,0.6
P-02614b46b477,P-99c5c0e59ab0,CO_OCCURRED_IN_THREAD,0.82
P-acca04beee58,P-e3a7506c6ad2,CO_OCCURRED_IN_THREAD,0.7
P-984e703d9e7f,P-f6d7309ed6ad,CO_OCCURRED_IN_THREAD,0.51
P-984f69af1478,P-dd7a16ffb2b0,CO_OCCURRED_IN_THREAD,0.83
P-6965b23e4e93,P-9c1bc51768b3,CO_OCCURRED_IN_THREAD,0.54
P-08c378ee0272,P-a744bd0f5e45,CO_OCCURRED_IN_THREAD,0.83
P-7e31f0892a08,P-deb451f04838,CO_OCCURRED_IN_THREAD,0.69
P-7fa87e47490e,P-5595d635163a,CO_OCCURRED_IN_THREAD,0.76
P-ad471ced7cb0,P-560fc0091dcf,CO_OCCURRED_IN_THREAD,0.8
P-f2149482e2e3,P-01505e1ce9aa,CO_OCCURRED_IN_THREAD,0.67
P-865581ebd772,P-2b12f8d04fd4,CO_OCCURRED_IN_THREAD,0.77
P-374acb5db2cb,P-605a87f867f5,CO_OCCURRED_IN_THREAD,0.65
P-48aa4d792d0f,P-61d58c87c435,CO_OCCURRED_IN_THREAD,0.87
P-93ce8db8d041,P-adb3ab88e82d,CO_OCCURRED_IN_THREAD,0.51
P-9b134fc003b9,P-4c2f62efd775,CO_OCCURRED_IN_THREAD,0.74
P-99c5c0e59ab0,P-05da85b4770a,CO_OCCURRED_IN_THREAD,0.84
P-f208dd91f299,P-d0e0b8669f07,CO_OCCURRED_IN_THREAD,0.66
P-41602bfa5a8b,P-4cbb64c7e8f5,CO_OCCURRED_IN_THREAD,0.5
P-713d645fd493,P-4115e8cdb856,CO_OCCURRED_IN_THREAD,0.69
P-e84504a50c57,P-31c22a8c8968,CO_OCCURRED_IN_THREAD,0.51
P-0d67e8a4e021,P-1dcbf973659d,CO_OCCURRED_IN_THREAD,0.87
P-c29777a38aea,P-45db1d1e1c2a,CO_OCCURRED_IN_THREAD,0.64
P-36e574902fc9,P-086e61bb0f5c,CO_OCCURRED_IN_THREAD,0.61
P-98c6aeb2c7c0,P-66bbb5dd03af,CO_OCCURRED_IN_THREAD,0.53
P-873532bad2fa,P-73e51434ce2a,CO_OCCURRED_IN_THREAD,0.81
P-655ac1377ae1,P-2c18f8107aa0,CO_OCCURRED_IN_THREAD,0.42
P-8cb49d7b0029,P-6b20c0986f5f,CO_OCCURRED_IN_THREAD,0.54
P-a9d7d8986f27,P-496af1185306,CO_OCCURRED_IN_THREAD,0.5
P-0ba929400314,P-5f1826f675b6,CO_OCCURRED_IN_THREAD,0.63
P-01364fe1af95,P-4ffa418f434e,CO_OCCURRED_IN_THREAD,0.83
P-753daf951164,P-e1f63dd2a859,CO_OCCURRED_IN_THREAD,0.41
P-ceb0bd4cc2ea,P-8757bac39ee0,CO_OCCURRED_IN_THREAD,0.83
P-9ec8556c99d8,P-058666ee5209,CO_OCCURRED_IN_THREAD,0.45
P-573cacd7b90c,P-1551ab86344f,CO_OCCURRED_IN_THREAD,0.66
P-779ce15a44d7,P-ad471ced7cb0,CO_OCCURRED_IN_THREAD,0.73
P-bc12c85fbaa3,P-a90149e7fb20,CO_OCCURRED_IN_THREAD,0.6
P-b68a46b395f0,P-723f6fd22c11,CO_OCCURRED_IN_THREAD,0.81
P-bcef15106936,P-1ff13942c7b1,CO_OCCURRED_IN_THREAD,0.6
P-9ec8556c99d8,P-6d5fd08bbdfa,CO_OCCURRED_IN_THREAD,0.61
P-3187de6421a0,P-0bdccdc1bc7f,CO_OCCURRED_IN_THREAD,0.63
P-0a51b511bf18,P-d5f57cfc49db,CO_OCCURRED_IN_THREAD,0.51
P-2c18f8107aa0,P-deb451f04838,CO_OCCURRED_IN_THREAD,0.81
P-b087913de037,P-f20b4f388ac0,CO_OCCURRED_IN_THREAD,0.4
P-21176e55f0e5,P-5a53f5879484,CO_OCCURRED_IN_THREAD,0.51
P-f1fc01f897ac,P-70f2409b0273,CO_OCCURRED_IN_THREAD,0.44
P-cff5c5634c01,P-690b949f7c10,CO_OCCURRED_IN_THREAD,0.77
P-404f86b96af3,P-ba49c20b3a29,CO_OCCURRED_IN_THREAD,0.65
P-e1f63dd2a859,P-d6552e426bc6,CO_OCCURRED_IN_THREAD,0.56
P-d0e0b8669f07,P-f2149482e2e3,CO_OCCURRED_IN_THREAD,0.67
P-bae66d5f82f2,P-722684a462b1,CO_OCCURRED_IN_THREAD,0.54
P-9a341f6fef6b,P-2c1840b838d4,CO_OCCURRED_IN_THREAD,0.46
P-f3c439562075,P-66269a472c5a,CO_OCCURRED_IN_THREAD,0.78
P-a3ff8dcd0da4,P-45daf59984da,CO_OCCURRED_IN_THREAD,0.8
P-b92c6215e440,P-bae66d5f82f2,CO_OCCURRED_IN_THREAD,0.74
P-86e67a464eb4,P-bf146088a347,CO_OCCURRED_IN_THREAD,0.71
P-972ecc1c2efb,P-efb17d88fb3c,CO_OCCURRED_IN_THREAD,0.67
P-1ea95c5a7f3b,P-ad7b677e18d7,CO_OCCURRED_IN_THREAD,0.54
P-5776ce980ade,P-7039a45a82d1,CO_OCCURRED_IN_THREAD,0.73
P-fe800add80f0,P-ce874f909ad9,CO_OCCURRED_IN_THREAD,0.84
P-007e9e7c61d0,P-2ae9ff40df2f,CO_OCCURRED_IN_THREAD,0.59
P-7180fc6abf71,P-a744bd0f5e45,CO_OCCURRED_IN_THREAD,0.53
P-974dd806a98f,P-3dc57f1f3c8f,CO_OCCURRED_IN_THREAD,0.75
P-6a37d5f893ac,P-0bdccdc1bc7f,CO_OCCURRED_IN_THREAD,0.69
P-3b13f1295e85,P-8a97f4175b88,CO_OCCURRED_IN_THREAD,0.47
P-2bf6d9c21c8d,P-d94b4382cd02,CO_OCCURRED_IN_THREAD,0.64
P-8919c91012f9,P-b058de478fac,CO_OCCURRED_IN_THREAD,0.55
P-db90311bd1e6,P-0c1363206540,CO_OCCURRED_IN_THREAD,0.88
P-46dfb174b7ad,P-98ae5139160c,CO_OCCURRED_IN_THREAD,0.66
P-107029c835db,P-aa4061faee3b,CO_OCCURRED_IN_THREAD,0.71
P-0bdccdc1bc7f,P-21176e55f0e5,CO_OCCURRED_IN_THREAD,0.42
P-dd7a16ffb2b0,P-3f8234aec406,CO_OCCURRED_IN_THREAD,0.83
P-45daf59984da,P-f16265b9cbf1,CO_OCCURRED_IN_THREAD,0.62
P-fff063bad009,P-9b7c94828632,CO_OCCURRED_IN_THREAD,0.46
P-42a75d2189a1,P-7b23e5943257,CO_OCCURRED_IN_THREAD,0.53
P-96658d3ec3bb,P-60b8f8ec124f,CO_OCCURRED_IN_THREAD,0.62
P-a08a2345afac,P-deb451f04838,CO_OCCURRED_IN_THREAD,0.57
P-1904235a316f,P-865581ebd772,CO_OCCURRED_IN_THREAD,0.71
P-cc0c53176778,P-a070cc1a36e8,CO_OCCURRED_IN_THREAD,0.66
P-654150a97bf5,P-6a722692a04e,CO_OCCURRED_IN_THREAD,0.8
P-bd3243c9a891,P-43ae31702059,CO_OCCURRED_IN_THREAD,0.56
P-5ebdfd4376dc,P-4115e8cdb856,CO_OCCURRED_IN_THREAD,0.73
P-4bf8919d6ecc,P-45db1d1e1c2a,CO_OCCURRED_IN_THREAD,0.49
P-ca4f71343581,P-c29777a38aea,CO_OCCURRED_IN_THREAD,0.86
P-87513f0db60b,P-7c80ea9e5852,CO_OCCURRED_IN_THREAD,0.82
P-b81e23a5f020,P-84d4b68ca18c,CO_OCCURRED_IN_THREAD,0.88
P-5da21d227faf,P-2a5b4b26283b,CO_OCCURRED_IN_THREAD,0.58
P-7463f30816f1,P-20a3a1732709,CO_OCCURRED_IN_THREAD,0.64
P-9ffccbb76aab,P-a8d9c3ffbcdd,CO_OCCURRED_IN_THREAD,0.55
P-069a62f7e913,P-4290b3f3643d,CO_OCCURRED_IN_THREAD,0.7
P-6c330062c504,P-9a1b392db948,CO_OCCURRED_IN_THREAD,0.83
P-ba49c20b3a29,P-0c0f8aed9343,CO_OCCURRED_IN_THREAD,0.84
P-f16265b9cbf1,P-865581ebd772,CO_OCCURRED_IN_THREAD,0.42
P-a5491086811d,P-03e94130f710,CO_OCCURRED_IN_THREAD,0.8
P-7c7c7be5d08d,P-ad76c32cec4a,CO_OCCURRED_IN_THREAD,0.44
P-6e7857105747,P-7ef3fd665f43,CO_OCCURRED_IN_THREAD,0.56
P-7e75752c98dd,P-79be644a4ee7,CO_OCCURRED_IN_THREAD,0.5
P-b6931bf2963a,P-d8bcdf79f1b4,CO_OCCURRED_IN_THREAD,0.79
P-ad471ced7cb0,P-8a97f4175b88,CO_OCCURRED_IN_THREAD,0.45
P-8906109d4cdb,P-ecadb3c2db7f,CO_OCCURRED_IN_THREAD,0.42
P-a69e37437a45,P-051b5793718b,CO_OCCURRED_IN_THREAD,0.79
P-9ee0bc74159a,P-857b654aa701,CO_OCCURRED_IN_THREAD,0.77
P-aba8567fd789,P-087abdbb3e08,CO_OCCURRED_IN_THREAD,0.7
P-1de44c91a50c,P-7dfbdc57e1b5,CO_OCCURRED_IN_THREAD,0.65
P-c15940494fb1,P-06a4f32d283e,CO_OCCURRED_IN_THREAD,0.75
P-9633e2907b49,P-bb6ec096727b,CO_OCCURRED_IN_THREAD,0.4
P-c83ca98e9c0b,P-0530575df64a,CO_OCCURRED_IN_THREAD,0.81
P-3e2d50c72fd8,P-528706a7c386,CO_OCCURRED_IN_THREAD,0.59
P-081c44aa6d3c,P-5667f42280c7,CO_OCCURRED_IN_THREAD,0.79
P-69dd79ec8c57,P-659cfe204218,CO_OCCURRED_IN_THREAD,0.86
P-195ce9406bfe,P-fa13b9dd0e3b,CO_OCCURRED_IN_THREAD,0.78
P-6b9de2aa7f3d,P-6965b23e4e93,CO_OCCURRED_IN_THREAD,0.53
P-d6552e426bc6,P-c9e9d143b2d7,CO_OCCURRED_IN_THREAD,0.74
P-fa46eff8ca4e,P-6da67092d2e3,CO_OCCURRED_IN_THREAD,0.66
P-4bf8919d6ecc,P-a8d9c3ffbcdd,CO_OCCURRED_IN_THREAD,0.6
P-f1fc01f897ac,P-d36c98139606,CO_OCCURRED_IN_THREAD,0.49
P-9f0d9b796e2b,P-015a43886727,CO_OCCURRED_IN_THREAD,0.84
P-68e3b34275a3,P-83f41984460b,CO_OCCURRED_IN_THREAD,0.87
P-be0c41f91a40,P-605a87f867f5,CO_OCCURRED_IN_THREAD,0.81
P-c8e37d175908,P-68053b1d5e28,CO_OCCURRED_IN_THREAD,0.78
P-0530575df64a,P-bad98134a403,CO_OCCURRED_IN_THREAD,0.43
P-9e60476116df,P-723f6fd22c11,CO_OCCURRED_IN_THREAD,0.78
P-dc26cc0c67f4,P-4a457b2a35cc,CO_OCCURRED_IN_THREAD,0.63
P-2c1840b838d4,P-1da463ed6dd0,CO_OCCURRED_IN_THREAD,0.54
P-efb17d88fb3c,P-f50ff0e9ceb2,CO_OCCURRED_IN_THREAD,0.7
P-993e5a93380b,P-1bc15dd2afe4,CO_OCCURRED_IN_THREAD,0.47
P-74889886d5d6,P-1bcd2ea1e800,CO_OCCURRED_IN_THREAD,0.62
P-75cad8349686,P-400597dafd36,CO_OCCURRED_IN_THREAD,0.76
P-55237ab76c0f,P-6540cc2078fe,CO_OCCURRED_IN_THREAD,0.87
P-44c28923d660,P-9ee0bc74159a,CO_OCCURRED_IN_THREAD,0.65
P-bcef15106936,P-713d645fd493,CO_OCCURRED_IN_THREAD,0.75
P-3ac53259099b,P-f6d6dab55aa2,CO_OCCURRED_IN_THREAD,0.5
P-3a351233de9d,P-1fd8b0303255,CO_OCCURRED_IN_THREAD,0.7
P-4a3f5c007f26,P-4737d0c924bc,CO_OCCURRED_IN_THREAD,0.53
P-e96ab61d627b,P-e18d76f4b822,CO_OCCURRED_IN_THREAD,0.57
P-2c1840b838d4,P-1e7ff0c6de8a,CO_OCCURRED_IN_THREAD,0.59
P-670a2147e373,P-a90149e7fb20,CO_OCCURRED_IN_THREAD,0.49
P-604b8ddb7d01,P-fa26728c39e4,CO_OCCURRED_IN_THREAD,0.81
P-a403d7eb81d0,P-269a5e3590af,CO_OCCURRED_IN_THREAD,0.7
P-be63c03f8e82,P-21ea0996fd25,CO_OCCURRED_IN_THREAD,0.66
P-c40e144f282b,P-11ae31c5e0c9,CO_OCCURRED_IN_THREAD,0.71
P-d9a6d7d85296,P-aba8567fd789,CO_OCCURRED_IN_THREAD,0.73
P-adb3ab88e82d,P-83a55a4620c2,CO_OCCURRED_IN_THREAD,0.75
P-6d5fd08bbdfa,P-de929041ac9f,CO_OCCURRED_IN_THREAD,0.86
P-dc26cc0c67f4,P-3c531ab86768,CO_OCCURRED_IN_THREAD,0.48
P-de929041ac9f,P-4ca9bee9e198,CO_OCCURRED_IN_THREAD,0.5
P-573cacd7b90c,P-dc6abebba02c,CO_OCCURRED_IN_THREAD,0.75
P-4d4fc776f342,P-42a75d2189a1,CO_OCCURRED_IN_THREAD,0.68
P-4a2a3265323b,P-8a9cf2d35cdd,CO_OCCURRED_IN_THREAD,0.51
P-b783df668b0a,P-b6931bf2963a,CO_OCCURRED_IN_THREAD,0.74
P-f51dd0a360dc,P-f577b2f8535d,CO_OCCURRED_IN_THREAD,0.67
P-c155f1b1e189,P-7d3b45460278,CO_OCCURRED_IN_THREAD,0.71
P-2f9d67f4f85c,P-76c3739ac2f6,CO_OCCURRED_IN_THREAD,0.79
P-631047a93197,P-1c4d2cce8a04,CO_OCCURRED_IN_THREAD,0.67
P-984f69af1478,P-1108b2aa5fe5,CO_OCCURRED_IN_THREAD,0.79
P-97b09616d198,P-ad471ced7cb0,CO_OCCURRED_IN_THREAD,0.75
P-a744bd0f5e45,P-c40e144f282b,CO_OCCURRED_IN_THREAD,0.4
P-058666ee5209,P-36df875ab0f9,CO_OCCURRED_IN_THREAD,0.43
P-66269a472c5a,P-88fc88198b82,CO_OCCURRED_IN_THREAD,0.72
P-b7e848be7d76,P-2b12f8d04fd4,CO_OCCURRED_IN_THREAD,0.65
P-ad471ced7cb0,P-51f7171ec76e,CO_OCCURRED_IN_THREAD,0.5
P-9ec8556c99d8,P-195ce9406bfe,CO_OCCURRED_IN_THREAD,0.52
P-f6cfa99e8789,P-7835520c7d2e,CO_OCCURRED_IN_THREAD,0.72
P-b88ef5d0f1f1,P-09b3fc91a602,CO_OCCURRED_IN_THREAD,0.57
P-ea92b685451f,P-0cb9aeb54f19,CO_OCCURRED_IN_THREAD,0.48
P-311a335d6237,P-47cc7f8dd6c8,CO_OCCURRED_IN_THREAD,0.67
P-b7e848be7d76,P-d94b4382cd02,CO_OCCURRED_IN_THREAD,0.64
P-36df875ab0f9,P-ee7fbee2899f,CO_OCCURRED_IN_THREAD,0.73
P-7fb2ee60140c,P-f32b85be3ff9,CO_OCCURRED_IN_THREAD,0.72
P-4514e7dea6a2,P-ccdec0470497,CO_OCCURRED_IN_THREAD,0.84
P-dc15e2df5166,P-bf2c59dbb044,CO_OCCURRED_IN_THREAD,0.53
P-631047a93197,P-b5f4d2146500,CO_OCCURRED_IN_THREAD,0.71
P-de929041ac9f,P-711655afcda7,CO_OCCURRED_IN_THREAD,0.45
P-39ae25f28bb1,P-8ab92ef5b36f,CO_OCCURRED_IN_THREAD,0.86
P-ba49c20b3a29,P-7e07247a5a85,CO_OCCURRED_IN_THREAD,0.77
P-ee7fbee2899f,P-207da5b954f1,CO_OCCURRED_IN_THREAD,0.41
P-44c28923d660,P-3b0529f864d8,CO_OCCURRED_IN_THREAD,0.53
P-4f09b3ceb0e0,P-7039a45a82d1,CO_OCCURRED_IN_THREAD,0.69
P-1a401a7cea41,P-0eeec7abfbc6,CO_OCCURRED_IN_THREAD,0.6
P-1cc6ab79d3e4,P-45e887cbb659,CO_OCCURRED_IN_THREAD,0.69
P-d312641511b5,P-d10b293aabdc,CO_OCCURRED_IN_THREAD,0.42
P-2d23ecf4fb2b,P-4bff5bedb0a0,CO_OCCURRED_IN_THREAD,0.46
P-11ae31c5e0c9,P-aba8567fd789,CO_OCCURRED_IN_THREAD,0.6
P-66bbb5dd03af,P-107029c835db,CO_OCCURRED_IN_THREAD,0.46
P-5a53f5879484,P-45e887cbb659,CO_OCCURRED_IN_THREAD,0.45
P-f208dd91f299,P-deb451f04838,CO_OCCURRED_IN_THREAD,0.84
P-ba579b529200,P-597261c22be0,CO_OCCURRED_IN_THREAD,0.75
P-670a2147e373,P-d55bb40bbffa,CO_OCCURRED_IN_THREAD,0.56
P-5776ce980ade,P-4a3f5c007f26,CO_OCCURRED_IN_THREAD,0.5
P-ed0034b44729,P-268a72d5aa4f,CO_OCCURRED_IN_THREAD,0.54
P-1dfdc457af6d,P-7c7c7be5d08d,CO_OCCURRED_IN_THREAD,0.56
P-efb17d88fb3c,P-7ef3fd665f43,CO_OCCURRED_IN_THREAD,0.47
P-3f34d8e5a89b,P-7ef3fd665f43,CO_OCCURRED_IN_THREAD,0.44
P-9d139682eea3,P-2d934bced1c7,CO_OCCURRED_IN_THREAD,0.73
P-4514e7dea6a2,P-cc0c53176778,CO_OCCURRED_IN_THREAD,0.84
P-dd629649570c,P-e54749d80472,CO_OCCURRED_IN_THREAD,0.56
P-4bff5bedb0a0,P-5a0d22d1b33f,CO_OCCURRED_IN_THREAD,0.54
P-786b79cb95cd,P-7b1111f6af9b,CO_OCCURRED_IN_THREAD,0.68
P-83a55a4620c2,P-6898c0499b0c,CO_OCCURRED_IN_THREAD,0.67
P-c83ca98e9c0b,P-3482c53c00da,CO_OCCURRED_IN_THREAD,0.8
P-559f1be39b0c,P-0243407bb130,CO_OCCURRED_IN_THREAD,0.62
P-02c6d0b7cd72,P-a6dae8e30640,CO_OCCURRED_IN_THREAD,0.6
P-f1fc01f897ac,P-2716ebfc77c2,CO_OCCURRED_IN_THREAD,0.59
P-f46e34c3d423,P-e98265b32e57,CO_OCCURRED_IN_THREAD,0.52
P-730238c13056,P-8e13cd9571dc,CO_OCCURRED_IN_THREAD,0.47
P-4ad60579023a,P-38ecbc2e3811,CO_OCCURRED_IN_THREAD,0.6
P-70f2409b0273,P-3482c53c00da,CO_OCCURRED_IN_THREAD,0.51
P-ed7c1c9ae590,P-1c2c5c2713ef,CO_OCCURRED_IN_THREAD,0.48
P-f5c665fa5e74,P-a3ff8dcd0da4,CO_OCCURRED_IN_THREAD,0.75
P-605bff56e163,P-0e043db68222,CO_OCCURRED_IN_THREAD,0.81
P-72850969628f,P-4efbcc7c0725,CO_OCCURRED_IN_THREAD,0.46
P-7b23e5943257,P-db09903e849f,CO_OCCURRED_IN_THREAD,0.86
P-56b0fe878f67,P-7c80ea9e5852,CO_OCCURRED_IN_THREAD,0.74
P-857b654aa701,P-631047a93197,CO_OCCURRED_IN_THREAD,0.43
P-1d3d947f9ec6,P-b087913de037,CO_OCCURRED_IN_THREAD,0.84
P-1bc15dd2afe4,P-d0e0b8669f07,CO_OCCURRED_IN_THREAD,0.58
P-9c1bc51768b3,P-acca04beee58,CO_OCCURRED_IN_THREAD,0.77
P-2716ebfc77c2,P-d36c98139606,CO_OCCURRED_IN_THREAD,0.6
P-7417573aa05e,P-983ef1c3fd3b,CO_OCCURRED_IN_THREAD,0.63
P-3966b01b9dfd,P-38d1acb198ef,TRANSACTED_WITH,0.61
P-fa7d71f6cae9,P-afe6cc21d3bf,TRANSACTED_WITH,0.78
P-e54749d80472,P-ba579b529200,TRANSACTED_WITH,0.41
P-61f2cc7fc405,P-1108b2aa5fe5,TRANSACTED_WITH,0.51
P-5b2fef6077c2,P-98ced6c692d6,TRANSACTED_WITH,0.63
P-4be8d84263b0,P-9c1bc51768b3,TRANSACTED_WITH,0.41
P-29b8d79ae58a,P-6c330062c504,TRANSACTED_WITH,0.45
P-b06c9c2c8119,P-e0f89e9be103,TRANSACTED_WITH,0.87
P-3a351233de9d,P-e1ee1b24b709,TRANSACTED_WITH,0.49
P-00badace2bcf,P-b5908138e29b,TRANSACTED_WITH,0.52
P-21d8766ee444,P-cdc1eaffb5fc,TRANSACTED_WITH,0.44
P-e4b9dfabd294,P-c7eec7d13d2d,TRANSACTED_WITH,0.87
P-0243407bb130,P-da2ea1de2db3,TRANSACTED_WITH,0.5
P-b6650ec6d2ec,P-0aa2137bf25b,TRANSACTED_WITH,0.41
P-32812cd31ae2,P-133e4a089e41,TRANSACTED_WITH,0.66
P-ea52f949de5d,P-4514e7dea6a2,TRANSACTED_WITH,0.6
P-1c6565e6ea97,P-1ff13942c7b1,TRANSACTED_WITH,0.41
P-f1ec1aa3fe6b,P-9d7ad2e50c09,TRANSACTED_WITH,0.5
P-5d2548e01698,P-958331f3db9f,TRANSACTED_WITH,0.48
P-e18d76f4b822,P-7835520c7d2e,TRANSACTED_WITH,0.8
P-76dca22330ad,P-91b68f25f378,TRANSACTED_WITH,0.44
P-ce4ddf3ea560,P-3dc57f1f3c8f,TRANSACTED_WITH,0.74
P-52d7df148f2c,P-66cbb65b87ea,TRANSACTED_WITH,0.87
P-db90311bd1e6,P-c156f1d38e82,TRANSACTED_WITH,0.55
P-c7f9bea3bd1a,P-8897987cc12d,TRANSACTED_WITH,0.76
P-def1c6e02a7c,P-c6a6b38b19f2,TRANSACTED_WITH,0.68
P-8d73efbdf37b,P-c1f4f00656ba,TRANSACTED_WITH,0.42
P-1e2fbd9449f6,P-6b915d9ea709,TRANSACTED_WITH,0.51
P-393fc1a8423b,P-474b00899f06,TRANSACTED_WITH,0.68
P-bdf8ca8518b3,P-b3db0ba75791,TRANSACTED_WITH,0.78
P-c8e37d175908,P-20c2d5ed3b0a,TRANSACTED_WITH,0.54
P-59661fc1f57a,P-02b363fe98ee,TRANSACTED_WITH,0.78
P-ca7f9b585e40,P-a90819dc972f,TRANSACTED_WITH,0.71
P-a75a280662f3,P-66bbb5dd03af,TRANSACTED_WITH,0.73
P-c7eec7d13d2d,P-f8c4e6c07943,TRANSACTED_WITH,0.45
P-de2df1425729,P-4391dbbcb0e9,TRANSACTED_WITH,0.5
P-78986ad251ea,P-17562c8ed131,TRANSACTED_WITH,0.63
P-e951d4e289d9,P-edea9294d1a5,TRANSACTED_WITH,0.77
P-2fda45156b50,P-dd7a16ffb2b0,TRANSACTED_WITH,0.72
P-56d1d4aabad4,P-ba49c20b3a29,TRANSACTED_WITH,0.84
P-fa7d8f90cdce,P-d9e37c4beedc,TRANSACTED_WITH,0.74
P-54cb4a418e57,P-6a66b80a82e3,TRANSACTED_WITH,0.81
P-86b058037d8b,P-bdcec9ca057e,TRANSACTED_WITH,0.5
P-72aef17eab49,P-e5f1cd89b277,TRANSACTED_WITH,0.45
P-965ec57a8afe,P-8e270afe1e36,TRANSACTED_WITH,0.7
P-cbd474eab9c4,P-74bb5c3939bf,TRANSACTED_WITH,0.81
P-85730bb6b0f3,P-7b1111f6af9b,TRANSACTED_WITH,0.58
P-0eeec7abfbc6,P-ba29fb1bdcc5,TRANSACTED_WITH,0.65
P-8acab55dd4cb,P-2a5915a1d8aa,TRANSACTED_WITH,0.83
P-861ad1d9431f,P-b058de478fac,TRANSACTED_WITH,0.86
P-87cebe53967b,P-1bead4b6b85b,TRANSACTED_WITH,0.85
P-3c037beb716e,P-2924bf1fc647,TRANSACTED_WITH,0.85
P-6925c1a1e9ca,P-51f7171ec76e,TRANSACTED_WITH,0.47
P-4f9daee298bd,P-aac83c96c740,TRANSACTED_WITH,0.65
P-4f525206a483,P-6e16cd5376bc,TRANSACTED_WITH,0.87
P-9a142ba28a75,P-7dfbdc57e1b5,TRANSACTED_WITH,0.48
P-6c330062c504,P-874df6c6c396,TRANSACTED_WITH,0.42
P-778535b379d7,P-24f86cf5cbc3,TRANSACTED_WITH,0.44
P-62226068dd76,P-b56820d7d66f,TRANSACTED_WITH,0.67
P-3f34d8e5a89b,P-0801fb547918,TRANSACTED_WITH,0.77
P-710318888e8a,P-93b12fbbc8f6,TRANSACTED_WITH,0.72
P-076e5b4855bb,P-9f0d9b796e2b,TRANSACTED_WITH,0.72
P-281b984ca0b6,P-33e4ed60dc75,TRANSACTED_WITH,0.62
P-5776ce980ade,P-8801755d6ce5,TRANSACTED_WITH,0.53
P-8309764839fe,P-6c7f34e5e43c,TRANSACTED_WITH,0.46
P-d6da3295439f,P-2d23ecf4fb2b,TRANSACTED_WITH,0.45
P-e3a7506c6ad2,P-17e04abf13cc,TRANSACTED_WITH,0.48
P-2f9d67f4f85c,P-1904235a316f,TRANSACTED_WITH,0.51
P-d639607550e2,P-7081ee251913,TRANSACTED_WITH,0.77
P-84701739a3bc,P-fd394ddb78f3,TRANSACTED_WITH,0.54
P-01c69c562f9f,P-a050a7ad816c,TRANSACTED_WITH,0.71
P-9633e2907b49,P-43143e6a2f95,TRANSACTED_WITH,0.66
P-6a9471d1b513,P-6a66b80a82e3,TRANSACTED_WITH,0.41
P-0e528f6ea70f,P-41f5d294d1f6,TRANSACTED_WITH,0.43
P-6a94226c2f7f,P-e5673bfe3211,TRANSACTED_WITH,0.45
P-eca5b3e01bf3,P-6e2325834ec9,TRANSACTED_WITH,0.8
P-eadaef5037dd,P-ffb7f14ca1c4,TRANSACTED_WITH,0.46
P-b4b0b809193a,P-61a82c0c41b8,TRANSACTED_WITH,0.66
P-a8841f020d10,P-6895d90df764,TRANSACTED_WITH,0.69
P-099c813a8f9b,P-1e75ec5eb465,TRANSACTED_WITH,0.59
P-47869bae0ca3,P-8b2365435259,TRANSACTED_WITH,0.6
P-08e9af7b3310,P-eb3a01d02188,TRANSACTED_WITH,0.54
P-c82d4a966f96,P-4ac51eb1d580,TRANSACTED_WITH,0.57
P-7de210f66d60,P-3e8064e8b5d3,TRANSACTED_WITH,0.88
P-bf2903340d4b,P-093b5258da66,TRANSACTED_WITH,0.45
P-03e94130f710,P-52d7df148f2c,TRANSACTED_WITH,0.56
P-b3db0ba75791,P-08c378ee0272,TRANSACTED_WITH,0.67
P-69decd93dab5,P-ff7a54881520,TRANSACTED_WITH,0.41
P-c96b8c085a7a,P-02ba1f24c071,TRANSACTED_WITH,0.64
P-b52e25a4a91c,P-55e8774a2182,TRANSACTED_WITH,0.61
P-ac84d0d96186,P-6ceb3f6ed520,TRANSACTED_WITH,0.53
P-5a0e60af50b5,P-c0c5e68b6d8a,TRANSACTED_WITH,0.81
P-865581ebd772,P-7de210f66d60,TRANSACTED_WITH,0.43
P-6ec89e0b0a3c,P-d60cde2a182a,TRANSACTED_WITH,0.66
P-86b058037d8b,P-cd81e0d0e211,TRANSACTED_WITH,0.62
P-a046b2a10643,P-7125afd59bf9,TRANSACTED_WITH,0.44
P-9f0d9b796e2b,P-c5bdb4347298,TRANSACTED_WITH,0.78
P-21ab20553e81,P-278f4e708ac1,TRANSACTED_WITH,0.7
P-42a75d2189a1,P-6a66b80a82e3,TRANSACTED_WITH,0.7
P-7c18d0dcec1f,P-36354a25c33a,TRANSACTED_WITH,0.87
P-b4ce0fa23536,P-30f992cb96e8,TRANSACTED_WITH,0.61
P-6d308097280c,P-c3e178553751,TRANSACTED_WITH,0.73
P-caaf6d0498f1,P-78d94adaf0e5,TRANSACTED_WITH,0.68
P-51e91931267c,P-4013af88fe6e,TRANSACTED_WITH,0.46
P-058448f3b40f,P-7ec5b408f1b4,TRANSACTED_WITH,0.81
P-c3a5219cbb9c,P-fd0c5fc46115,TRANSACTED_WITH,0.73
P-b2e0f77b5f4b,P-46dfb174b7ad,TRANSACTED_WITH,0.57
P-cfc4fc9a03e9,P-778535b379d7,TRANSACTED_WITH,0.73
P-4611ea65d6c0,P-3eb46ebe2493,TRANSACTED_WITH,0.6
P-edea9294d1a5,P-965ec57a8afe,TRANSACTED_WITH,0.65
P-b37a63860799,P-146e9aa040f2,TRANSACTED_WITH,0.43
P-69a6fcc91f93,P-5706fe298a21,TRANSACTED_WITH,0.69
P-087abdbb3e08,P-fb807eee89db,TRANSACTED_WITH,0.54
P-7e6bb293e360,P-fd394ddb78f3,TRANSACTED_WITH,0.42
P-57917bdae1c4,P-b0bf984f7a5e,TRANSACTED_WITH,0.78
P-f7de3ecc5d25,P-cabf03f5a100,TRANSACTED_WITH,0.61
P-f3f2d5f2e47f,P-e0c1b254fa95,TRANSACTED_WITH,0.53
P-434c1697c252,P-cb3e08e2d700,TRANSACTED_WITH,0.6
P-37a96872db72,P-5ed24415b973,TRANSACTED_WITH,0.66
P-7edb914aff60,P-6e02119a5684,TRANSACTED_WITH,0.77
P-69e8caf8f1b6,P-cdf417292d7c,TRANSACTED_WITH,0.79
P-24abf16e769e,P-9f2ab523394b,TRANSACTED_WITH,0.81
P-5fc5fb181f5f,P-0ebd520f23c5,TRANSACTED_WITH,0.78
P-b589783756a6,P-8906109d4cdb,TRANSACTED_WITH,0.56
P-e24617a15443,P-d9a6d7d85296,TRANSACTED_WITH,0.7
P-91181f0648c7,P-18fc5bcffa81,TRANSACTED_WITH,0.84
P-c932f0a1b1e5,P-bcc716c2e63b,TRANSACTED_WITH,0.81
P-8444041f0ddc,P-2f2672c993dd,TRANSACTED_WITH,0.49
P-4978a9619d83,P-c0724fb52de0,TRANSACTED_WITH,0.86
P-f38b58272073,P-522419c92d5d,TRANSACTED_WITH,0.55
P-02fa5f1f201c,P-bbf11148b811,TRANSACTED_WITH,0.59
P-7e085ac6b9e6,P-762520938e2c,TRANSACTED_WITH,0.74
P-503e9cb5be34,P-ed86c087d134,TRANSACTED_WITH,0.66
P-da030cfcd4e7,P-809fafd3cf8e,TRANSACTED_WITH,0.4
P-d6da3295439f,P-97fcd6b630c7,TRANSACTED_WITH,0.63
P-da030cfcd4e7,P-3f7240bfae45,TRANSACTED_WITH,0.88
P-c75bb5a4b5ad,P-af8f2abe07ce,TRANSACTED_WITH,0.68
P-daee1d86b56b,P-474b00899f06,TRANSACTED_WITH,0.85
P-e1fcd56f759a,P-d3f13d4e3a9c,TRANSACTED_WITH,0.46
P-07a98eaa0fb6,P-b5908138e29b,TRANSACTED_WITH,0.71
P-9f2ab523394b,P-72b160596b3e,TRANSACTED_WITH,0.84
P-3b0f5b7780ff,P-baa8fe000d3d,TRANSACTED_WITH,0.75
P-1917482715a4,P-c3ccd65009dc,TRANSACTED_WITH,0.61
P-30f992cb96e8,P-0ac52a59eaf5,TRANSACTED_WITH,0.82
P-36f38fdeee18,P-e4b9dfabd294,TRANSACTED_WITH,0.87
P-b6931bf2963a,P-8ab92ef5b36f,TRANSACTED_WITH,0.86
P-0aa2137bf25b,P-cea9a9e9833d,TRANSACTED_WITH,0.72
P-bcc716c2e63b,P-ba29fb1bdcc5,TRANSACTED_WITH,0.56
P-fa281ff01c1e,P-1a652f7767ad,TRANSACTED_WITH,0.42
P-b03bf399265c,P-1c6565e6ea97,TRANSACTED_WITH,0.71
P-338a8ce7110f,P-087abdbb3e08,TRANSACTED_WITH,0.76
P-6c2ecd65dbfd,P-af8f2abe07ce,TRANSACTED_WITH,0.47
P-8e43465990ae,P-3ef61d91fa3b,TRANSACTED_WITH,0.54
P-7ce42ba07806,P-6a722692a04e,TRANSACTED_WITH,0.73
P-fa2170ae761b,P-257596a5f1c0,TRANSACTED_WITH,0.61
P-542c4c643583,P-88848dbfad6a,TRANSACTED_WITH,0.72
P-b658d82e92bf,P-8e5dd308b812,TRANSACTED_WITH,0.48
P-cb95a9865883,P-cb3e08e2d700,TRANSACTED_WITH,0.57
P-0c1d5d863919,P-1a0c3022e7a6,TRANSACTED_WITH,0.78
P-ee5fe2c7527a,P-94a4b870478f,TRANSACTED_WITH,0.8
P-20c2d5ed3b0a,P-eecd8ca35aaf,TRANSACTED_WITH,0.42
P-18fc5bcffa81,P-c287574ad406,TRANSACTED_WITH,0.75
P-b4b0b809193a,P-1bc15dd2afe4,TRANSACTED_WITH,0.7
P-72ced2ffa8ec,P-2c463f369f32,TRANSACTED_WITH,0.41
P-f50ff0e9ceb2,P-c7ddb10c96bd,TRANSACTED_WITH,0.65
P-45daf59984da,P-ebc934d19610,TRANSACTED_WITH,0.63
P-78986ad251ea,P-2716ebfc77c2,TRANSACTED_WITH,0.57
P-ff7733b458d5,P-be63c03f8e82,TRANSACTED_WITH,0.84
P-5e0711c09e25,P-02ba1f24c071,TRANSACTED_WITH,0.61
P-644816cca6d6,P-a8841f020d10,TRANSACTED_WITH,0.82
P-64a9defa1a74,P-1df87823e83e,TRANSACTED_WITH,0.62
P-fd6fd0ab3e42,P-a046b2a10643,TRANSACTED_WITH,0.71
P-087abdbb3e08,P-deaaeb8afaa0,TRANSACTED_WITH,0.71
P-71e53930e9fc,P-efeaa439a66a,TRANSACTED_WITH,0.82
P-7f2045ba50dd,P-945da897aa7a,TRANSACTED_WITH,0.82
P-bbf11148b811,P-dab46ac40c2d,TRANSACTED_WITH,0.88
P-0986aaee75a2,P-f1fc01f897ac,TRANSACTED_WITH,0.45
P-21ab20553e81,P-5b2fef6077c2,TRANSACTED_WITH,0.58
P-1c5150453636,P-e18d76f4b822,TRANSACTED_WITH,0.74
P-0aa2137bf25b,P-69cee843052c,TRANSACTED_WITH,0.8
P-002e7d6cd48e,P-670a2147e373,TRANSACTED_WITH,0.48
P-8bc48e80075a,P-05a7b70cbc78,TRANSACTED_WITH,0.47
P-b058de478fac,P-e5caff6be317,TRANSACTED_WITH,0.59
P-333ed5770ed8,P-edce338c9ff3,TRANSACTED_WITH,0.65
P-e54749d80472,P-b7e848be7d76,TRANSACTED_WITH,0.68
P-6023607f70de,P-f848bd5e3e14,TRANSACTED_WITH,0.46
P-7ebdbb341f27,P-9a80782edd8e,TRANSACTED_WITH,0.51
P-46dfb174b7ad,P-5e481ce25efd,TRANSACTED_WITH,0.73
P-be8d0cf94187,P-ca42553e80ec,TRANSACTED_WITH,0.46
P-1c09e54175fe,P-2bfbefbc80e0,TRANSACTED_WITH,0.46
P-8498a570fbcc,P-1cf9fd90aff0,TRANSACTED_WITH,0.58
P-6bb77b977b9c,P-4efbcc7c0725,TRANSACTED_WITH,0.84
P-8bc48e80075a,P-e1fcd56f759a,TRANSACTED_WITH,0.85
P-002e7d6cd48e,P-72850969628f,TRANSACTED_WITH,0.68
P-0dbc12afeb09,P-e4b9dfabd294,TRANSACTED_WITH,0.6
P-ba29fb1bdcc5,P-f7b2cd98ece8,TRANSACTED_WITH,0.49
P-e8852e4453b0,P-9cf857d15c75,TRANSACTED_WITH,0.8
P-9736409d6c1c,P-af5dcb228e4d,TRANSACTED_WITH,0.5
P-98c6aeb2c7c0,P-d1e3c8369ea4,TRANSACTED_WITH,0.84
P-817232aeb29b,P-d8bcdf79f1b4,TRANSACTED_WITH,0.86
P-0ac52a59eaf5,P-595ed6ae9cf8,TRANSACTED_WITH,0.56
P-048b6c43b2c3,P-64a9defa1a74,TRANSACTED_WITH,0.61
P-e1fcd56f759a,P-b765e8eeb469,TRANSACTED_WITH,0.53
P-2cdaf869c491,P-f6e7b007b416,TRANSACTED_WITH,0.54
P-30440d5c11fa,P-22a18c957f76,TRANSACTED_WITH,0.8
P-474b00899f06,P-0c21d05254f4,TRANSACTED_WITH,0.79
P-1e86ee8a3fe6,P-44c28923d660,TRANSACTED_WITH,0.69
P-2bf6d9c21c8d,P-fa02f85fe1c0,TRANSACTED_WITH,0.42
P-c86fc4f16851,P-4796f179e154,TRANSACTED_WITH,0.76
P-0044adec2cb0,P-9410650bd36c,TRANSACTED_WITH,0.67
P-6f0b5aade348,P-d5f57cfc49db,TRANSACTED_WITH,0.59
P-f6c068ef16cd,P-2b12f8d04fd4,TRANSACTED_WITH,0.51
P-44a1b511abfe,P-7c7c7be5d08d,TRANSACTED_WITH,0.83
P-828cc0bc40c7,P-d0cc7a6aa82d,TRANSACTED_WITH,0.78
P-ad36d47f5e01,P-37a96872db72,TRANSACTED_WITH,0.79
P-1c6565e6ea97,P-b56820d7d66f,TRANSACTED_WITH,0.81
P-ccdec0470497,P-21530d13dafb,TRANSACTED_WITH,0.73
P-05a7b70cbc78,P-d60cde2a182a,TRANSACTED_WITH,0.46
P-daee1d86b56b,P-cff5c5634c01,TRANSACTED_WITH,0.81
P-09eb834a089f,P-4e988321253f,TRANSACTED_WITH,0.8
P-df7e4144d4cc,P-9cf1621d7db9,TRANSACTED_WITH,0.87
P-c2e0df5f0b12,P-55f0b93d70af,TRANSACTED_WITH,0.85
P-32ca96c607a3,P-9cc6aff1a8b6,TRANSACTED_WITH,0.56
P-51e91931267c,P-7e6bb293e360,TRANSACTED_WITH,0.63
P-e24617a15443,P-103e2aabd0b9,TRANSACTED_WITH,0.63
P-945da897aa7a,P-19e07bbfa701,TRANSACTED_WITH,0.45
P-4b98f1348bf3,P-c0724fb52de0,TRANSACTED_WITH,0.44
P-2a5b4b26283b,P-1bcb1a8c7f62,TRANSACTED_WITH,0.61
P-c84ffc79c0c1,P-6b20c0986f5f,TRANSACTED_WITH,0.56
P-1dfdc457af6d,P-72b160596b3e,TRANSACTED_WITH,0.79
P-daee1d86b56b,P-241166986f3d,TRANSACTED_WITH,0.53
P-559f1be39b0c,P-6bdd042a0390,TRANSACTED_WITH,0.58
P-eb3a01d02188,P-9633e2907b49,TRANSACTED_WITH,0.61
P-a393cce876d9,P-337f4090e0e7,TRANSACTED_WITH,0.46
P-cfd77e1da919,P-c249a4c2e54e,TRANSACTED_WITH,0.74
P-66cbb65b87ea,P-d98d8fbef406,TRANSACTED_WITH,0.7
P-287b233a71fd,P-e89392d129eb,TRANSACTED_WITH,0.6
P-b92c6215e440,P-7673af62dd6e,TRANSACTED_WITH,0.5
P-de636239c472,P-851b5364c41c,TRANSACTED_WITH,0.64
P-7835520c7d2e,P-281b984ca0b6,TRANSACTED_WITH,0.83
P-42bd14476881,P-801aa231ba51,TRANSACTED_WITH,0.63
P-ac367708a8b0,P-87747dfed7b6,TRANSACTED_WITH,0.48
P-03d201ef17a6,P-96bfdeeed7de,TRANSACTED_WITH,0.44
P-267667f110e1,P-9cc6aff1a8b6,TRANSACTED_WITH,0.4
P-2bbb1c5e8df9,P-d36d5d0095ac,TRANSACTED_WITH,0.44
P-d3692190105a,P-02d64b1fc01f,TRANSACTED_WITH,0.81
P-4eff2123a143,P-9fe7305f0198,TRANSACTED_WITH,0.44
P-df7e4144d4cc,P-0a51b511bf18,TRANSACTED_WITH,0.76
P-7e07247a5a85,P-87747dfed7b6,TRANSACTED_WITH,0.79
P-4290b3f3643d,P-a361c2bae47a,TRANSACTED_WITH,0.62
P-e18d76f4b822,P-f40bd4704f89,TRANSACTED_WITH,0.4
P-496af1185306,P-ec8ce7ec3086,TRANSACTED_WITH,0.67
P-278f4e708ac1,P-d5e44554bf8e,TRANSACTED_WITH,0.79
P-4a4f655d1cb5,P-c0724fb52de0,TRANSACTED_WITH,0.68
P-7330410c41a4,P-f1cdf48da315,TRANSACTED_WITH,0.46
P-279f479df5b0,P-e7eebe8cbdf6,TRANSACTED_WITH,0.6
P-76a611aa332e,P-d312641511b5,TRANSACTED_WITH,0.5
P-1b2c5cfacd8d,P-50f13c950380,TRANSACTED_WITH,0.5
P-4b7ca34e0eb2,P-2c22d6184d4e,TRANSACTED_WITH,0.52
P-c17c0ac5c7b9,P-3ef61d91fa3b,TRANSACTED_WITH,0.51
P-d6552e426bc6,P-bdc543643ef4,TRANSACTED_WITH,0.5
P-daee1d86b56b,P-0cabdd8fd8fe,TRANSACTED_WITH,0.52
P-bbf11148b811,P-daee1d86b56b,TRANSACTED_WITH,0.82
P-f3be53eda9bf,P-812e58b15113,TRANSACTED_WITH,0.81
P-24020be16c1d,P-2ef0458f9ffc,TRANSACTED_WITH,0.61
P-8309764839fe,P-98d0fa98dedb,TRANSACTED_WITH,0.88
P-cab6459b896d,P-45e887cbb659,TRANSACTED_WITH,0.55
P-c84ffc79c0c1,P-58634a625eb4,TRANSACTED_WITH,0.84
P-d0e0b8669f07,P-cd81e0d0e211,TRANSACTED_WITH,0.59
P-a19f00a9819a,P-2385fe80b4fc,TRANSACTED_WITH,0.56
P-983ef1c3fd3b,P-6d0977c50ecf,TRANSACTED_WITH,0.74
P-32ec1af212fc,P-c155f1b1e189,TRANSACTED_WITH,0.56
P-e1f63dd2a859,P-a9cf3a1827dc,TRANSACTED_WITH,0.5
P-374acb5db2cb,P-71b80059d18b,TRANSACTED_WITH,0.66
P-2345db902e03,P-85730bb6b0f3,TRANSACTED_WITH,0.42
P-bdc1f70890d1,P-051b5793718b,TRANSACTED_WITH,0.41
P-3e8064e8b5d3,P-37d0046fbcf0,TRANSACTED_WITH,0.86
P-b042d031b09f,P-21d8766ee444,TRANSACTED_WITH,0.69
P-4b672a8d595e,P-2df08e8184db,TRANSACTED_WITH,0.79
P-3a351233de9d,P-474b00899f06,TRANSACTED_WITH,0.43
P-1f67f48ff005,P-f9c7f56e781b,TRANSACTED_WITH,0.59
P-bf93d6865583,P-d8bcdf79f1b4,TRANSACTED_WITH,0.79
P-6448482fbed3,P-69cee843052c,TRANSACTED_WITH,0.88
P-34bf2026ef1a,P-1cf9fd90aff0,TRANSACTED_WITH,0.49
P-b3340fb8dafb,P-51e91931267c,TRANSACTED_WITH,0.41
P-33a87d6038cb,P-2d934bced1c7,TRANSACTED_WITH,0.55
P-d302b62a577b,P-f1cdf48da315,TRANSACTED_WITH,0.86
P-6b915d9ea709,P-8a97f4175b88,TRANSACTED_WITH,0.52
P-5a0d22d1b33f,P-46dfb174b7ad,TRANSACTED_WITH,0.61
P-8017fbca2ce9,P-86b058037d8b,TRANSACTED_WITH,0.77
P-590e19c238e0,P-857b654aa701,TRANSACTED_WITH,0.69
P-9deaf9eb4beb,P-1cc6ab79d3e4,TRANSACTED_WITH,0.76
P-06a9c4574c52,P-c249a4c2e54e,TRANSACTED_WITH,0.72
P-8757bac39ee0,P-4b5adb6f0fb8,TRANSACTED_WITH,0.87
P-383974e7e56c,P-6e92223cd829,TRANSACTED_WITH,0.77
P-0c1d5d863919,P-6366472120ca,TRANSACTED_WITH,0.4
P-66269a472c5a,P-337f4090e0e7,TRANSACTED_WITH,0.61
P-c3e178553751,P-adb3ab88e82d,TRANSACTED_WITH,0.43
P-45e887cbb659,P-8897987cc12d,TRANSACTED_WITH,0.86
P-60b8f8ec124f,P-0952790149e2,TRANSACTED_WITH,0.83
P-8919c91012f9,P-7311afade307,TRANSACTED_WITH,0.76
P-d4c65cbfc6c9,P-1c09e54175fe,TRANSACTED_WITH,0.47
P-1a652f7767ad,P-357993829e40,TRANSACTED_WITH,0.43
P-ea6a04d38adc,P-398b6dd4294b,TRANSACTED_WITH,0.59
P-375a9b4076e6,P-2f030afb4639,TRANSACTED_WITH,0.44
P-e9624433afba,P-1dcbf973659d,TRANSACTED_WITH,0.53
P-510a4eb992c2,P-e0327c6f2e67,TRANSACTED_WITH,0.64
P-bcc716c2e63b,P-a19724a634e0,TRANSACTED_WITH,0.83
P-234f603f8994,P-015a43886727,TRANSACTED_WITH,0.55
P-98ae5139160c,P-69e8caf8f1b6,TRANSACTED_WITH,0.41
P-32ec1af212fc,P-e18f4c60070f,TRANSACTED_WITH,0.76
P-2ab103e383d1,P-a23359516985,TRANSACTED_WITH,0.4
P-01fabd3971ec,P-60449715db6e,TRANSACTED_WITH,0.43
P-9eced924df1e,P-9cf1621d7db9,TRANSACTED_WITH,0.46
P-006a3c20c6c1,P-d2de1fbb53b7,TRANSACTED_WITH,0.62
P-20c2d5ed3b0a,P-d2de1fbb53b7,TRANSACTED_WITH,0.7
P-a1210a533fd4,P-42a75d2189a1,TRANSACTED_WITH,0.77
P-e09d1e72c749,P-2d23ecf4fb2b,TRANSACTED_WITH,0.56
P-80b18cbf0bbc,P-6c7868c66f7c,TRANSACTED_WITH,0.67
P-6e7857105747,P-e861227472c0,TRANSACTED_WITH,0.42
P-d356bc61f2dd,P-56b0fe878f67,TRANSACTED_WITH,0.84
P-41f5d294d1f6,P-5188eb22e4db,TRANSACTED_WITH,0.47
P-048b6c43b2c3,P-c6a6b38b19f2,TRANSACTED_WITH,0.59
P-e09d1e72c749,P-873532bad2fa,TRANSACTED_WITH,0.54
P-237e39bd79f3,P-58b661e464c8,TRANSACTED_WITH,0.76
P-1c6c1c56ebfa,P-a729f00f3afd,TRANSACTED_WITH,0.56
P-32812cd31ae2,P-33a87d6038cb,TRANSACTED_WITH,0.48
P-a070cc1a36e8,P-28d986c80f4b,TRANSACTED_WITH,0.48
P-91cc1ef758bd,P-e71758dae86c,TRANSACTED_WITH,0.72
P-0e160ad12588,P-974527a9ff70,TRANSACTED_WITH,0.47
P-2fe980c27ab3,P-d2b21a98e0f3,TRANSACTED_WITH,0.52
P-77cdc12c343c,P-46dfb174b7ad,TRANSACTED_WITH,0.4
P-3ad3ab478639,P-87ba9f97241a,TRANSACTED_WITH,0.8
P-8abfe9ed8f1b,P-e700cb2e83fa,TRANSACTED_WITH,0.49
P-0044adec2cb0,P-de139427e85b,TRANSACTED_WITH,0.71
P-1b192c936bce,P-4c8e99d5874a,TRANSACTED_WITH,0.43
P-de2df1425729,P-61f2cc7fc405,TRANSACTED_WITH,0.75
P-8a97f4175b88,P-c249a4c2e54e,TRANSACTED_WITH,0.61
P-98c6aeb2c7c0,P-6bb7068d20f2,TRANSACTED_WITH,0.66
P-29949387279b,P-e98977ec07fc,TRANSACTED_WITH,0.68
P-ddde5ee4f5f4,P-ccdec0470497,TRANSACTED_WITH,0.48
P-dab46ac40c2d,P-80b18cbf0bbc,TRANSACTED_WITH,0.74
P-5e289c80c1ae,P-9e4fcb89957c,TRANSACTED_WITH,0.63
P-bbf11148b811,P-03c1b819de04,TRANSACTED_WITH,0.66
P-a3d0baae354e,P-1b192c936bce,TRANSACTED_WITH,0.84
P-c3ccd65009dc,P-ceb3c74106b5,TRANSACTED_WITH,0.56
P-0e160ad12588,P-1b2c5cfacd8d,TRANSACTED_WITH,0.45
P-e5f1cd89b277,P-38d1acb198ef,TRANSACTED_WITH,0.48
P-7673af62dd6e,P-01a8bdc4c3af,TRANSACTED_WITH,0.66
P-8897987cc12d,P-869611bc449d,TRANSACTED_WITH,0.72
P-012ec78c99ea,P-d36d5d0095ac,TRANSACTED_WITH,0.53
P-f4f082e42561,P-851b5364c41c,TRANSACTED_WITH,0.84
P-33a87d6038cb,P-dbdfe56e5820,TRANSACTED_WITH,0.6
P-0243407bb130,P-86b058037d8b,TRANSACTED_WITH,0.74
P-e8bacde0d437,P-337f4090e0e7,TRANSACTED_WITH,0.42
P-33d20a53618d,P-8d08ffaf51d1,TRANSACTED_WITH,0.51
P-c9e669dc29d0,P-fa26728c39e4,TRANSACTED_WITH,0.57
P-1cc6ab79d3e4,P-c75bb5a4b5ad,TRANSACTED_WITH,0.52
P-e024e54d45b2,P-0cb9aeb54f19,TRANSACTED_WITH,0.64
P-2d934bced1c7,P-58b661e464c8,TRANSACTED_WITH,0.52
P-2695fb7f6493,P-5e481ce25efd,TRANSACTED_WITH,0.57
P-873532bad2fa,P-5f1826f675b6,TRANSACTED_WITH,0.62
P-d44fe048fdbc,P-bcfa87506255,TRANSACTED_WITH,0.66
P-1ee9398e4fd2,P-393fc1a8423b,TRANSACTED_WITH,0.71
P-02b363fe98ee,P-152339bbe697,TRANSACTED_WITH,0.63
P-7081ee251913,P-43cc4bf9e3ca,TRANSACTED_WITH,0.68
P-86b058037d8b,P-c2f50f2d7870,TRANSACTED_WITH,0.85
P-24abf16e769e,P-b52e25a4a91c,TRANSACTED_WITH,0.66
P-f34e9aeec3dd,P-ee5fe2c7527a,TRANSACTED_WITH,0.59
P-f3be53eda9bf,P-4019da299252,TRANSACTED_WITH,0.85
P-5af64377237a,P-398b6dd4294b,TRANSACTED_WITH,0.58
P-3b0632c43700,P-2a5915a1d8aa,TRANSACTED_WITH,0.8
P-cd81e0d0e211,P-91b68f25f378,TRANSACTED_WITH,0.58
P-de139427e85b,P-91b68f25f378,TRANSACTED_WITH,0.67
P-efb17d88fb3c,P-32ec1af212fc,TRANSACTED_WITH,0.43
P-1de44c91a50c,P-338a8ce7110f,TRANSACTED_WITH,0.71
P-e3a96667d8c5,P-3d669ecd4eb5,TRANSACTED_WITH,0.87
P-342e6076449b,P-958430b49b45,TRANSACTED_WITH,0.74
P-c6e334ec945b,P-2d934bced1c7,TRANSACTED_WITH,0.55
P-6e33495ed5cd,P-058666ee5209,TRANSACTED_WITH,0.49
P-2ab103e383d1,P-5eec20af2771,TRANSACTED_WITH,0.61
P-58aa7e6cda42,P-fbcf8349a85e,TRANSACTED_WITH,0.86
P-0940d37b4fdf,P-3f2a271ced42,TRANSACTED_WITH,0.47
P-1bc15dd2afe4,P-d59086b107ce,TRANSACTED_WITH,0.53
P-f3be53eda9bf,P-b042d031b09f,TRANSACTED_WITH,0.86
P-56d1d4aabad4,P-f2a313201f7b,TRANSACTED_WITH,0.76
P-2187224c3c19,P-eadaef5037dd,TRANSACTED_WITH,0.52
P-1b2c5cfacd8d,P-de2df1425729,TRANSACTED_WITH,0.72
P-4c23df8ae00d,P-974dd806a98f,TRANSACTED_WITH,0.51
P-115abcf63e0c,P-8fca176b7773,TRANSACTED_WITH,0.75
P-f3fa534197e9,P-b22b526cf75b,TRANSACTED_WITH,0.83
P-a5d9fcdafb15,P-52a16feddd6a,TRANSACTED_WITH,0.51
P-f1a0898ba980,P-f2a313201f7b,TRANSACTED_WITH,0.79
P-fdbb60287f71,P-fddb7891e331,TRANSACTED_WITH,0.81
P-ea52f949de5d,P-511d061cf0db,TRANSACTED_WITH,0.58
P-c300f75c0c6e,P-c15940494fb1,TRANSACTED_WITH,0.77
P-9e60476116df,P-99f16c71f8e6,TRANSACTED_WITH,0.64
P-6bb77b977b9c,P-7b23e5943257,TRANSACTED_WITH,0.74
P-c300f75c0c6e,P-d0e0b8669f07,TRANSACTED_WITH,0.77
P-b3340fb8dafb,P-863047e50610,TRANSACTED_WITH,0.57
P-e4fd01ca7d3d,P-f19edea1b95c,TRANSACTED_WITH,0.63
P-fa905581114f,P-3d8506b1b461,TRANSACTED_WITH,0.85
P-56d1d4aabad4,P-460e93f879e8,TRANSACTED_WITH,0.86
P-3dc57f1f3c8f,P-7417573aa05e,TRANSACTED_WITH,0.46
P-01a8bdc4c3af,P-23a6b01cfecb,TRANSACTED_WITH,0.41
P-d5e44554bf8e,P-1c09e54175fe,TRANSACTED_WITH,0.84
P-3a7b400ee6b3,P-36354a25c33a,TRANSACTED_WITH,0.44
P-4df497db07e2,P-d3f7f615f6a5,TRANSACTED_WITH,0.47
P-a83ed4be3dac,P-bcef15106936,TRANSACTED_WITH,0.58
P-db09903e849f,P-1ae68c482f3e,TRANSACTED_WITH,0.45
P-7a9d537f5878,P-c29777a38aea,TRANSACTED_WITH,0.82
P-9953c7829f54,P-b66d356ba311,TRANSACTED_WITH,0.77
P-0ac52a59eaf5,P-8444041f0ddc,TRANSACTED_WITH,0.58
P-02614b46b477,P-2302dab0c6f1,TRANSACTED_WITH,0.88
P-3f8234aec406,P-76c3739ac2f6,TRANSACTED_WITH,0.68
P-a9d7d8986f27,P-c2b03c495315,TRANSACTED_WITH,0.79
P-081c44aa6d3c,P-460e93f879e8,TRANSACTED_WITH,0.5
P-e18d76f4b822,P-c8c1b6870df4,TRANSACTED_WITH,0.51
P-4b7ca34e0eb2,P-f71409eea33e,TRANSACTED_WITH,0.86
P-494a1c5118e4,P-048b6c43b2c3,TRANSACTED_WITH,0.66
P-4c57c767bcf1,P-578191dc1d20,TRANSACTED_WITH,0.85
P-8717a8784075,P-8aaf2639fb58,TRANSACTED_WITH,0.85
P-e1f63dd2a859,P-16469cffce12,TRANSACTED_WITH,0.84
P-3b0632c43700,P-42bd14476881,TRANSACTED_WITH,0.5
P-6d0977c50ecf,P-97c550546360,TRANSACTED_WITH,0.61
P-5e23efffd26b,P-ded4b57b3f78,TRANSACTED_WITH,0.53
P-a19724a634e0,P-3b0529f864d8,TRANSACTED_WITH,0.42
P-29d9c0db946e,P-8e43465990ae,TRANSACTED_WITH,0.85
P-0c1363206540,P-a4aadfad2e2e,TRANSACTED_WITH,0.78
P-eca5f689c6ea,P-42af9409786e,TRANSACTED_WITH,0.83
P-21d8766ee444,P-2b3f16dc0859,TRANSACTED_WITH,0.61
P-974dd806a98f,P-a518194b4568,TRANSACTED_WITH,0.49
P-817232aeb29b,P-d171603a4e63,TRANSACTED_WITH,0.71
P-c17c0ac5c7b9,P-6023607f70de,TRANSACTED_WITH,0.79
P-6448482fbed3,P-97fcd6b630c7,TRANSACTED_WITH,0.85
P-16469cffce12,P-8a9077678422,TRANSACTED_WITH,0.41
P-812100a983bf,P-85ad62ead700,TRANSACTED_WITH,0.43
P-1c4d2cce8a04,P-24f86cf5cbc3,TRANSACTED_WITH,0.81
P-54d0f4a7e35d,P-f1ec1aa3fe6b,TRANSACTED_WITH,0.69
P-79be644a4ee7,P-f3c439562075,TRANSACTED_WITH,0.77
P-3cf8c0530814,P-1551ab86344f,TRANSACTED_WITH,0.79
P-522419c92d5d,P-8aa1316150cc,TRANSACTED_WITH,0.84
P-06536c6c0d69,P-ea79bc25d379,TRANSACTED_WITH,0.7
P-9c349940011c,P-256d7c692e0c,TRANSACTED_WITH,0.77
P-f9c7f56e781b,P-de2df1425729,TRANSACTED_WITH,0.68
P-44db6a2bca07,P-67830022d951,TRANSACTED_WITH,0.57
P-6a9471d1b513,P-2b0f063d3a80,TRANSACTED_WITH,0.8
P-33a87d6038cb,P-033262ffa1d8,TRANSACTED_WITH,0.47
P-47869bae0ca3,P-cdc25a852414,TRANSACTED_WITH,0.74
P-6deabef1e39e,P-3b7c689a763e,TRANSACTED_WITH,0.54
P-22646f204307,P-2c3207834758,TRANSACTED_WITH,0.51
P-7e07247a5a85,P-4be8d84263b0,TRANSACTED_WITH,0.64
P-7e6bb293e360,P-4d716e26ad6b,TRANSACTED_WITH,0.44
P-e0c1b254fa95,P-a046b2a10643,TRANSACTED_WITH,0.65
P-7aaf2da5a255,P-94a4b870478f,TRANSACTED_WITH,0.77
P-03c1b819de04,P-91d9170380e7,TRANSACTED_WITH,0.42
P-b8bb35b1d9eb,P-efaeb7bbc2ce,TRANSACTED_WITH,0.59
P-6c7f34e5e43c,P-b658d82e92bf,TRANSACTED_WITH,0.83
P-7c7c7be5d08d,P-646e6fba7037,TRANSACTED_WITH,0.86
P-86e67a464eb4,P-d312641511b5,TRANSACTED_WITH,0.84
P-1551ab86344f,P-03d201ef17a6,TRANSACTED_WITH,0.77
P-4a5013efefd0,P-31cf9078c8de,TRANSACTED_WITH,0.76
P-1febbb4dc510,P-47557647688e,TRANSACTED_WITH,0.87
P-5b670c6bb2d3,P-33d04a61dd0e,TRANSACTED_WITH,0.7
P-0dbc12afeb09,P-ed002cb37332,TRANSACTED_WITH,0.88
P-404f86b96af3,P-115abcf63e0c,TRANSACTED_WITH,0.74
P-c1eadacf90af,P-47fc7c9781e1,TRANSACTED_WITH,0.49
P-9bfd8a1131f7,P-d2b21a98e0f3,TRANSACTED_WITH,0.58
P-1ad61a4e3c8c,P-e795ebbc05b0,TRANSACTED_WITH,0.58
P-e0c1b254fa95,P-0dbfed0d9748,TRANSACTED_WITH,0.8
P-ed0034b44729,P-9736409d6c1c,TRANSACTED_WITH,0.43
P-6d1bcc1c7fe8,P-abd48f2351a2,TRANSACTED_WITH,0.53
P-e53b36b9af40,P-84d4b68ca18c,TRANSACTED_WITH,0.45
P-9ee0bc74159a,P-ec7a5f42d21d,TRANSACTED_WITH,0.51
P-0d536f5618b4,P-f2a313201f7b,TRANSACTED_WITH,0.71
P-3625d225b50a,P-ae4ee103c690,TRANSACTED_WITH,0.51
P-be8d0cf94187,P-6d38b2266917,TRANSACTED_WITH,0.64
P-338a8ce7110f,P-343c7feda951,TRANSACTED_WITH,0.67
P-c300f75c0c6e,P-778535b379d7,TRANSACTED_WITH,0.43
P-578191dc1d20,P-9953c7829f54,TRANSACTED_WITH,0.57
P-3332d8365735,P-20426c9da319,TRANSACTED_WITH,0.85
P-e23a400223dc,P-014cd3e38614,TRANSACTED_WITH,0.61
P-b0ae13358122,P-40fb11d3e81a,TRANSACTED_WITH,0.67
P-7835520c7d2e,P-bfff9e338578,TRANSACTED_WITH,0.61
P-535cfe16b1c2,P-c8470533724a,TRANSACTED_WITH,0.75
P-b06c9c2c8119,P-9eced924df1e,TRANSACTED_WITH,0.62
P-29d9c0db946e,P-d44149b13aa1,TRANSACTED_WITH,0.63
P-9c7648608b6b,P-50f13c950380,TRANSACTED_WITH,0.52
P-91ccbcac9853,P-f16265b9cbf1,TRANSACTED_WITH,0.41
P-75cad8349686,P-41c533e9a710,TRANSACTED_WITH,0.47
P-b5000344dcad,P-53bfd4e928f3,TRANSACTED_WITH,0.44
P-c27ac0ce2678,P-4c23df8ae00d,TRANSACTED_WITH,0.83
P-fa46eff8ca4e,P-ad76c32cec4a,TRANSACTED_WITH,0.67
P-21530d13dafb,P-1bcd2ea1e800,TRANSACTED_WITH,0.5
P-6858b21ba93c,P-e3a7506c6ad2,TRANSACTED_WITH,0.51
